Using launch settings from src\BillEasePro.Api\Properties\launchSettings.json...
Building...
C:\Dev\Billing Sw\src\BillEasePro.Application\BillEasePro.Application.csproj : warning NU1903: Package 'AutoMapper' 15.0.1 has a known high severity vulnerability, https://github.com/advisories/GHSA-rvv3-g6hj-g44x [C:\Dev\Billing Sw\src\BillEasePro.Api\BillEasePro.Api.csproj]
C:\Dev\Billing Sw\src\BillEasePro.Application\BillEasePro.Application.csproj : warning NU1903: Package 'AutoMapper' 15.0.1 has a known high severity vulnerability, https://github.com/advisories/GHSA-rvv3-g6hj-g44x
[19:28:14 INF] User profile is available. Using 'C:\Users\chand\AppData\Local\ASP.NET\DataProtection-Keys' as key repository and Windows DPAPI to encrypt keys at rest.
[19:28:14 INF] Now listening on: https://localhost:7264
[19:28:14 INF] Now listening on: http://localhost:5244
[19:28:14 INF] Application started. Press Ctrl+C to shut down.
[19:28:14 INF] Hosting environment: Development
[19:28:14 INF] Content root path: C:\Dev\Billing Sw\src\BillEasePro.Api
[19:28:29 INF] Request starting HTTP/1.1 POST http://localhost:5244/api/v1/auth/login - application/json 104
[19:28:29 INF] Executing endpoint 'BillEasePro.Api.Controllers.AuthController.Login (BillEasePro.Api)'
[19:28:29 INF] Route matched with {action = "Login", controller = "Auth"}. Executing controller action with signature System.Threading.Tasks.Task`1[BillEasePro.Application.Dtos.AuthResponse] Login(BillEasePro.Application.Dtos.LoginRequest, System.Threading.CancellationToken) on controller BillEasePro.Api.Controllers.AuthController (BillEasePro.Api).
[19:28:29 WRN] You do not have a valid license key for the Lucky Penny software AutoMapper. This is allowed for development and testing scenarios. If you are running in production you are required to have a licensed version. Please visit https://luckypennysoftware.com to obtain a valid license.
[19:28:32 INF] Executed DbCommand (72ms) [Parameters=[@__email_0='?' (Size = 180)], CommandType='Text', CommandTimeout='30']
SELECT TOP(1) [a].[Id], [a].[AddressLine1], [a].[City], [a].[Country], [a].[CreatedAt], [a].[CreatedBy], [a].[DateOfBirth], [a].[DeletedAt], [a].[DeletedBy], [a].[Email], [a].[EmailVerified], [a].[FailedLoginAttempts], [a].[FullName], [a].[Gender], [a].[IsActive], [a].[IsDeleted], [a].[LastLoginAt], [a].[LockoutEnd], [a].[PasswordHash], [a].[Phone], [a].[PhoneVerified], [a].[Pincode], [a].[Role], [a].[ShopId], [a].[State], [a].[TwoFactorEnabled], [a].[TwoFactorSecret], [a].[UpdatedAt], [a].[UpdatedBy], [t].[Id], [t].[AddressLine1], [t].[AddressLine2], [t].[City], [t].[Country], [t].[CreatedAt], [t].[CreatedBy], [t].[CurrencyCode], [t].[DeletedAt], [t].[DeletedBy], [t].[Email], [t].[IndustryType], [t].[IsDeleted], [t].[LegalName], [t].[LogoUrl], [t].[Name], [t].[Phone], [t].[PostalCode], [t].[State], [t].[TaxRegime], [t].[TaxRegistrationNumber], [t].[UpdatedAt], [t].[UpdatedBy]
FROM [AppUsers] AS [a]
INNER JOIN (
    SELECT [s].[Id], [s].[AddressLine1], [s].[AddressLine2], [s].[City], [s].[Country], [s].[CreatedAt], [s].[CreatedBy], [s].[CurrencyCode], [s].[DeletedAt], [s].[DeletedBy], [s].[Email], [s].[IndustryType], [s].[IsDeleted], [s].[LegalName], [s].[LogoUrl], [s].[Name], [s].[Phone], [s].[PostalCode], [s].[State], [s].[TaxRegime], [s].[TaxRegistrationNumber], [s].[UpdatedAt], [s].[UpdatedBy]
    FROM [Shops] AS [s]
    WHERE [s].[IsDeleted] = CAST(0 AS bit)
) AS [t] ON [a].[ShopId] = [t].[Id]
WHERE [a].[IsDeleted] = CAST(0 AS bit) AND [a].[Email] = @__email_0
[19:28:32 INF] Executed DbCommand (30ms) [Parameters=[@p3='?' (DbType = Guid), @p0='?' (DbType = DateTimeOffset), @p1='?' (DbType = DateTimeOffset), @p2='?' (Size = 4000), @p4='?' (DbType = Guid), @p5='?' (DbType = Guid), @p6='?' (DbType = DateTimeOffset), @p7='?' (Size = 4000), @p8='?' (Size = 4000), @p9='?' (DbType = DateTimeOffset), @p10='?' (Size = 4000), @p11='?' (DbType = DateTimeOffset), @p12='?' (DbType = Boolean), @p13='?' (DbType = Boolean), @p14='?' (Size = 4000), @p15='?' (DbType = DateTimeOffset), @p16='?' (Size = 450), @p17='?' (DbType = DateTimeOffset), @p18='?' (Size = 4000), @p19='?' (Size = 4000)], CommandType='Text', CommandTimeout='30']
SET NOCOUNT ON;
UPDATE [AppUsers] SET [LastLoginAt] = @p0, [UpdatedAt] = @p1, [UpdatedBy] = @p2
OUTPUT 1
WHERE [Id] = @p3;
INSERT INTO [RefreshTokens] ([Id], [AppUserId], [CreatedAt], [CreatedBy], [CreatedByIp], [DeletedAt], [DeletedBy], [ExpiresAt], [IsDeleted], [IsRemembered], [ReplacedByTokenHash], [RevokedAt], [TokenHash], [UpdatedAt], [UpdatedBy], [UserAgent])
VALUES (@p4, @p5, @p6, @p7, @p8, @p9, @p10, @p11, @p12, @p13, @p14, @p15, @p16, @p17, @p18, @p19);
[19:28:32 INF] Executing ObjectResult, writing value of type 'BillEasePro.Application.Dtos.AuthResponse'.
[19:28:32 INF] Executed action BillEasePro.Api.Controllers.AuthController.Login (BillEasePro.Api) in 3259.0049ms
[19:28:32 INF] Executed endpoint 'BillEasePro.Api.Controllers.AuthController.Login (BillEasePro.Api)'
[19:28:32 INF] HTTP POST /api/v1/auth/login responded 200 in 3331.5407 ms
[19:28:32 INF] Request finished HTTP/1.1 POST http://localhost:5244/api/v1/auth/login - 200 null application/json; charset=utf-8 3392.4318ms
[19:30:09 INF] Request starting HTTP/2 GET https://localhost:7264/swagger - null null
[19:30:09 INF] HTTP GET /swagger responded 301 in 8.9314 ms
[19:30:09 INF] Request finished HTTP/2 GET https://localhost:7264/swagger - 301 0 null 12.4031ms
[19:30:09 INF] Request starting HTTP/2 GET https://localhost:7264/swagger/index.html - null null
[19:30:09 INF] HTTP GET /swagger/index.html responded 200 in 91.5439 ms
[19:30:09 INF] Request finished HTTP/2 GET https://localhost:7264/swagger/index.html - 200 null text/html;charset=utf-8 93.0935ms
[19:30:09 INF] Request starting HTTP/2 GET https://localhost:7264/swagger/swagger-ui.css - null null
[19:30:09 INF] Request starting HTTP/2 GET https://localhost:7264/swagger/swagger-ui-bundle.js - null null
[19:30:09 INF] Request starting HTTP/2 GET https://localhost:7264/swagger/swagger-ui-standalone-preset.js - null null
[19:30:09 INF] Sending file. Request path: '/swagger-ui.css'. Physical path: 'N/A'
[19:30:09 INF] Sending file. Request path: '/swagger-ui-standalone-preset.js'. Physical path: 'N/A'
[19:30:09 INF] HTTP GET /swagger/swagger-ui.css responded 200 in 85.7809 ms
[19:30:09 INF] HTTP GET /swagger/swagger-ui-standalone-preset.js responded 200 in 86.3748 ms
[19:30:09 INF] Request finished HTTP/2 GET https://localhost:7264/swagger/swagger-ui.css - 200 152034 text/css 88.3278ms
[19:30:09 INF] Request finished HTTP/2 GET https://localhost:7264/swagger/swagger-ui-standalone-preset.js - 200 230280 text/javascript 88.5408ms
[19:30:09 INF] Sending file. Request path: '/swagger-ui-bundle.js'. Physical path: 'N/A'
[19:30:09 INF] HTTP GET /swagger/swagger-ui-bundle.js responded 200 in 135.7583 ms
[19:30:09 INF] Request finished HTTP/2 GET https://localhost:7264/swagger/swagger-ui-bundle.js - 200 1456926 text/javascript 137.8381ms
[19:30:10 INF] Request starting HTTP/2 GET https://localhost:7264/swagger/favicon-32x32.png - null null
[19:30:10 INF] Sending file. Request path: '/favicon-32x32.png'. Physical path: 'N/A'
[19:30:10 INF] HTTP GET /swagger/favicon-32x32.png responded 200 in 1.6168 ms
[19:30:10 INF] Request finished HTTP/2 GET https://localhost:7264/swagger/favicon-32x32.png - 200 628 image/png 3.2547ms
[19:30:37 INF] Request starting HTTP/1.1 GET http://localhost:5244/swagger - null null
[19:30:37 INF] HTTP GET /swagger responded 301 in 0.4274 ms
[19:30:37 INF] Request finished HTTP/1.1 GET http://localhost:5244/swagger - 301 0 null 5.9902ms
[19:30:37 INF] Request starting HTTP/1.1 GET http://localhost:5244/swagger/index.html - null null
[19:30:37 INF] HTTP GET /swagger/index.html responded 200 in 1.5067 ms
[19:30:37 INF] Request finished HTTP/1.1 GET http://localhost:5244/swagger/index.html - 200 null text/html;charset=utf-8 2.7383ms
[19:30:37 INF] Request starting HTTP/1.1 GET http://localhost:5244/swagger/swagger-ui.css - null null
[19:30:37 INF] Request starting HTTP/1.1 GET http://localhost:5244/swagger/swagger-ui-bundle.js - null null
[19:30:38 INF] Sending file. Request path: '/swagger-ui.css'. Physical path: 'N/A'
[19:30:38 INF] HTTP GET /swagger/swagger-ui.css responded 200 in 5.9571 ms
[19:30:38 INF] Request starting HTTP/1.1 GET http://localhost:5244/swagger/swagger-ui-standalone-preset.js - null null
[19:30:38 INF] Request finished HTTP/1.1 GET http://localhost:5244/swagger/swagger-ui.css - 200 152034 text/css 8.0085ms
[19:30:38 INF] Sending file. Request path: '/swagger-ui-standalone-preset.js'. Physical path: 'N/A'
[19:30:38 INF] HTTP GET /swagger/swagger-ui-standalone-preset.js responded 200 in 3.9917 ms
[19:30:38 INF] Request finished HTTP/1.1 GET http://localhost:5244/swagger/swagger-ui-standalone-preset.js - 200 230280 text/javascript 5.2372ms
[19:30:38 INF] Sending file. Request path: '/swagger-ui-bundle.js'. Physical path: 'N/A'
[19:30:38 INF] HTTP GET /swagger/swagger-ui-bundle.js responded 200 in 21.5836 ms
[19:30:38 INF] Request finished HTTP/1.1 GET http://localhost:5244/swagger/swagger-ui-bundle.js - 200 1456926 text/javascript 27.7668ms
[19:30:38 INF] Request starting HTTP/1.1 GET http://localhost:5244/swagger/favicon-32x32.png - null null
[19:30:38 INF] Sending file. Request path: '/favicon-32x32.png'. Physical path: 'N/A'
[19:30:38 INF] HTTP GET /swagger/favicon-32x32.png responded 200 in 0.9872 ms
[19:30:38 INF] Request finished HTTP/1.1 GET http://localhost:5244/swagger/favicon-32x32.png - 200 628 image/png 2.4286ms
[19:31:20 INF] Request starting HTTP/1.1 OPTIONS http://localhost:5244/api/v1/auth/login - null null
[19:31:20 INF] CORS policy execution successful.
[19:31:20 INF] HTTP OPTIONS /api/v1/auth/login responded 204 in 10.3910 ms
[19:31:20 INF] Request finished HTTP/1.1 OPTIONS http://localhost:5244/api/v1/auth/login - 204 null null 33.2441ms
[19:31:20 INF] Request starting HTTP/1.1 POST http://localhost:5244/api/v1/auth/login - application/json 104
[19:31:20 INF] CORS policy execution successful.
[19:31:20 INF] Executing endpoint 'BillEasePro.Api.Controllers.AuthController.Login (BillEasePro.Api)'
[19:31:20 INF] Route matched with {action = "Login", controller = "Auth"}. Executing controller action with signature System.Threading.Tasks.Task`1[BillEasePro.Application.Dtos.AuthResponse] Login(BillEasePro.Application.Dtos.LoginRequest, System.Threading.CancellationToken) on controller BillEasePro.Api.Controllers.AuthController (BillEasePro.Api).
[19:31:20 INF] Executed DbCommand (20ms) [Parameters=[@__email_0='?' (Size = 180)], CommandType='Text', CommandTimeout='30']
SELECT TOP(1) [a].[Id], [a].[AddressLine1], [a].[City], [a].[Country], [a].[CreatedAt], [a].[CreatedBy], [a].[DateOfBirth], [a].[DeletedAt], [a].[DeletedBy], [a].[Email], [a].[EmailVerified], [a].[FailedLoginAttempts], [a].[FullName], [a].[Gender], [a].[IsActive], [a].[IsDeleted], [a].[LastLoginAt], [a].[LockoutEnd], [a].[PasswordHash], [a].[Phone], [a].[PhoneVerified], [a].[Pincode], [a].[Role], [a].[ShopId], [a].[State], [a].[TwoFactorEnabled], [a].[TwoFactorSecret], [a].[UpdatedAt], [a].[UpdatedBy], [t].[Id], [t].[AddressLine1], [t].[AddressLine2], [t].[City], [t].[Country], [t].[CreatedAt], [t].[CreatedBy], [t].[CurrencyCode], [t].[DeletedAt], [t].[DeletedBy], [t].[Email], [t].[IndustryType], [t].[IsDeleted], [t].[LegalName], [t].[LogoUrl], [t].[Name], [t].[Phone], [t].[PostalCode], [t].[State], [t].[TaxRegime], [t].[TaxRegistrationNumber], [t].[UpdatedAt], [t].[UpdatedBy]
FROM [AppUsers] AS [a]
INNER JOIN (
    SELECT [s].[Id], [s].[AddressLine1], [s].[AddressLine2], [s].[City], [s].[Country], [s].[CreatedAt], [s].[CreatedBy], [s].[CurrencyCode], [s].[DeletedAt], [s].[DeletedBy], [s].[Email], [s].[IndustryType], [s].[IsDeleted], [s].[LegalName], [s].[LogoUrl], [s].[Name], [s].[Phone], [s].[PostalCode], [s].[State], [s].[TaxRegime], [s].[TaxRegistrationNumber], [s].[UpdatedAt], [s].[UpdatedBy]
    FROM [Shops] AS [s]
    WHERE [s].[IsDeleted] = CAST(0 AS bit)
) AS [t] ON [a].[ShopId] = [t].[Id]
WHERE [a].[IsDeleted] = CAST(0 AS bit) AND [a].[Email] = @__email_0
[19:31:20 INF] Executed DbCommand (10ms) [Parameters=[@p2='?' (DbType = Guid), @p0='?' (DbType = DateTimeOffset), @p1='?' (DbType = DateTimeOffset), @p3='?' (DbType = Guid), @p4='?' (DbType = Guid), @p5='?' (DbType = DateTimeOffset), @p6='?' (Size = 4000), @p7='?' (Size = 4000), @p8='?' (DbType = DateTimeOffset), @p9='?' (Size = 4000), @p10='?' (DbType = DateTimeOffset), @p11='?' (DbType = Boolean), @p12='?' (DbType = Boolean), @p13='?' (Size = 4000), @p14='?' (DbType = DateTimeOffset), @p15='?' (Size = 450), @p16='?' (DbType = DateTimeOffset), @p17='?' (Size = 4000), @p18='?' (Size = 4000)], CommandType='Text', CommandTimeout='30']
SET NOCOUNT ON;
UPDATE [AppUsers] SET [LastLoginAt] = @p0, [UpdatedAt] = @p1
OUTPUT 1
WHERE [Id] = @p2;
INSERT INTO [RefreshTokens] ([Id], [AppUserId], [CreatedAt], [CreatedBy], [CreatedByIp], [DeletedAt], [DeletedBy], [ExpiresAt], [IsDeleted], [IsRemembered], [ReplacedByTokenHash], [RevokedAt], [TokenHash], [UpdatedAt], [UpdatedBy], [UserAgent])
VALUES (@p3, @p4, @p5, @p6, @p7, @p8, @p9, @p10, @p11, @p12, @p13, @p14, @p15, @p16, @p17, @p18);
[19:31:20 INF] Executing ObjectResult, writing value of type 'BillEasePro.Application.Dtos.AuthResponse'.
[19:31:20 INF] Executed action BillEasePro.Api.Controllers.AuthController.Login (BillEasePro.Api) in 398.2691ms
[19:31:20 INF] Executed endpoint 'BillEasePro.Api.Controllers.AuthController.Login (BillEasePro.Api)'
[19:31:20 INF] HTTP POST /api/v1/auth/login responded 200 in 406.8090 ms
[19:31:20 INF] Request finished HTTP/1.1 POST http://localhost:5244/api/v1/auth/login - 200 null application/json; charset=utf-8 408.9458ms
[19:31:21 INF] Request starting HTTP/1.1 OPTIONS http://localhost:5244/api/v1/reports/dashboard?shopId=10000000-0000-0000-0000-000000000001 - null null
[19:31:21 INF] CORS policy execution successful.
[19:31:21 INF] HTTP OPTIONS /api/v1/reports/dashboard responded 204 in 1.3043 ms
[19:31:21 INF] Request finished HTTP/1.1 OPTIONS http://localhost:5244/api/v1/reports/dashboard?shopId=10000000-0000-0000-0000-000000000001 - 204 null null 15.8194ms
[19:31:21 INF] Request starting HTTP/1.1 GET http://localhost:5244/api/v1/reports/dashboard?shopId=10000000-0000-0000-0000-000000000001 - null null
[19:31:21 INF] CORS policy execution successful.
[19:31:21 INF] Executing endpoint 'BillEasePro.Api.Controllers.ReportsController.Dashboard (BillEasePro.Api)'
[19:31:21 INF] Route matched with {action = "Dashboard", controller = "Reports"}. Executing controller action with signature System.Threading.Tasks.Task`1[BillEasePro.Application.Dtos.AnalyticsDashboardDto] Dashboard(System.Guid, System.Threading.CancellationToken) on controller BillEasePro.Api.Controllers.ReportsController (BillEasePro.Api).
[19:31:21 WRN] Compiling a query which loads related collections for more than one collection navigation, either via 'Include' or through projection, but no 'QuerySplittingBehavior' has been configured. By default, Entity Framework will use 'QuerySplittingBehavior.SingleQuery', which can potentially result in slow query performance. See https://go.microsoft.com/fwlink/?linkid=2134277 for more information. To identify the query that's triggering this warning call 'ConfigureWarnings(w => w.Throw(RelationalEventId.MultipleCollectionIncludeWarning))'.
[19:31:21 INF] Executed DbCommand (122ms) [Parameters=[@__request_ShopId_0='?' (DbType = Guid), @__p_1='?' (DbType = DateTimeOffset)], CommandType='Text', CommandTimeout='30']
SELECT [s].[Id], [s].[BillDiscountAmount], [s].[BillDiscountType], [s].[BillDiscountValue], [s].[CouponCode], [s].[CouponDiscountAmount], [s].[CreatedAt], [s].[CreatedBy], [s].[CustomerId], [s].[DeletedAt], [s].[DeletedBy], [s].[DiscountTotal], [s].[GrandTotal], [s].[InvoiceDate], [s].[InvoiceNumber], [s].[IsDeleted], [s].[ItemDiscountTotal], [s].[Notes], [s].[PaymentStatus], [s].[RoundOff], [s].[ShopId], [s].[Status], [s].[SubTotal], [s].[TaxTotal], [s].[TaxableAmount], [s].[UpdatedAt], [s].[UpdatedBy], [t].[Id], [t].[BillingAddress], [t].[CreatedAt], [t].[CreatedBy], [t].[CreditLimit], [t].[DeletedAt], [t].[DeletedBy], [t].[Email], [t].[IsDeleted], [t].[IsWalkIn], [t].[LoyaltyPoints], [t].[Name], [t].[OutstandingBalance], [t].[Phone], [t].[ShopId], [t].[TaxRegistrationNumber], [t].[UpdatedAt], [t].[UpdatedBy], [t1].[Id], [t1].[CreatedAt], [t1].[CreatedBy], [t1].[DeletedAt], [t1].[DeletedBy], [t1].[Description], [t1].[DiscountAmount], [t1].[IsDeleted], [t1].[LineTotal], [t1].[ProductId], [t1].[ProductVariantId], [t1].[Quantity], [t1].[SalesInvoiceId], [t1].[TaxAmount], [t1].[TaxRate], [t1].[UnitPrice], [t1].[UpdatedAt], [t1].[UpdatedBy], [t1].[Id0], [t1].[Barcode], [t1].[BatchTracking], [t1].[Brand], [t1].[CategoryId], [t1].[Composition], [t1].[CostPrice], [t1].[CreatedAt0], [t1].[CreatedBy0], [t1].[DeletedAt0], [t1].[DeletedBy0], [t1].[ExpiryTracking], [t1].[FoodType], [t1].[HsnSacCode], [t1].[ImageUrl], [t1].[IsActive], [t1].[IsDeleted0], [t1].[IsFeatured], [t1].[IsStockTracked], [t1].[IsTaxInclusive], [t1].[LowStockThreshold], [t1].[Manufacturer], [t1].[MaxDiscountPercent], [t1].[MaxStockThreshold], [t1].[Mrp], [t1].[Name], [t1].[PortionSize], [t1].[PreparationTimeMinutes], [t1].[RecipeCost], [t1].[ReorderQuantity], [t1].[RequiresPrescription], [t1].[SellingPrice], [t1].[ShopId], [t1].[Sku], [t1].[SubCategory], [t1].[TaxSlabId], [t1].[UnitOfMeasureId], [t1].[UpdatedAt0], [t1].[UpdatedBy0], [t1].[WholesalePrice], [t1].[Id1], [t1].[ColorHex], [t1].[CreatedAt1], [t1].[CreatedBy1], [t1].[DeletedAt1], [t1].[DeletedBy1], [t1].[Description0], [t1].[DisplayOrder], [t1].[ImageUrl0], [t1].[IsDeleted1], [t1].[Name0], [t1].[ParentCategoryId], [t1].[ShopId0], [t1].[UpdatedAt1], [t1].[UpdatedBy1], [t3].[Id], [t3].[Amount], [t3].[CreatedAt], [t3].[CreatedBy], [t3].[DeletedAt], [t3].[DeletedBy], [t3].[Details], [t3].[IsDeleted], [t3].[Method], [t3].[PaidAt], [t3].[ReferenceNumber], [t3].[SalesInvoiceId], [t3].[ShopId], [t3].[UpdatedAt], [t3].[UpdatedBy]
FROM [SalesInvoices] AS [s]
LEFT JOIN (
    SELECT [c].[Id], [c].[BillingAddress], [c].[CreatedAt], [c].[CreatedBy], [c].[CreditLimit], [c].[DeletedAt], [c].[DeletedBy], [c].[Email], [c].[IsDeleted], [c].[IsWalkIn], [c].[LoyaltyPoints], [c].[Name], [c].[OutstandingBalance], [c].[Phone], [c].[ShopId], [c].[TaxRegistrationNumber], [c].[UpdatedAt], [c].[UpdatedBy]
    FROM [Customers] AS [c]
    WHERE [c].[IsDeleted] = CAST(0 AS bit)
) AS [t] ON [s].[CustomerId] = [t].[Id]
LEFT JOIN (
    SELECT [s0].[Id], [s0].[CreatedAt], [s0].[CreatedBy], [s0].[DeletedAt], [s0].[DeletedBy], [s0].[Description], [s0].[DiscountAmount], [s0].[IsDeleted], [s0].[LineTotal], [s0].[ProductId], [s0].[ProductVariantId], [s0].[Quantity], [s0].[SalesInvoiceId], [s0].[TaxAmount], [s0].[TaxRate], [s0].[UnitPrice], [s0].[UpdatedAt], [s0].[UpdatedBy], [t0].[Id] AS [Id0], [t0].[Barcode], [t0].[BatchTracking], [t0].[Brand], [t0].[CategoryId], [t0].[Composition], [t0].[CostPrice], [t0].[CreatedAt] AS [CreatedAt0], [t0].[CreatedBy] AS [CreatedBy0], [t0].[DeletedAt] AS [DeletedAt0], [t0].[DeletedBy] AS [DeletedBy0], [t0].[ExpiryTracking], [t0].[FoodType], [t0].[HsnSacCode], [t0].[ImageUrl], [t0].[IsActive], [t0].[IsDeleted] AS [IsDeleted0], [t0].[IsFeatured], [t0].[IsStockTracked], [t0].[IsTaxInclusive], [t0].[LowStockThreshold], [t0].[Manufacturer], [t0].[MaxDiscountPercent], [t0].[MaxStockThreshold], [t0].[Mrp], [t0].[Name], [t0].[PortionSize], [t0].[PreparationTimeMinutes], [t0].[RecipeCost], [t0].[ReorderQuantity], [t0].[RequiresPrescription], [t0].[SellingPrice], [t0].[ShopId], [t0].[Sku], [t0].[SubCategory], [t0].[TaxSlabId], [t0].[UnitOfMeasureId], [t0].[UpdatedAt] AS [UpdatedAt0], [t0].[UpdatedBy] AS [UpdatedBy0], [t0].[WholesalePrice], [t2].[Id] AS [Id1], [t2].[ColorHex], [t2].[CreatedAt] AS [CreatedAt1], [t2].[CreatedBy] AS [CreatedBy1], [t2].[DeletedAt] AS [DeletedAt1], [t2].[DeletedBy] AS [DeletedBy1], [t2].[Description] AS [Description0], [t2].[DisplayOrder], [t2].[ImageUrl] AS [ImageUrl0], [t2].[IsDeleted] AS [IsDeleted1], [t2].[Name] AS [Name0], [t2].[ParentCategoryId], [t2].[ShopId] AS [ShopId0], [t2].[UpdatedAt] AS [UpdatedAt1], [t2].[UpdatedBy] AS [UpdatedBy1]
    FROM [SalesInvoiceItems] AS [s0]
    INNER JOIN (
        SELECT [p].[Id], [p].[Barcode], [p].[BatchTracking], [p].[Brand], [p].[CategoryId], [p].[Composition], [p].[CostPrice], [p].[CreatedAt], [p].[CreatedBy], [p].[DeletedAt], [p].[DeletedBy], [p].[ExpiryTracking], [p].[FoodType], [p].[HsnSacCode], [p].[ImageUrl], [p].[IsActive], [p].[IsDeleted], [p].[IsFeatured], [p].[IsStockTracked], [p].[IsTaxInclusive], [p].[LowStockThreshold], [p].[Manufacturer], [p].[MaxDiscountPercent], [p].[MaxStockThreshold], [p].[Mrp], [p].[Name], [p].[PortionSize], [p].[PreparationTimeMinutes], [p].[RecipeCost], [p].[ReorderQuantity], [p].[RequiresPrescription], [p].[SellingPrice], [p].[ShopId], [p].[Sku], [p].[SubCategory], [p].[TaxSlabId], [p].[UnitOfMeasureId], [p].[UpdatedAt], [p].[UpdatedBy], [p].[WholesalePrice]
        FROM [Products] AS [p]
        WHERE [p].[IsDeleted] = CAST(0 AS bit)
    ) AS [t0] ON [s0].[ProductId] = [t0].[Id]
    INNER JOIN (
        SELECT [c0].[Id], [c0].[ColorHex], [c0].[CreatedAt], [c0].[CreatedBy], [c0].[DeletedAt], [c0].[DeletedBy], [c0].[Description], [c0].[DisplayOrder], [c0].[ImageUrl], [c0].[IsDeleted], [c0].[Name], [c0].[ParentCategoryId], [c0].[ShopId], [c0].[UpdatedAt], [c0].[UpdatedBy]
        FROM [Categories] AS [c0]
        WHERE [c0].[IsDeleted] = CAST(0 AS bit)
    ) AS [t2] ON [t0].[CategoryId] = [t2].[Id]
    WHERE [s0].[IsDeleted] = CAST(0 AS bit)
) AS [t1] ON [s].[Id] = [t1].[SalesInvoiceId]
LEFT JOIN (
    SELECT [p0].[Id], [p0].[Amount], [p0].[CreatedAt], [p0].[CreatedBy], [p0].[DeletedAt], [p0].[DeletedBy], [p0].[Details], [p0].[IsDeleted], [p0].[Method], [p0].[PaidAt], [p0].[ReferenceNumber], [p0].[SalesInvoiceId], [p0].[ShopId], [p0].[UpdatedAt], [p0].[UpdatedBy]
    FROM [Payments] AS [p0]
    WHERE [p0].[IsDeleted] = CAST(0 AS bit)
) AS [t3] ON [s].[Id] = [t3].[SalesInvoiceId]
WHERE [s].[IsDeleted] = CAST(0 AS bit) AND [s].[ShopId] = @__request_ShopId_0 AND [s].[InvoiceDate] >= @__p_1
ORDER BY [s].[Id], [t].[Id], [t1].[Id], [t1].[Id0], [t1].[Id1]
[19:31:21 INF] Executed DbCommand (10ms) [Parameters=[@__request_ShopId_0='?' (DbType = Guid), @__p_1='?' (DbType = DateTimeOffset)], CommandType='Text', CommandTimeout='30']
SELECT [p].[Id], [p].[CreatedAt], [p].[CreatedBy], [p].[DeletedAt], [p].[DeletedBy], [p].[GrandTotal], [p].[InvoiceDate], [p].[IsDeleted], [p].[PaymentStatus], [p].[PurchaseOrderId], [p].[ShopId], [p].[SubTotal], [p].[SupplierId], [p].[SupplierInvoiceNumber], [p].[TaxTotal], [p].[UpdatedAt], [p].[UpdatedBy]
FROM [PurchaseInvoices] AS [p]
WHERE [p].[IsDeleted] = CAST(0 AS bit) AND [p].[ShopId] = @__request_ShopId_0 AND [p].[InvoiceDate] >= @__p_1
[19:31:21 INF] Executed DbCommand (7ms) [Parameters=[@__request_ShopId_0='?' (DbType = Guid)], CommandType='Text', CommandTimeout='30']
SELECT [c].[Id], [c].[BillingAddress], [c].[CreatedAt], [c].[CreatedBy], [c].[CreditLimit], [c].[DeletedAt], [c].[DeletedBy], [c].[Email], [c].[IsDeleted], [c].[IsWalkIn], [c].[LoyaltyPoints], [c].[Name], [c].[OutstandingBalance], [c].[Phone], [c].[ShopId], [c].[TaxRegistrationNumber], [c].[UpdatedAt], [c].[UpdatedBy]
FROM [Customers] AS [c]
WHERE [c].[IsDeleted] = CAST(0 AS bit) AND [c].[ShopId] = @__request_ShopId_0
[19:31:21 INF] Executing ObjectResult, writing value of type 'BillEasePro.Application.Dtos.AnalyticsDashboardDto'.
[19:31:21 INF] Executed action BillEasePro.Api.Controllers.ReportsController.Dashboard (BillEasePro.Api) in 361.83ms
[19:31:21 INF] Executed endpoint 'BillEasePro.Api.Controllers.ReportsController.Dashboard (BillEasePro.Api)'
[19:31:21 INF] HTTP GET /api/v1/reports/dashboard responded 200 in 452.2507 ms
[19:31:21 INF] Request finished HTTP/1.1 GET http://localhost:5244/api/v1/reports/dashboard?shopId=10000000-0000-0000-0000-000000000001 - 200 null application/json; charset=utf-8 456.2034ms
[19:31:39 INF] Request starting HTTP/1.1 OPTIONS http://localhost:5244/api/v1/billing/sales/history?shopId=10000000-0000-0000-0000-000000000001 - null null
[19:31:39 INF] CORS policy execution successful.
[19:31:39 INF] HTTP OPTIONS /api/v1/billing/sales/history responded 204 in 2.6479 ms
[19:31:39 INF] Request finished HTTP/1.1 OPTIONS http://localhost:5244/api/v1/billing/sales/history?shopId=10000000-0000-0000-0000-000000000001 - 204 null null 8.4548ms
[19:31:39 INF] Request starting HTTP/1.1 GET http://localhost:5244/api/v1/billing/sales/history?shopId=10000000-0000-0000-0000-000000000001 - null null
[19:31:39 INF] CORS policy execution successful.
[19:31:39 INF] Executing endpoint 'BillEasePro.Api.Controllers.BillingController.History (BillEasePro.Api)'
[19:31:39 INF] Route matched with {action = "History", controller = "Billing"}. Executing controller action with signature System.Threading.Tasks.Task`1[System.Collections.Generic.IReadOnlyList`1[BillEasePro.Application.Dtos.BillHistoryRowDto]] History(System.Guid, System.Nullable`1[System.DateTimeOffset], System.Nullable`1[System.DateTimeOffset], System.Nullable`1[System.Guid], System.Nullable`1[BillEasePro.Domain.Enums.PaymentMethod], System.Nullable`1[BillEasePro.Domain.Enums.SalesInvoiceStatus], System.String, System.Threading.CancellationToken) on controller BillEasePro.Api.Controllers.BillingController (BillEasePro.Api).
[19:31:39 INF] Executed DbCommand (28ms) [Parameters=[@__p_1='?' (DbType = Int32), @__request_Query_ShopId_0='?' (DbType = Guid)], CommandType='Text', CommandTimeout='30']
SELECT [t].[Id], [t].[InvoiceNumber], [t].[InvoiceDate], CASE
    WHEN [t0].[Id] IS NOT NULL THEN [t0].[Name]
    ELSE N'Walk-in Customer'
END, (
    SELECT COUNT(*)
    FROM [SalesInvoiceItems] AS [s0]
    WHERE [s0].[IsDeleted] = CAST(0 AS bit) AND [t].[Id] = [s0].[SalesInvoiceId]), [t].[GrandTotal], [t0].[Id], [t1].[Method], [t1].[Id], [t].[Status]
FROM (
    SELECT TOP(@__p_1) [s].[Id], [s].[CustomerId], [s].[GrandTotal], [s].[InvoiceDate], [s].[InvoiceNumber], [s].[Status]
    FROM [SalesInvoices] AS [s]
    WHERE [s].[IsDeleted] = CAST(0 AS bit) AND [s].[ShopId] = @__request_Query_ShopId_0
    ORDER BY [s].[InvoiceDate] DESC
) AS [t]
LEFT JOIN (
    SELECT [c].[Id], [c].[Name]
    FROM [Customers] AS [c]
    WHERE [c].[IsDeleted] = CAST(0 AS bit)
) AS [t0] ON [t].[CustomerId] = [t0].[Id]
LEFT JOIN (
    SELECT [p].[Method], [p].[Id], [p].[SalesInvoiceId]
    FROM [Payments] AS [p]
    WHERE [p].[IsDeleted] = CAST(0 AS bit)
) AS [t1] ON [t].[Id] = [t1].[SalesInvoiceId]
ORDER BY [t].[InvoiceDate] DESC, [t].[Id], [t0].[Id]
[19:31:39 INF] Executing ObjectResult, writing value of type 'System.Collections.Generic.List`1[[BillEasePro.Application.Dtos.BillHistoryRowDto, BillEasePro.Application, Version=1.0.0.0, Culture=neutral, PublicKeyToken=null]]'.
[19:31:39 INF] Executed action BillEasePro.Api.Controllers.BillingController.History (BillEasePro.Api) in 140.853ms
[19:31:39 INF] Executed endpoint 'BillEasePro.Api.Controllers.BillingController.History (BillEasePro.Api)'
[19:31:39 INF] HTTP GET /api/v1/billing/sales/history responded 200 in 151.3302 ms
[19:31:39 INF] Request finished HTTP/1.1 GET http://localhost:5244/api/v1/billing/sales/history?shopId=10000000-0000-0000-0000-000000000001 - 200 null application/json; charset=utf-8 156.0231ms
[19:31:43 INF] Request starting HTTP/1.1 OPTIONS http://localhost:5244/api/v1/inventory/lookup?shopId=10000000-0000-0000-0000-000000000001 - null null
[19:31:43 INF] Request starting HTTP/1.1 OPTIONS http://localhost:5244/api/v1/inventory/products?shopId=10000000-0000-0000-0000-000000000001&search= - null null
[19:31:43 INF] CORS policy execution successful.
[19:31:43 INF] CORS policy execution successful.
[19:31:43 INF] HTTP OPTIONS /api/v1/inventory/products responded 204 in 0.6509 ms
[19:31:43 INF] HTTP OPTIONS /api/v1/inventory/lookup responded 204 in 0.6612 ms
[19:31:43 INF] Request finished HTTP/1.1 OPTIONS http://localhost:5244/api/v1/inventory/products?shopId=10000000-0000-0000-0000-000000000001&search= - 204 null null 2.16ms
[19:31:43 INF] Request finished HTTP/1.1 OPTIONS http://localhost:5244/api/v1/inventory/lookup?shopId=10000000-0000-0000-0000-000000000001 - 204 null null 3.9259ms
[19:31:43 INF] Request starting HTTP/1.1 GET http://localhost:5244/api/v1/inventory/lookup?shopId=10000000-0000-0000-0000-000000000001 - null null
[19:31:43 INF] Request starting HTTP/1.1 GET http://localhost:5244/api/v1/inventory/products?shopId=10000000-0000-0000-0000-000000000001&search= - null null
[19:31:43 INF] CORS policy execution successful.
[19:31:43 INF] CORS policy execution successful.
[19:31:43 INF] Executing endpoint 'BillEasePro.Api.Controllers.InventoryController.Products (BillEasePro.Api)'
[19:31:43 INF] Executing endpoint 'BillEasePro.Api.Controllers.InventoryController.Lookup (BillEasePro.Api)'
[19:31:43 INF] Route matched with {action = "Lookup", controller = "Inventory"}. Executing controller action with signature System.Threading.Tasks.Task`1[BillEasePro.Application.Dtos.InventoryLookupDto] Lookup(System.Guid, System.Threading.CancellationToken) on controller BillEasePro.Api.Controllers.InventoryController (BillEasePro.Api).
[19:31:43 INF] Route matched with {action = "Products", controller = "Inventory"}. Executing controller action with signature System.Threading.Tasks.Task`1[System.Collections.Generic.IReadOnlyList`1[BillEasePro.Application.Dtos.InventoryProductListItemDto]] Products(System.Guid, System.String, System.Threading.CancellationToken) on controller BillEasePro.Api.Controllers.InventoryController (BillEasePro.Api).
[19:31:43 INF] Executed DbCommand (11ms) [Parameters=[@__request_ShopId_0='?' (DbType = Guid)], CommandType='Text', CommandTimeout='30']
SELECT [c].[Id], [c].[ShopId], [c].[Name], [c].[Description], [c].[ParentCategoryId]
FROM [Categories] AS [c]
WHERE [c].[IsDeleted] = CAST(0 AS bit) AND [c].[ShopId] = @__request_ShopId_0
ORDER BY [c].[DisplayOrder], [c].[Name]
[19:31:43 INF] Executed DbCommand (13ms) [Parameters=[], CommandType='Text', CommandTimeout='30']
SELECT [u].[Id], [u].[Name], [u].[Symbol], [u].[UnitType]
FROM [UnitOfMeasures] AS [u]
WHERE [u].[IsDeleted] = CAST(0 AS bit)
ORDER BY [u].[Name]
[19:31:43 INF] Executed DbCommand (34ms) [Parameters=[@__p_1='?' (DbType = Int32), @__request_ShopId_0='?' (DbType = Guid)], CommandType='Text', CommandTimeout='30']
SELECT [t].[Id], [t].[Barcode], [t].[BatchTracking], [t].[Brand], [t].[CategoryId], [t].[Composition], [t].[CostPrice], [t].[CreatedAt], [t].[CreatedBy], [t].[DeletedAt], [t].[DeletedBy], [t].[ExpiryTracking], [t].[FoodType], [t].[HsnSacCode], [t].[ImageUrl], [t].[IsActive], [t].[IsDeleted], [t].[IsFeatured], [t].[IsStockTracked], [t].[IsTaxInclusive], [t].[LowStockThreshold], [t].[Manufacturer], [t].[MaxDiscountPercent], [t].[MaxStockThreshold], [t].[Mrp], [t].[Name], [t].[PortionSize], [t].[PreparationTimeMinutes], [t].[RecipeCost], [t].[ReorderQuantity], [t].[RequiresPrescription], [t].[SellingPrice], [t].[ShopId], [t].[Sku], [t].[SubCategory], [t].[TaxSlabId], [t].[UnitOfMeasureId], [t].[UpdatedAt], [t].[UpdatedBy], [t].[WholesalePrice], [t0].[Id], [t0].[ColorHex], [t0].[CreatedAt], [t0].[CreatedBy], [t0].[DeletedAt], [t0].[DeletedBy], [t0].[Description], [t0].[DisplayOrder], [t0].[ImageUrl], [t0].[IsDeleted], [t0].[Name], [t0].[ParentCategoryId], [t0].[ShopId], [t0].[UpdatedAt], [t0].[UpdatedBy], [t1].[Id], [t1].[CreatedAt], [t1].[CreatedBy], [t1].[DeletedAt], [t1].[DeletedBy], [t1].[IsDeleted], [t1].[Name], [t1].[Symbol], [t1].[UnitType], [t1].[UpdatedAt], [t1].[UpdatedBy], [t2].[Id], [t2].[CreatedAt], [t2].[CreatedBy], [t2].[DeletedAt], [t2].[DeletedBy], [t2].[IsActive], [t2].[IsDeleted], [t2].[Name], [t2].[Rate], [t2].[TaxRegime], [t2].[UpdatedAt], [t2].[UpdatedBy]
FROM (
    SELECT TOP(@__p_1) [p].[Id], [p].[Barcode], [p].[BatchTracking], [p].[Brand], [p].[CategoryId], [p].[Composition], [p].[CostPrice], [p].[CreatedAt], [p].[CreatedBy], [p].[DeletedAt], [p].[DeletedBy], [p].[ExpiryTracking], [p].[FoodType], [p].[HsnSacCode], [p].[ImageUrl], [p].[IsActive], [p].[IsDeleted], [p].[IsFeatured], [p].[IsStockTracked], [p].[IsTaxInclusive], [p].[LowStockThreshold], [p].[Manufacturer], [p].[MaxDiscountPercent], [p].[MaxStockThreshold], [p].[Mrp], [p].[Name], [p].[PortionSize], [p].[PreparationTimeMinutes], [p].[RecipeCost], [p].[ReorderQuantity], [p].[RequiresPrescription], [p].[SellingPrice], [p].[ShopId], [p].[Sku], [p].[SubCategory], [p].[TaxSlabId], [p].[UnitOfMeasureId], [p].[UpdatedAt], [p].[UpdatedBy], [p].[WholesalePrice]
    FROM [Products] AS [p]
    WHERE [p].[IsDeleted] = CAST(0 AS bit) AND [p].[ShopId] = @__request_ShopId_0
    ORDER BY [p].[Name]
) AS [t]
INNER JOIN (
    SELECT [c].[Id], [c].[ColorHex], [c].[CreatedAt], [c].[CreatedBy], [c].[DeletedAt], [c].[DeletedBy], [c].[Description], [c].[DisplayOrder], [c].[ImageUrl], [c].[IsDeleted], [c].[Name], [c].[ParentCategoryId], [c].[ShopId], [c].[UpdatedAt], [c].[UpdatedBy]
    FROM [Categories] AS [c]
    WHERE [c].[IsDeleted] = CAST(0 AS bit)
) AS [t0] ON [t].[CategoryId] = [t0].[Id]
INNER JOIN (
    SELECT [u].[Id], [u].[CreatedAt], [u].[CreatedBy], [u].[DeletedAt], [u].[DeletedBy], [u].[IsDeleted], [u].[Name], [u].[Symbol], [u].[UnitType], [u].[UpdatedAt], [u].[UpdatedBy]
    FROM [UnitOfMeasures] AS [u]
    WHERE [u].[IsDeleted] = CAST(0 AS bit)
) AS [t1] ON [t].[UnitOfMeasureId] = [t1].[Id]
INNER JOIN (
    SELECT [t3].[Id], [t3].[CreatedAt], [t3].[CreatedBy], [t3].[DeletedAt], [t3].[DeletedBy], [t3].[IsActive], [t3].[IsDeleted], [t3].[Name], [t3].[Rate], [t3].[TaxRegime], [t3].[UpdatedAt], [t3].[UpdatedBy]
    FROM [TaxSlabs] AS [t3]
    WHERE [t3].[IsDeleted] = CAST(0 AS bit)
) AS [t2] ON [t].[TaxSlabId] = [t2].[Id]
ORDER BY [t].[Name]
[19:31:43 INF] Executed DbCommand (10ms) [Parameters=[], CommandType='Text', CommandTimeout='30']
SELECT [t].[Id], [t].[Name], [t].[Rate], [t].[TaxRegime], [t].[IsActive]
FROM [TaxSlabs] AS [t]
WHERE [t].[IsDeleted] = CAST(0 AS bit) AND [t].[IsActive] = CAST(1 AS bit)
ORDER BY [t].[Rate]
[19:31:43 INF] Executed DbCommand (6ms) [Parameters=[@__request_ShopId_0='?' (DbType = Guid)], CommandType='Text', CommandTimeout='30']
SELECT [s].[Id], [s].[Name], [s].[Phone], [s].[Email], [s].[OutstandingBalance]
FROM [Suppliers] AS [s]
WHERE [s].[IsDeleted] = CAST(0 AS bit) AND [s].[ShopId] = @__request_ShopId_0
ORDER BY [s].[Name]
[19:31:43 INF] Executing ObjectResult, writing value of type 'BillEasePro.Application.Dtos.InventoryLookupDto'.
[19:31:43 INF] Executed action BillEasePro.Api.Controllers.InventoryController.Lookup (BillEasePro.Api) in 123.8939ms
[19:31:43 INF] Executed endpoint 'BillEasePro.Api.Controllers.InventoryController.Lookup (BillEasePro.Api)'
[19:31:43 INF] HTTP GET /api/v1/inventory/lookup responded 200 in 132.2075 ms
[19:31:43 INF] Request finished HTTP/1.1 GET http://localhost:5244/api/v1/inventory/lookup?shopId=10000000-0000-0000-0000-000000000001 - 200 null application/json; charset=utf-8 134.7777ms
[19:31:43 INF] Executed DbCommand (36ms) [Parameters=[@__request_ShopId_0='?' (DbType = Guid), @__ids_1='?' (Size = 4000)], CommandType='Text', CommandTimeout='30']
SELECT [i].[ProductId], COALESCE(SUM([i].[QuantityOnHand]), 0.0) AS [Qty]
FROM [InventoryStocks] AS [i]
WHERE [i].[IsDeleted] = CAST(0 AS bit) AND [i].[ShopId] = @__request_ShopId_0 AND [i].[ProductId] IN (
    SELECT [i0].[value]
    FROM OPENJSON(@__ids_1) WITH ([value] uniqueidentifier '$') AS [i0]
)
GROUP BY [i].[ProductId]
[19:31:43 INF] Executing ObjectResult, writing value of type 'System.Collections.Generic.List`1[[BillEasePro.Application.Dtos.InventoryProductListItemDto, BillEasePro.Application, Version=1.0.0.0, Culture=neutral, PublicKeyToken=null]]'.
[19:31:43 INF] Executed action BillEasePro.Api.Controllers.InventoryController.Products (BillEasePro.Api) in 360.9553ms
[19:31:43 INF] Executed endpoint 'BillEasePro.Api.Controllers.InventoryController.Products (BillEasePro.Api)'
[19:31:43 INF] HTTP GET /api/v1/inventory/products responded 200 in 370.5979 ms
[19:31:43 INF] Request finished HTTP/1.1 GET http://localhost:5244/api/v1/inventory/products?shopId=10000000-0000-0000-0000-000000000001&search= - 200 null application/json; charset=utf-8 373.4122ms
[19:31:47 INF] Request starting HTTP/1.1 OPTIONS http://localhost:5244/api/v1/inventory/products/70000000-0000-0000-0000-000000000009 - null null
[19:31:47 INF] CORS policy execution successful.
[19:31:47 INF] HTTP OPTIONS /api/v1/inventory/products/70000000-0000-0000-0000-000000000009 responded 204 in 0.6506 ms
[19:31:47 INF] Request finished HTTP/1.1 OPTIONS http://localhost:5244/api/v1/inventory/products/70000000-0000-0000-0000-000000000009 - 204 null null 10.6461ms
[19:31:47 INF] Request starting HTTP/1.1 GET http://localhost:5244/api/v1/inventory/products/70000000-0000-0000-0000-000000000009 - null null
[19:31:47 INF] CORS policy execution successful.
[19:31:47 INF] Executing endpoint 'BillEasePro.Api.Controllers.InventoryController.Product (BillEasePro.Api)'
[19:31:47 INF] Route matched with {action = "Product", controller = "Inventory"}. Executing controller action with signature System.Threading.Tasks.Task`1[BillEasePro.Application.Dtos.InventoryProductDetailDto] Product(System.Guid, System.Threading.CancellationToken) on controller BillEasePro.Api.Controllers.InventoryController (BillEasePro.Api).
[19:31:47 INF] Executed DbCommand (28ms) [Parameters=[@__request_Id_0='?' (DbType = Guid)], CommandType='Text', CommandTimeout='30']
SELECT [t0].[Id], [t0].[Barcode], [t0].[BatchTracking], [t0].[Brand], [t0].[CategoryId], [t0].[Composition], [t0].[CostPrice], [t0].[CreatedAt], [t0].[CreatedBy], [t0].[DeletedAt], [t0].[DeletedBy], [t0].[ExpiryTracking], [t0].[FoodType], [t0].[HsnSacCode], [t0].[ImageUrl], [t0].[IsActive], [t0].[IsDeleted], [t0].[IsFeatured], [t0].[IsStockTracked], [t0].[IsTaxInclusive], [t0].[LowStockThreshold], [t0].[Manufacturer], [t0].[MaxDiscountPercent], [t0].[MaxStockThreshold], [t0].[Mrp], [t0].[Name], [t0].[PortionSize], [t0].[PreparationTimeMinutes], [t0].[RecipeCost], [t0].[ReorderQuantity], [t0].[RequiresPrescription], [t0].[SellingPrice], [t0].[ShopId], [t0].[Sku], [t0].[SubCategory], [t0].[TaxSlabId], [t0].[UnitOfMeasureId], [t0].[UpdatedAt], [t0].[UpdatedBy], [t0].[WholesalePrice], [t0].[Id0], [t0].[ColorHex], [t0].[CreatedAt0], [t0].[CreatedBy0], [t0].[DeletedAt0], [t0].[DeletedBy0], [t0].[Description], [t0].[DisplayOrder], [t0].[ImageUrl0], [t0].[IsDeleted0], [t0].[Name0], [t0].[ParentCategoryId], [t0].[ShopId0], [t0].[UpdatedAt0], [t0].[UpdatedBy0], [t1].[Id], [t1].[AttributeJson], [t1].[Barcode], [t1].[Color], [t1].[CostPrice], [t1].[CreatedAt], [t1].[CreatedBy], [t1].[DeletedAt], [t1].[DeletedBy], [t1].[IsActive], [t1].[IsDeleted], [t1].[Mrp], [t1].[ProductId], [t1].[SellingPrice], [t1].[Size], [t1].[Sku], [t1].[UpdatedAt], [t1].[UpdatedBy], [t1].[VariantName]
FROM (
    SELECT TOP(1) [p].[Id], [p].[Barcode], [p].[BatchTracking], [p].[Brand], [p].[CategoryId], [p].[Composition], [p].[CostPrice], [p].[CreatedAt], [p].[CreatedBy], [p].[DeletedAt], [p].[DeletedBy], [p].[ExpiryTracking], [p].[FoodType], [p].[HsnSacCode], [p].[ImageUrl], [p].[IsActive], [p].[IsDeleted], [p].[IsFeatured], [p].[IsStockTracked], [p].[IsTaxInclusive], [p].[LowStockThreshold], [p].[Manufacturer], [p].[MaxDiscountPercent], [p].[MaxStockThreshold], [p].[Mrp], [p].[Name], [p].[PortionSize], [p].[PreparationTimeMinutes], [p].[RecipeCost], [p].[ReorderQuantity], [p].[RequiresPrescription], [p].[SellingPrice], [p].[ShopId], [p].[Sku], [p].[SubCategory], [p].[TaxSlabId], [p].[UnitOfMeasureId], [p].[UpdatedAt], [p].[UpdatedBy], [p].[WholesalePrice], [t].[Id] AS [Id0], [t].[ColorHex], [t].[CreatedAt] AS [CreatedAt0], [t].[CreatedBy] AS [CreatedBy0], [t].[DeletedAt] AS [DeletedAt0], [t].[DeletedBy] AS [DeletedBy0], [t].[Description], [t].[DisplayOrder], [t].[ImageUrl] AS [ImageUrl0], [t].[IsDeleted] AS [IsDeleted0], [t].[Name] AS [Name0], [t].[ParentCategoryId], [t].[ShopId] AS [ShopId0], [t].[UpdatedAt] AS [UpdatedAt0], [t].[UpdatedBy] AS [UpdatedBy0]
    FROM [Products] AS [p]
    INNER JOIN (
        SELECT [c].[Id], [c].[ColorHex], [c].[CreatedAt], [c].[CreatedBy], [c].[DeletedAt], [c].[DeletedBy], [c].[Description], [c].[DisplayOrder], [c].[ImageUrl], [c].[IsDeleted], [c].[Name], [c].[ParentCategoryId], [c].[ShopId], [c].[UpdatedAt], [c].[UpdatedBy]
        FROM [Categories] AS [c]
        WHERE [c].[IsDeleted] = CAST(0 AS bit)
    ) AS [t] ON [p].[CategoryId] = [t].[Id]
    WHERE [p].[IsDeleted] = CAST(0 AS bit) AND [p].[Id] = @__request_Id_0
) AS [t0]
LEFT JOIN (
    SELECT [p0].[Id], [p0].[AttributeJson], [p0].[Barcode], [p0].[Color], [p0].[CostPrice], [p0].[CreatedAt], [p0].[CreatedBy], [p0].[DeletedAt], [p0].[DeletedBy], [p0].[IsActive], [p0].[IsDeleted], [p0].[Mrp], [p0].[ProductId], [p0].[SellingPrice], [p0].[Size], [p0].[Sku], [p0].[UpdatedAt], [p0].[UpdatedBy], [p0].[VariantName]
    FROM [ProductVariants] AS [p0]
    WHERE [p0].[IsDeleted] = CAST(0 AS bit)
) AS [t1] ON [t0].[Id] = [t1].[ProductId]
ORDER BY [t0].[Id], [t0].[Id0]
[19:31:47 INF] Executed DbCommand (5ms) [Parameters=[@__product_ShopId_0='?' (DbType = Guid), @__product_Id_1='?' (DbType = Guid)], CommandType='Text', CommandTimeout='30']
SELECT COALESCE(SUM([i].[QuantityOnHand]), 0.0)
FROM [InventoryStocks] AS [i]
WHERE [i].[IsDeleted] = CAST(0 AS bit) AND [i].[ShopId] = @__product_ShopId_0 AND [i].[ProductId] = @__product_Id_1
[19:31:47 INF] Executing ObjectResult, writing value of type 'BillEasePro.Application.Dtos.InventoryProductDetailDto'.
[19:31:47 INF] Executed action BillEasePro.Api.Controllers.InventoryController.Product (BillEasePro.Api) in 116.487ms
[19:31:47 INF] Executed endpoint 'BillEasePro.Api.Controllers.InventoryController.Product (BillEasePro.Api)'
[19:31:47 INF] HTTP GET /api/v1/inventory/products/70000000-0000-0000-0000-000000000009 responded 200 in 124.0484 ms
[19:31:47 INF] Request finished HTTP/1.1 GET http://localhost:5244/api/v1/inventory/products/70000000-0000-0000-0000-000000000009 - 200 null application/json; charset=utf-8 126.1357ms
[19:31:48 INF] Request starting HTTP/1.1 OPTIONS http://localhost:5244/api/v1/inventory/products/70000000-0000-0000-0000-000000000007 - null null
[19:31:48 INF] CORS policy execution successful.
[19:31:48 INF] HTTP OPTIONS /api/v1/inventory/products/70000000-0000-0000-0000-000000000007 responded 204 in 0.6009 ms
[19:31:48 INF] Request finished HTTP/1.1 OPTIONS http://localhost:5244/api/v1/inventory/products/70000000-0000-0000-0000-000000000007 - 204 null null 9.4666ms
[19:31:48 INF] Request starting HTTP/1.1 GET http://localhost:5244/api/v1/inventory/products/70000000-0000-0000-0000-000000000007 - null null
[19:31:48 INF] CORS policy execution successful.
[19:31:48 INF] Executing endpoint 'BillEasePro.Api.Controllers.InventoryController.Product (BillEasePro.Api)'
[19:31:48 INF] Route matched with {action = "Product", controller = "Inventory"}. Executing controller action with signature System.Threading.Tasks.Task`1[BillEasePro.Application.Dtos.InventoryProductDetailDto] Product(System.Guid, System.Threading.CancellationToken) on controller BillEasePro.Api.Controllers.InventoryController (BillEasePro.Api).
[19:31:48 INF] Executed DbCommand (17ms) [Parameters=[@__request_Id_0='?' (DbType = Guid)], CommandType='Text', CommandTimeout='30']
SELECT [t0].[Id], [t0].[Barcode], [t0].[BatchTracking], [t0].[Brand], [t0].[CategoryId], [t0].[Composition], [t0].[CostPrice], [t0].[CreatedAt], [t0].[CreatedBy], [t0].[DeletedAt], [t0].[DeletedBy], [t0].[ExpiryTracking], [t0].[FoodType], [t0].[HsnSacCode], [t0].[ImageUrl], [t0].[IsActive], [t0].[IsDeleted], [t0].[IsFeatured], [t0].[IsStockTracked], [t0].[IsTaxInclusive], [t0].[LowStockThreshold], [t0].[Manufacturer], [t0].[MaxDiscountPercent], [t0].[MaxStockThreshold], [t0].[Mrp], [t0].[Name], [t0].[PortionSize], [t0].[PreparationTimeMinutes], [t0].[RecipeCost], [t0].[ReorderQuantity], [t0].[RequiresPrescription], [t0].[SellingPrice], [t0].[ShopId], [t0].[Sku], [t0].[SubCategory], [t0].[TaxSlabId], [t0].[UnitOfMeasureId], [t0].[UpdatedAt], [t0].[UpdatedBy], [t0].[WholesalePrice], [t0].[Id0], [t0].[ColorHex], [t0].[CreatedAt0], [t0].[CreatedBy0], [t0].[DeletedAt0], [t0].[DeletedBy0], [t0].[Description], [t0].[DisplayOrder], [t0].[ImageUrl0], [t0].[IsDeleted0], [t0].[Name0], [t0].[ParentCategoryId], [t0].[ShopId0], [t0].[UpdatedAt0], [t0].[UpdatedBy0], [t1].[Id], [t1].[AttributeJson], [t1].[Barcode], [t1].[Color], [t1].[CostPrice], [t1].[CreatedAt], [t1].[CreatedBy], [t1].[DeletedAt], [t1].[DeletedBy], [t1].[IsActive], [t1].[IsDeleted], [t1].[Mrp], [t1].[ProductId], [t1].[SellingPrice], [t1].[Size], [t1].[Sku], [t1].[UpdatedAt], [t1].[UpdatedBy], [t1].[VariantName]
FROM (
    SELECT TOP(1) [p].[Id], [p].[Barcode], [p].[BatchTracking], [p].[Brand], [p].[CategoryId], [p].[Composition], [p].[CostPrice], [p].[CreatedAt], [p].[CreatedBy], [p].[DeletedAt], [p].[DeletedBy], [p].[ExpiryTracking], [p].[FoodType], [p].[HsnSacCode], [p].[ImageUrl], [p].[IsActive], [p].[IsDeleted], [p].[IsFeatured], [p].[IsStockTracked], [p].[IsTaxInclusive], [p].[LowStockThreshold], [p].[Manufacturer], [p].[MaxDiscountPercent], [p].[MaxStockThreshold], [p].[Mrp], [p].[Name], [p].[PortionSize], [p].[PreparationTimeMinutes], [p].[RecipeCost], [p].[ReorderQuantity], [p].[RequiresPrescription], [p].[SellingPrice], [p].[ShopId], [p].[Sku], [p].[SubCategory], [p].[TaxSlabId], [p].[UnitOfMeasureId], [p].[UpdatedAt], [p].[UpdatedBy], [p].[WholesalePrice], [t].[Id] AS [Id0], [t].[ColorHex], [t].[CreatedAt] AS [CreatedAt0], [t].[CreatedBy] AS [CreatedBy0], [t].[DeletedAt] AS [DeletedAt0], [t].[DeletedBy] AS [DeletedBy0], [t].[Description], [t].[DisplayOrder], [t].[ImageUrl] AS [ImageUrl0], [t].[IsDeleted] AS [IsDeleted0], [t].[Name] AS [Name0], [t].[ParentCategoryId], [t].[ShopId] AS [ShopId0], [t].[UpdatedAt] AS [UpdatedAt0], [t].[UpdatedBy] AS [UpdatedBy0]
    FROM [Products] AS [p]
    INNER JOIN (
        SELECT [c].[Id], [c].[ColorHex], [c].[CreatedAt], [c].[CreatedBy], [c].[DeletedAt], [c].[DeletedBy], [c].[Description], [c].[DisplayOrder], [c].[ImageUrl], [c].[IsDeleted], [c].[Name], [c].[ParentCategoryId], [c].[ShopId], [c].[UpdatedAt], [c].[UpdatedBy]
        FROM [Categories] AS [c]
        WHERE [c].[IsDeleted] = CAST(0 AS bit)
    ) AS [t] ON [p].[CategoryId] = [t].[Id]
    WHERE [p].[IsDeleted] = CAST(0 AS bit) AND [p].[Id] = @__request_Id_0
) AS [t0]
LEFT JOIN (
    SELECT [p0].[Id], [p0].[AttributeJson], [p0].[Barcode], [p0].[Color], [p0].[CostPrice], [p0].[CreatedAt], [p0].[CreatedBy], [p0].[DeletedAt], [p0].[DeletedBy], [p0].[IsActive], [p0].[IsDeleted], [p0].[Mrp], [p0].[ProductId], [p0].[SellingPrice], [p0].[Size], [p0].[Sku], [p0].[UpdatedAt], [p0].[UpdatedBy], [p0].[VariantName]
    FROM [ProductVariants] AS [p0]
    WHERE [p0].[IsDeleted] = CAST(0 AS bit)
) AS [t1] ON [t0].[Id] = [t1].[ProductId]
ORDER BY [t0].[Id], [t0].[Id0]
[19:31:48 INF] Executed DbCommand (5ms) [Parameters=[@__product_ShopId_0='?' (DbType = Guid), @__product_Id_1='?' (DbType = Guid)], CommandType='Text', CommandTimeout='30']
SELECT COALESCE(SUM([i].[QuantityOnHand]), 0.0)
FROM [InventoryStocks] AS [i]
WHERE [i].[IsDeleted] = CAST(0 AS bit) AND [i].[ShopId] = @__product_ShopId_0 AND [i].[ProductId] = @__product_Id_1
[19:31:48 INF] Executing ObjectResult, writing value of type 'BillEasePro.Application.Dtos.InventoryProductDetailDto'.
[19:31:48 INF] Executed action BillEasePro.Api.Controllers.InventoryController.Product (BillEasePro.Api) in 32.0265ms
[19:31:48 INF] Executed endpoint 'BillEasePro.Api.Controllers.InventoryController.Product (BillEasePro.Api)'
[19:31:48 INF] HTTP GET /api/v1/inventory/products/70000000-0000-0000-0000-000000000007 responded 200 in 34.0114 ms
[19:31:48 INF] Request finished HTTP/1.1 GET http://localhost:5244/api/v1/inventory/products/70000000-0000-0000-0000-000000000007 - 200 null application/json; charset=utf-8 34.9545ms
[19:31:54 INF] Request starting HTTP/1.1 OPTIONS http://localhost:5244/api/v1/inventory/products/70000000-0000-0000-0000-000000000008 - null null
[19:31:54 INF] CORS policy execution successful.
[19:31:54 INF] HTTP OPTIONS /api/v1/inventory/products/70000000-0000-0000-0000-000000000008 responded 204 in 0.4377 ms
[19:31:54 INF] Request finished HTTP/1.1 OPTIONS http://localhost:5244/api/v1/inventory/products/70000000-0000-0000-0000-000000000008 - 204 null null 1.989ms
[19:31:54 INF] Request starting HTTP/1.1 GET http://localhost:5244/api/v1/inventory/products/70000000-0000-0000-0000-000000000008 - null null
[19:31:54 INF] CORS policy execution successful.
[19:31:54 INF] Executing endpoint 'BillEasePro.Api.Controllers.InventoryController.Product (BillEasePro.Api)'
[19:31:54 INF] Route matched with {action = "Product", controller = "Inventory"}. Executing controller action with signature System.Threading.Tasks.Task`1[BillEasePro.Application.Dtos.InventoryProductDetailDto] Product(System.Guid, System.Threading.CancellationToken) on controller BillEasePro.Api.Controllers.InventoryController (BillEasePro.Api).
[19:31:54 INF] Executed DbCommand (14ms) [Parameters=[@__request_Id_0='?' (DbType = Guid)], CommandType='Text', CommandTimeout='30']
SELECT [t0].[Id], [t0].[Barcode], [t0].[BatchTracking], [t0].[Brand], [t0].[CategoryId], [t0].[Composition], [t0].[CostPrice], [t0].[CreatedAt], [t0].[CreatedBy], [t0].[DeletedAt], [t0].[DeletedBy], [t0].[ExpiryTracking], [t0].[FoodType], [t0].[HsnSacCode], [t0].[ImageUrl], [t0].[IsActive], [t0].[IsDeleted], [t0].[IsFeatured], [t0].[IsStockTracked], [t0].[IsTaxInclusive], [t0].[LowStockThreshold], [t0].[Manufacturer], [t0].[MaxDiscountPercent], [t0].[MaxStockThreshold], [t0].[Mrp], [t0].[Name], [t0].[PortionSize], [t0].[PreparationTimeMinutes], [t0].[RecipeCost], [t0].[ReorderQuantity], [t0].[RequiresPrescription], [t0].[SellingPrice], [t0].[ShopId], [t0].[Sku], [t0].[SubCategory], [t0].[TaxSlabId], [t0].[UnitOfMeasureId], [t0].[UpdatedAt], [t0].[UpdatedBy], [t0].[WholesalePrice], [t0].[Id0], [t0].[ColorHex], [t0].[CreatedAt0], [t0].[CreatedBy0], [t0].[DeletedAt0], [t0].[DeletedBy0], [t0].[Description], [t0].[DisplayOrder], [t0].[ImageUrl0], [t0].[IsDeleted0], [t0].[Name0], [t0].[ParentCategoryId], [t0].[ShopId0], [t0].[UpdatedAt0], [t0].[UpdatedBy0], [t1].[Id], [t1].[AttributeJson], [t1].[Barcode], [t1].[Color], [t1].[CostPrice], [t1].[CreatedAt], [t1].[CreatedBy], [t1].[DeletedAt], [t1].[DeletedBy], [t1].[IsActive], [t1].[IsDeleted], [t1].[Mrp], [t1].[ProductId], [t1].[SellingPrice], [t1].[Size], [t1].[Sku], [t1].[UpdatedAt], [t1].[UpdatedBy], [t1].[VariantName]
FROM (
    SELECT TOP(1) [p].[Id], [p].[Barcode], [p].[BatchTracking], [p].[Brand], [p].[CategoryId], [p].[Composition], [p].[CostPrice], [p].[CreatedAt], [p].[CreatedBy], [p].[DeletedAt], [p].[DeletedBy], [p].[ExpiryTracking], [p].[FoodType], [p].[HsnSacCode], [p].[ImageUrl], [p].[IsActive], [p].[IsDeleted], [p].[IsFeatured], [p].[IsStockTracked], [p].[IsTaxInclusive], [p].[LowStockThreshold], [p].[Manufacturer], [p].[MaxDiscountPercent], [p].[MaxStockThreshold], [p].[Mrp], [p].[Name], [p].[PortionSize], [p].[PreparationTimeMinutes], [p].[RecipeCost], [p].[ReorderQuantity], [p].[RequiresPrescription], [p].[SellingPrice], [p].[ShopId], [p].[Sku], [p].[SubCategory], [p].[TaxSlabId], [p].[UnitOfMeasureId], [p].[UpdatedAt], [p].[UpdatedBy], [p].[WholesalePrice], [t].[Id] AS [Id0], [t].[ColorHex], [t].[CreatedAt] AS [CreatedAt0], [t].[CreatedBy] AS [CreatedBy0], [t].[DeletedAt] AS [DeletedAt0], [t].[DeletedBy] AS [DeletedBy0], [t].[Description], [t].[DisplayOrder], [t].[ImageUrl] AS [ImageUrl0], [t].[IsDeleted] AS [IsDeleted0], [t].[Name] AS [Name0], [t].[ParentCategoryId], [t].[ShopId] AS [ShopId0], [t].[UpdatedAt] AS [UpdatedAt0], [t].[UpdatedBy] AS [UpdatedBy0]
    FROM [Products] AS [p]
    INNER JOIN (
        SELECT [c].[Id], [c].[ColorHex], [c].[CreatedAt], [c].[CreatedBy], [c].[DeletedAt], [c].[DeletedBy], [c].[Description], [c].[DisplayOrder], [c].[ImageUrl], [c].[IsDeleted], [c].[Name], [c].[ParentCategoryId], [c].[ShopId], [c].[UpdatedAt], [c].[UpdatedBy]
        FROM [Categories] AS [c]
        WHERE [c].[IsDeleted] = CAST(0 AS bit)
    ) AS [t] ON [p].[CategoryId] = [t].[Id]
    WHERE [p].[IsDeleted] = CAST(0 AS bit) AND [p].[Id] = @__request_Id_0
) AS [t0]
LEFT JOIN (
    SELECT [p0].[Id], [p0].[AttributeJson], [p0].[Barcode], [p0].[Color], [p0].[CostPrice], [p0].[CreatedAt], [p0].[CreatedBy], [p0].[DeletedAt], [p0].[DeletedBy], [p0].[IsActive], [p0].[IsDeleted], [p0].[Mrp], [p0].[ProductId], [p0].[SellingPrice], [p0].[Size], [p0].[Sku], [p0].[UpdatedAt], [p0].[UpdatedBy], [p0].[VariantName]
    FROM [ProductVariants] AS [p0]
    WHERE [p0].[IsDeleted] = CAST(0 AS bit)
) AS [t1] ON [t0].[Id] = [t1].[ProductId]
ORDER BY [t0].[Id], [t0].[Id0]
[19:31:54 INF] Executed DbCommand (4ms) [Parameters=[@__product_ShopId_0='?' (DbType = Guid), @__product_Id_1='?' (DbType = Guid)], CommandType='Text', CommandTimeout='30']
SELECT COALESCE(SUM([i].[QuantityOnHand]), 0.0)
FROM [InventoryStocks] AS [i]
WHERE [i].[IsDeleted] = CAST(0 AS bit) AND [i].[ShopId] = @__product_ShopId_0 AND [i].[ProductId] = @__product_Id_1
[19:31:54 INF] Executing ObjectResult, writing value of type 'BillEasePro.Application.Dtos.InventoryProductDetailDto'.
[19:31:54 INF] Executed action BillEasePro.Api.Controllers.InventoryController.Product (BillEasePro.Api) in 33.3609ms
[19:31:54 INF] Executed endpoint 'BillEasePro.Api.Controllers.InventoryController.Product (BillEasePro.Api)'
[19:31:54 INF] HTTP GET /api/v1/inventory/products/70000000-0000-0000-0000-000000000008 responded 200 in 37.4555 ms
[19:31:54 INF] Request finished HTTP/1.1 GET http://localhost:5244/api/v1/inventory/products/70000000-0000-0000-0000-000000000008 - 200 null application/json; charset=utf-8 38.9193ms
[19:31:55 INF] Request starting HTTP/1.1 OPTIONS http://localhost:5244/api/v1/inventory/products/70000000-0000-0000-0000-000000000003 - null null
[19:31:55 INF] CORS policy execution successful.
[19:31:55 INF] HTTP OPTIONS /api/v1/inventory/products/70000000-0000-0000-0000-000000000003 responded 204 in 1.2241 ms
[19:31:55 INF] Request finished HTTP/1.1 OPTIONS http://localhost:5244/api/v1/inventory/products/70000000-0000-0000-0000-000000000003 - 204 null null 3.7905ms
[19:31:55 INF] Request starting HTTP/1.1 GET http://localhost:5244/api/v1/inventory/products/70000000-0000-0000-0000-000000000003 - null null
[19:31:55 INF] CORS policy execution successful.
[19:31:55 INF] Executing endpoint 'BillEasePro.Api.Controllers.InventoryController.Product (BillEasePro.Api)'
[19:31:55 INF] Route matched with {action = "Product", controller = "Inventory"}. Executing controller action with signature System.Threading.Tasks.Task`1[BillEasePro.Application.Dtos.InventoryProductDetailDto] Product(System.Guid, System.Threading.CancellationToken) on controller BillEasePro.Api.Controllers.InventoryController (BillEasePro.Api).
[19:31:55 INF] Executed DbCommand (17ms) [Parameters=[@__request_Id_0='?' (DbType = Guid)], CommandType='Text', CommandTimeout='30']
SELECT [t0].[Id], [t0].[Barcode], [t0].[BatchTracking], [t0].[Brand], [t0].[CategoryId], [t0].[Composition], [t0].[CostPrice], [t0].[CreatedAt], [t0].[CreatedBy], [t0].[DeletedAt], [t0].[DeletedBy], [t0].[ExpiryTracking], [t0].[FoodType], [t0].[HsnSacCode], [t0].[ImageUrl], [t0].[IsActive], [t0].[IsDeleted], [t0].[IsFeatured], [t0].[IsStockTracked], [t0].[IsTaxInclusive], [t0].[LowStockThreshold], [t0].[Manufacturer], [t0].[MaxDiscountPercent], [t0].[MaxStockThreshold], [t0].[Mrp], [t0].[Name], [t0].[PortionSize], [t0].[PreparationTimeMinutes], [t0].[RecipeCost], [t0].[ReorderQuantity], [t0].[RequiresPrescription], [t0].[SellingPrice], [t0].[ShopId], [t0].[Sku], [t0].[SubCategory], [t0].[TaxSlabId], [t0].[UnitOfMeasureId], [t0].[UpdatedAt], [t0].[UpdatedBy], [t0].[WholesalePrice], [t0].[Id0], [t0].[ColorHex], [t0].[CreatedAt0], [t0].[CreatedBy0], [t0].[DeletedAt0], [t0].[DeletedBy0], [t0].[Description], [t0].[DisplayOrder], [t0].[ImageUrl0], [t0].[IsDeleted0], [t0].[Name0], [t0].[ParentCategoryId], [t0].[ShopId0], [t0].[UpdatedAt0], [t0].[UpdatedBy0], [t1].[Id], [t1].[AttributeJson], [t1].[Barcode], [t1].[Color], [t1].[CostPrice], [t1].[CreatedAt], [t1].[CreatedBy], [t1].[DeletedAt], [t1].[DeletedBy], [t1].[IsActive], [t1].[IsDeleted], [t1].[Mrp], [t1].[ProductId], [t1].[SellingPrice], [t1].[Size], [t1].[Sku], [t1].[UpdatedAt], [t1].[UpdatedBy], [t1].[VariantName]
FROM (
    SELECT TOP(1) [p].[Id], [p].[Barcode], [p].[BatchTracking], [p].[Brand], [p].[CategoryId], [p].[Composition], [p].[CostPrice], [p].[CreatedAt], [p].[CreatedBy], [p].[DeletedAt], [p].[DeletedBy], [p].[ExpiryTracking], [p].[FoodType], [p].[HsnSacCode], [p].[ImageUrl], [p].[IsActive], [p].[IsDeleted], [p].[IsFeatured], [p].[IsStockTracked], [p].[IsTaxInclusive], [p].[LowStockThreshold], [p].[Manufacturer], [p].[MaxDiscountPercent], [p].[MaxStockThreshold], [p].[Mrp], [p].[Name], [p].[PortionSize], [p].[PreparationTimeMinutes], [p].[RecipeCost], [p].[ReorderQuantity], [p].[RequiresPrescription], [p].[SellingPrice], [p].[ShopId], [p].[Sku], [p].[SubCategory], [p].[TaxSlabId], [p].[UnitOfMeasureId], [p].[UpdatedAt], [p].[UpdatedBy], [p].[WholesalePrice], [t].[Id] AS [Id0], [t].[ColorHex], [t].[CreatedAt] AS [CreatedAt0], [t].[CreatedBy] AS [CreatedBy0], [t].[DeletedAt] AS [DeletedAt0], [t].[DeletedBy] AS [DeletedBy0], [t].[Description], [t].[DisplayOrder], [t].[ImageUrl] AS [ImageUrl0], [t].[IsDeleted] AS [IsDeleted0], [t].[Name] AS [Name0], [t].[ParentCategoryId], [t].[ShopId] AS [ShopId0], [t].[UpdatedAt] AS [UpdatedAt0], [t].[UpdatedBy] AS [UpdatedBy0]
    FROM [Products] AS [p]
    INNER JOIN (
        SELECT [c].[Id], [c].[ColorHex], [c].[CreatedAt], [c].[CreatedBy], [c].[DeletedAt], [c].[DeletedBy], [c].[Description], [c].[DisplayOrder], [c].[ImageUrl], [c].[IsDeleted], [c].[Name], [c].[ParentCategoryId], [c].[ShopId], [c].[UpdatedAt], [c].[UpdatedBy]
        FROM [Categories] AS [c]
        WHERE [c].[IsDeleted] = CAST(0 AS bit)
    ) AS [t] ON [p].[CategoryId] = [t].[Id]
    WHERE [p].[IsDeleted] = CAST(0 AS bit) AND [p].[Id] = @__request_Id_0
) AS [t0]
LEFT JOIN (
    SELECT [p0].[Id], [p0].[AttributeJson], [p0].[Barcode], [p0].[Color], [p0].[CostPrice], [p0].[CreatedAt], [p0].[CreatedBy], [p0].[DeletedAt], [p0].[DeletedBy], [p0].[IsActive], [p0].[IsDeleted], [p0].[Mrp], [p0].[ProductId], [p0].[SellingPrice], [p0].[Size], [p0].[Sku], [p0].[UpdatedAt], [p0].[UpdatedBy], [p0].[VariantName]
    FROM [ProductVariants] AS [p0]
    WHERE [p0].[IsDeleted] = CAST(0 AS bit)
) AS [t1] ON [t0].[Id] = [t1].[ProductId]
ORDER BY [t0].[Id], [t0].[Id0]
[19:31:55 INF] Executed DbCommand (5ms) [Parameters=[@__product_ShopId_0='?' (DbType = Guid), @__product_Id_1='?' (DbType = Guid)], CommandType='Text', CommandTimeout='30']
SELECT COALESCE(SUM([i].[QuantityOnHand]), 0.0)
FROM [InventoryStocks] AS [i]
WHERE [i].[IsDeleted] = CAST(0 AS bit) AND [i].[ShopId] = @__product_ShopId_0 AND [i].[ProductId] = @__product_Id_1
[19:31:55 INF] Executing ObjectResult, writing value of type 'BillEasePro.Application.Dtos.InventoryProductDetailDto'.
[19:31:55 INF] Executed action BillEasePro.Api.Controllers.InventoryController.Product (BillEasePro.Api) in 29.3438ms
[19:31:55 INF] Executed endpoint 'BillEasePro.Api.Controllers.InventoryController.Product (BillEasePro.Api)'
[19:31:55 INF] HTTP GET /api/v1/inventory/products/70000000-0000-0000-0000-000000000003 responded 200 in 40.4757 ms
[19:31:55 INF] Request finished HTTP/1.1 GET http://localhost:5244/api/v1/inventory/products/70000000-0000-0000-0000-000000000003 - 200 null application/json; charset=utf-8 41.4561ms
[19:31:56 INF] Request starting HTTP/1.1 OPTIONS http://localhost:5244/api/v1/inventory/products/70000000-0000-0000-0000-000000000009 - null null
[19:31:56 INF] CORS policy execution successful.
[19:31:56 INF] HTTP OPTIONS /api/v1/inventory/products/70000000-0000-0000-0000-000000000009 responded 204 in 0.4011 ms
[19:31:56 INF] Request finished HTTP/1.1 OPTIONS http://localhost:5244/api/v1/inventory/products/70000000-0000-0000-0000-000000000009 - 204 null null 24.4997ms
[19:31:56 INF] Request starting HTTP/1.1 GET http://localhost:5244/api/v1/inventory/products/70000000-0000-0000-0000-000000000009 - null null
[19:31:56 INF] CORS policy execution successful.
[19:31:56 INF] Executing endpoint 'BillEasePro.Api.Controllers.InventoryController.Product (BillEasePro.Api)'
[19:31:56 INF] Route matched with {action = "Product", controller = "Inventory"}. Executing controller action with signature System.Threading.Tasks.Task`1[BillEasePro.Application.Dtos.InventoryProductDetailDto] Product(System.Guid, System.Threading.CancellationToken) on controller BillEasePro.Api.Controllers.InventoryController (BillEasePro.Api).
[19:31:56 INF] Executed DbCommand (17ms) [Parameters=[@__request_Id_0='?' (DbType = Guid)], CommandType='Text', CommandTimeout='30']
SELECT [t0].[Id], [t0].[Barcode], [t0].[BatchTracking], [t0].[Brand], [t0].[CategoryId], [t0].[Composition], [t0].[CostPrice], [t0].[CreatedAt], [t0].[CreatedBy], [t0].[DeletedAt], [t0].[DeletedBy], [t0].[ExpiryTracking], [t0].[FoodType], [t0].[HsnSacCode], [t0].[ImageUrl], [t0].[IsActive], [t0].[IsDeleted], [t0].[IsFeatured], [t0].[IsStockTracked], [t0].[IsTaxInclusive], [t0].[LowStockThreshold], [t0].[Manufacturer], [t0].[MaxDiscountPercent], [t0].[MaxStockThreshold], [t0].[Mrp], [t0].[Name], [t0].[PortionSize], [t0].[PreparationTimeMinutes], [t0].[RecipeCost], [t0].[ReorderQuantity], [t0].[RequiresPrescription], [t0].[SellingPrice], [t0].[ShopId], [t0].[Sku], [t0].[SubCategory], [t0].[TaxSlabId], [t0].[UnitOfMeasureId], [t0].[UpdatedAt], [t0].[UpdatedBy], [t0].[WholesalePrice], [t0].[Id0], [t0].[ColorHex], [t0].[CreatedAt0], [t0].[CreatedBy0], [t0].[DeletedAt0], [t0].[DeletedBy0], [t0].[Description], [t0].[DisplayOrder], [t0].[ImageUrl0], [t0].[IsDeleted0], [t0].[Name0], [t0].[ParentCategoryId], [t0].[ShopId0], [t0].[UpdatedAt0], [t0].[UpdatedBy0], [t1].[Id], [t1].[AttributeJson], [t1].[Barcode], [t1].[Color], [t1].[CostPrice], [t1].[CreatedAt], [t1].[CreatedBy], [t1].[DeletedAt], [t1].[DeletedBy], [t1].[IsActive], [t1].[IsDeleted], [t1].[Mrp], [t1].[ProductId], [t1].[SellingPrice], [t1].[Size], [t1].[Sku], [t1].[UpdatedAt], [t1].[UpdatedBy], [t1].[VariantName]
FROM (
    SELECT TOP(1) [p].[Id], [p].[Barcode], [p].[BatchTracking], [p].[Brand], [p].[CategoryId], [p].[Composition], [p].[CostPrice], [p].[CreatedAt], [p].[CreatedBy], [p].[DeletedAt], [p].[DeletedBy], [p].[ExpiryTracking], [p].[FoodType], [p].[HsnSacCode], [p].[ImageUrl], [p].[IsActive], [p].[IsDeleted], [p].[IsFeatured], [p].[IsStockTracked], [p].[IsTaxInclusive], [p].[LowStockThreshold], [p].[Manufacturer], [p].[MaxDiscountPercent], [p].[MaxStockThreshold], [p].[Mrp], [p].[Name], [p].[PortionSize], [p].[PreparationTimeMinutes], [p].[RecipeCost], [p].[ReorderQuantity], [p].[RequiresPrescription], [p].[SellingPrice], [p].[ShopId], [p].[Sku], [p].[SubCategory], [p].[TaxSlabId], [p].[UnitOfMeasureId], [p].[UpdatedAt], [p].[UpdatedBy], [p].[WholesalePrice], [t].[Id] AS [Id0], [t].[ColorHex], [t].[CreatedAt] AS [CreatedAt0], [t].[CreatedBy] AS [CreatedBy0], [t].[DeletedAt] AS [DeletedAt0], [t].[DeletedBy] AS [DeletedBy0], [t].[Description], [t].[DisplayOrder], [t].[ImageUrl] AS [ImageUrl0], [t].[IsDeleted] AS [IsDeleted0], [t].[Name] AS [Name0], [t].[ParentCategoryId], [t].[ShopId] AS [ShopId0], [t].[UpdatedAt] AS [UpdatedAt0], [t].[UpdatedBy] AS [UpdatedBy0]
    FROM [Products] AS [p]
    INNER JOIN (
        SELECT [c].[Id], [c].[ColorHex], [c].[CreatedAt], [c].[CreatedBy], [c].[DeletedAt], [c].[DeletedBy], [c].[Description], [c].[DisplayOrder], [c].[ImageUrl], [c].[IsDeleted], [c].[Name], [c].[ParentCategoryId], [c].[ShopId], [c].[UpdatedAt], [c].[UpdatedBy]
        FROM [Categories] AS [c]
        WHERE [c].[IsDeleted] = CAST(0 AS bit)
    ) AS [t] ON [p].[CategoryId] = [t].[Id]
    WHERE [p].[IsDeleted] = CAST(0 AS bit) AND [p].[Id] = @__request_Id_0
) AS [t0]
LEFT JOIN (
    SELECT [p0].[Id], [p0].[AttributeJson], [p0].[Barcode], [p0].[Color], [p0].[CostPrice], [p0].[CreatedAt], [p0].[CreatedBy], [p0].[DeletedAt], [p0].[DeletedBy], [p0].[IsActive], [p0].[IsDeleted], [p0].[Mrp], [p0].[ProductId], [p0].[SellingPrice], [p0].[Size], [p0].[Sku], [p0].[UpdatedAt], [p0].[UpdatedBy], [p0].[VariantName]
    FROM [ProductVariants] AS [p0]
    WHERE [p0].[IsDeleted] = CAST(0 AS bit)
) AS [t1] ON [t0].[Id] = [t1].[ProductId]
ORDER BY [t0].[Id], [t0].[Id0]
[19:31:56 INF] Executed DbCommand (6ms) [Parameters=[@__product_ShopId_0='?' (DbType = Guid), @__product_Id_1='?' (DbType = Guid)], CommandType='Text', CommandTimeout='30']
SELECT COALESCE(SUM([i].[QuantityOnHand]), 0.0)
FROM [InventoryStocks] AS [i]
WHERE [i].[IsDeleted] = CAST(0 AS bit) AND [i].[ShopId] = @__product_ShopId_0 AND [i].[ProductId] = @__product_Id_1
[19:31:56 INF] Executing ObjectResult, writing value of type 'BillEasePro.Application.Dtos.InventoryProductDetailDto'.
[19:31:56 INF] Executed action BillEasePro.Api.Controllers.InventoryController.Product (BillEasePro.Api) in 41.3262ms
[19:31:56 INF] Executed endpoint 'BillEasePro.Api.Controllers.InventoryController.Product (BillEasePro.Api)'
[19:31:56 INF] HTTP GET /api/v1/inventory/products/70000000-0000-0000-0000-000000000009 responded 200 in 44.2130 ms
[19:31:56 INF] Request finished HTTP/1.1 GET http://localhost:5244/api/v1/inventory/products/70000000-0000-0000-0000-000000000009 - 200 null application/json; charset=utf-8 47.5947ms
[19:32:00 INF] Request starting HTTP/1.1 OPTIONS http://localhost:5244/api/v1/inventory/categories/tree?shopId=10000000-0000-0000-0000-000000000001 - null null
[19:32:00 INF] CORS policy execution successful.
[19:32:00 INF] HTTP OPTIONS /api/v1/inventory/categories/tree responded 204 in 0.4923 ms
[19:32:00 INF] Request finished HTTP/1.1 OPTIONS http://localhost:5244/api/v1/inventory/categories/tree?shopId=10000000-0000-0000-0000-000000000001 - 204 null null 1.3602ms
[19:32:00 INF] Request starting HTTP/1.1 GET http://localhost:5244/api/v1/inventory/categories/tree?shopId=10000000-0000-0000-0000-000000000001 - null null
[19:32:00 INF] CORS policy execution successful.
[19:32:00 INF] Executing endpoint 'BillEasePro.Api.Controllers.InventoryController.CategoryTree (BillEasePro.Api)'
[19:32:00 INF] Route matched with {action = "CategoryTree", controller = "Inventory"}. Executing controller action with signature System.Threading.Tasks.Task`1[System.Collections.Generic.IReadOnlyList`1[BillEasePro.Application.Dtos.CategoryTreeNodeDto]] CategoryTree(System.Guid, System.Threading.CancellationToken) on controller BillEasePro.Api.Controllers.InventoryController (BillEasePro.Api).
[19:32:00 INF] Executed DbCommand (8ms) [Parameters=[@__request_ShopId_0='?' (DbType = Guid)], CommandType='Text', CommandTimeout='30']
SELECT [c].[Id], [c].[ColorHex], [c].[CreatedAt], [c].[CreatedBy], [c].[DeletedAt], [c].[DeletedBy], [c].[Description], [c].[DisplayOrder], [c].[ImageUrl], [c].[IsDeleted], [c].[Name], [c].[ParentCategoryId], [c].[ShopId], [c].[UpdatedAt], [c].[UpdatedBy]
FROM [Categories] AS [c]
WHERE [c].[IsDeleted] = CAST(0 AS bit) AND [c].[ShopId] = @__request_ShopId_0
ORDER BY [c].[DisplayOrder], [c].[Name]
[19:32:00 INF] Executing ObjectResult, writing value of type 'System.Collections.Generic.List`1[[BillEasePro.Application.Dtos.CategoryTreeNodeDto, BillEasePro.Application, Version=1.0.0.0, Culture=neutral, PublicKeyToken=null]]'.
[19:32:00 INF] Executed action BillEasePro.Api.Controllers.InventoryController.CategoryTree (BillEasePro.Api) in 21.8566ms
[19:32:00 INF] Executed endpoint 'BillEasePro.Api.Controllers.InventoryController.CategoryTree (BillEasePro.Api)'
[19:32:00 INF] HTTP GET /api/v1/inventory/categories/tree responded 200 in 28.4076 ms
[19:32:00 INF] Request finished HTTP/1.1 GET http://localhost:5244/api/v1/inventory/categories/tree?shopId=10000000-0000-0000-0000-000000000001 - 200 null application/json; charset=utf-8 29.8171ms
[19:32:05 INF] Request starting HTTP/1.1 OPTIONS http://localhost:5244/api/v1/inventory/lookup?shopId=10000000-0000-0000-0000-000000000001 - null null
[19:32:05 INF] Request starting HTTP/1.1 OPTIONS http://localhost:5244/api/v1/inventory/products?shopId=10000000-0000-0000-0000-000000000001&search= - null null
[19:32:05 INF] CORS policy execution successful.
[19:32:05 INF] CORS policy execution successful.
[19:32:05 INF] HTTP OPTIONS /api/v1/inventory/products responded 204 in 0.9968 ms
[19:32:05 INF] HTTP OPTIONS /api/v1/inventory/lookup responded 204 in 1.0418 ms
[19:32:05 INF] Request starting HTTP/1.1 OPTIONS http://localhost:5244/api/v1/inventory/purchases/orders?shopId=10000000-0000-0000-0000-000000000001 - null null
[19:32:05 INF] Request finished HTTP/1.1 OPTIONS http://localhost:5244/api/v1/inventory/products?shopId=10000000-0000-0000-0000-000000000001&search= - 204 null null 2.721ms
[19:32:05 INF] Request finished HTTP/1.1 OPTIONS http://localhost:5244/api/v1/inventory/lookup?shopId=10000000-0000-0000-0000-000000000001 - 204 null null 3.1187ms
[19:32:05 INF] CORS policy execution successful.
[19:32:05 INF] HTTP OPTIONS /api/v1/inventory/purchases/orders responded 204 in 0.9357 ms
[19:32:05 INF] Request starting HTTP/1.1 GET http://localhost:5244/api/v1/inventory/products?shopId=10000000-0000-0000-0000-000000000001&search= - null null
[19:32:05 INF] Request finished HTTP/1.1 OPTIONS http://localhost:5244/api/v1/inventory/purchases/orders?shopId=10000000-0000-0000-0000-000000000001 - 204 null null 4.0397ms
[19:32:05 INF] CORS policy execution successful.
[19:32:05 INF] Request starting HTTP/1.1 GET http://localhost:5244/api/v1/inventory/lookup?shopId=10000000-0000-0000-0000-000000000001 - null null
[19:32:05 INF] Executing endpoint 'BillEasePro.Api.Controllers.InventoryController.Products (BillEasePro.Api)'
[19:32:05 INF] CORS policy execution successful.
[19:32:05 INF] Route matched with {action = "Products", controller = "Inventory"}. Executing controller action with signature System.Threading.Tasks.Task`1[System.Collections.Generic.IReadOnlyList`1[BillEasePro.Application.Dtos.InventoryProductListItemDto]] Products(System.Guid, System.String, System.Threading.CancellationToken) on controller BillEasePro.Api.Controllers.InventoryController (BillEasePro.Api).
[19:32:05 INF] Request starting HTTP/1.1 GET http://localhost:5244/api/v1/inventory/purchases/orders?shopId=10000000-0000-0000-0000-000000000001 - null null
[19:32:05 INF] Executing endpoint 'BillEasePro.Api.Controllers.InventoryController.Lookup (BillEasePro.Api)'
[19:32:05 INF] Route matched with {action = "Lookup", controller = "Inventory"}. Executing controller action with signature System.Threading.Tasks.Task`1[BillEasePro.Application.Dtos.InventoryLookupDto] Lookup(System.Guid, System.Threading.CancellationToken) on controller BillEasePro.Api.Controllers.InventoryController (BillEasePro.Api).
[19:32:05 INF] CORS policy execution successful.
[19:32:05 INF] Executing endpoint 'BillEasePro.Api.Controllers.InventoryController.PurchaseOrders (BillEasePro.Api)'
[19:32:05 INF] Route matched with {action = "PurchaseOrders", controller = "Inventory"}. Executing controller action with signature System.Threading.Tasks.Task`1[System.Collections.Generic.IReadOnlyList`1[BillEasePro.Application.Dtos.PurchaseOrderDto]] PurchaseOrders(System.Guid, System.Threading.CancellationToken) on controller BillEasePro.Api.Controllers.InventoryController (BillEasePro.Api).
[19:32:05 INF] Executed DbCommand (4ms) [Parameters=[@__request_ShopId_0='?' (DbType = Guid)], CommandType='Text', CommandTimeout='30']
SELECT [c].[Id], [c].[ShopId], [c].[Name], [c].[Description], [c].[ParentCategoryId]
FROM [Categories] AS [c]
WHERE [c].[IsDeleted] = CAST(0 AS bit) AND [c].[ShopId] = @__request_ShopId_0
ORDER BY [c].[DisplayOrder], [c].[Name]
[19:32:05 INF] Executed DbCommand (4ms) [Parameters=[], CommandType='Text', CommandTimeout='30']
SELECT [u].[Id], [u].[Name], [u].[Symbol], [u].[UnitType]
FROM [UnitOfMeasures] AS [u]
WHERE [u].[IsDeleted] = CAST(0 AS bit)
ORDER BY [u].[Name]
[19:32:05 INF] Executed DbCommand (15ms) [Parameters=[@__p_1='?' (DbType = Int32), @__request_ShopId_0='?' (DbType = Guid)], CommandType='Text', CommandTimeout='30']
SELECT [t].[Id], [t].[Barcode], [t].[BatchTracking], [t].[Brand], [t].[CategoryId], [t].[Composition], [t].[CostPrice], [t].[CreatedAt], [t].[CreatedBy], [t].[DeletedAt], [t].[DeletedBy], [t].[ExpiryTracking], [t].[FoodType], [t].[HsnSacCode], [t].[ImageUrl], [t].[IsActive], [t].[IsDeleted], [t].[IsFeatured], [t].[IsStockTracked], [t].[IsTaxInclusive], [t].[LowStockThreshold], [t].[Manufacturer], [t].[MaxDiscountPercent], [t].[MaxStockThreshold], [t].[Mrp], [t].[Name], [t].[PortionSize], [t].[PreparationTimeMinutes], [t].[RecipeCost], [t].[ReorderQuantity], [t].[RequiresPrescription], [t].[SellingPrice], [t].[ShopId], [t].[Sku], [t].[SubCategory], [t].[TaxSlabId], [t].[UnitOfMeasureId], [t].[UpdatedAt], [t].[UpdatedBy], [t].[WholesalePrice], [t0].[Id], [t0].[ColorHex], [t0].[CreatedAt], [t0].[CreatedBy], [t0].[DeletedAt], [t0].[DeletedBy], [t0].[Description], [t0].[DisplayOrder], [t0].[ImageUrl], [t0].[IsDeleted], [t0].[Name], [t0].[ParentCategoryId], [t0].[ShopId], [t0].[UpdatedAt], [t0].[UpdatedBy], [t1].[Id], [t1].[CreatedAt], [t1].[CreatedBy], [t1].[DeletedAt], [t1].[DeletedBy], [t1].[IsDeleted], [t1].[Name], [t1].[Symbol], [t1].[UnitType], [t1].[UpdatedAt], [t1].[UpdatedBy], [t2].[Id], [t2].[CreatedAt], [t2].[CreatedBy], [t2].[DeletedAt], [t2].[DeletedBy], [t2].[IsActive], [t2].[IsDeleted], [t2].[Name], [t2].[Rate], [t2].[TaxRegime], [t2].[UpdatedAt], [t2].[UpdatedBy]
FROM (
    SELECT TOP(@__p_1) [p].[Id], [p].[Barcode], [p].[BatchTracking], [p].[Brand], [p].[CategoryId], [p].[Composition], [p].[CostPrice], [p].[CreatedAt], [p].[CreatedBy], [p].[DeletedAt], [p].[DeletedBy], [p].[ExpiryTracking], [p].[FoodType], [p].[HsnSacCode], [p].[ImageUrl], [p].[IsActive], [p].[IsDeleted], [p].[IsFeatured], [p].[IsStockTracked], [p].[IsTaxInclusive], [p].[LowStockThreshold], [p].[Manufacturer], [p].[MaxDiscountPercent], [p].[MaxStockThreshold], [p].[Mrp], [p].[Name], [p].[PortionSize], [p].[PreparationTimeMinutes], [p].[RecipeCost], [p].[ReorderQuantity], [p].[RequiresPrescription], [p].[SellingPrice], [p].[ShopId], [p].[Sku], [p].[SubCategory], [p].[TaxSlabId], [p].[UnitOfMeasureId], [p].[UpdatedAt], [p].[UpdatedBy], [p].[WholesalePrice]
    FROM [Products] AS [p]
    WHERE [p].[IsDeleted] = CAST(0 AS bit) AND [p].[ShopId] = @__request_ShopId_0
    ORDER BY [p].[Name]
) AS [t]
INNER JOIN (
    SELECT [c].[Id], [c].[ColorHex], [c].[CreatedAt], [c].[CreatedBy], [c].[DeletedAt], [c].[DeletedBy], [c].[Description], [c].[DisplayOrder], [c].[ImageUrl], [c].[IsDeleted], [c].[Name], [c].[ParentCategoryId], [c].[ShopId], [c].[UpdatedAt], [c].[UpdatedBy]
    FROM [Categories] AS [c]
    WHERE [c].[IsDeleted] = CAST(0 AS bit)
) AS [t0] ON [t].[CategoryId] = [t0].[Id]
INNER JOIN (
    SELECT [u].[Id], [u].[CreatedAt], [u].[CreatedBy], [u].[DeletedAt], [u].[DeletedBy], [u].[IsDeleted], [u].[Name], [u].[Symbol], [u].[UnitType], [u].[UpdatedAt], [u].[UpdatedBy]
    FROM [UnitOfMeasures] AS [u]
    WHERE [u].[IsDeleted] = CAST(0 AS bit)
) AS [t1] ON [t].[UnitOfMeasureId] = [t1].[Id]
INNER JOIN (
    SELECT [t3].[Id], [t3].[CreatedAt], [t3].[CreatedBy], [t3].[DeletedAt], [t3].[DeletedBy], [t3].[IsActive], [t3].[IsDeleted], [t3].[Name], [t3].[Rate], [t3].[TaxRegime], [t3].[UpdatedAt], [t3].[UpdatedBy]
    FROM [TaxSlabs] AS [t3]
    WHERE [t3].[IsDeleted] = CAST(0 AS bit)
) AS [t2] ON [t].[TaxSlabId] = [t2].[Id]
ORDER BY [t].[Name]
[19:32:05 INF] Executed DbCommand (4ms) [Parameters=[], CommandType='Text', CommandTimeout='30']
SELECT [t].[Id], [t].[Name], [t].[Rate], [t].[TaxRegime], [t].[IsActive]
FROM [TaxSlabs] AS [t]
WHERE [t].[IsDeleted] = CAST(0 AS bit) AND [t].[IsActive] = CAST(1 AS bit)
ORDER BY [t].[Rate]
[19:32:05 INF] Executed DbCommand (5ms) [Parameters=[@__request_ShopId_0='?' (DbType = Guid)], CommandType='Text', CommandTimeout='30']
SELECT [s].[Id], [s].[Name], [s].[Phone], [s].[Email], [s].[OutstandingBalance]
FROM [Suppliers] AS [s]
WHERE [s].[IsDeleted] = CAST(0 AS bit) AND [s].[ShopId] = @__request_ShopId_0
ORDER BY [s].[Name]
[19:32:05 INF] Executing ObjectResult, writing value of type 'BillEasePro.Application.Dtos.InventoryLookupDto'.
[19:32:05 INF] Executed action BillEasePro.Api.Controllers.InventoryController.Lookup (BillEasePro.Api) in 27.8691ms
[19:32:05 INF] Executed endpoint 'BillEasePro.Api.Controllers.InventoryController.Lookup (BillEasePro.Api)'
[19:32:05 INF] HTTP GET /api/v1/inventory/lookup responded 200 in 30.7625 ms
[19:32:05 INF] Request finished HTTP/1.1 GET http://localhost:5244/api/v1/inventory/lookup?shopId=10000000-0000-0000-0000-000000000001 - 200 null application/json; charset=utf-8 31.5774ms
[19:32:05 INF] Executed DbCommand (12ms) [Parameters=[@__request_ShopId_0='?' (DbType = Guid), @__ids_1='?' (Size = 4000)], CommandType='Text', CommandTimeout='30']
SELECT [i].[ProductId], COALESCE(SUM([i].[QuantityOnHand]), 0.0) AS [Qty]
FROM [InventoryStocks] AS [i]
WHERE [i].[IsDeleted] = CAST(0 AS bit) AND [i].[ShopId] = @__request_ShopId_0 AND [i].[ProductId] IN (
    SELECT [i0].[value]
    FROM OPENJSON(@__ids_1) WITH ([value] uniqueidentifier '$') AS [i0]
)
GROUP BY [i].[ProductId]
[19:32:05 INF] Executing ObjectResult, writing value of type 'System.Collections.Generic.List`1[[BillEasePro.Application.Dtos.InventoryProductListItemDto, BillEasePro.Application, Version=1.0.0.0, Culture=neutral, PublicKeyToken=null]]'.
[19:32:05 INF] Executed action BillEasePro.Api.Controllers.InventoryController.Products (BillEasePro.Api) in 36.8651ms
[19:32:05 INF] Executed endpoint 'BillEasePro.Api.Controllers.InventoryController.Products (BillEasePro.Api)'
[19:32:05 INF] HTTP GET /api/v1/inventory/products responded 200 in 39.6023 ms
[19:32:05 INF] Request finished HTTP/1.1 GET http://localhost:5244/api/v1/inventory/products?shopId=10000000-0000-0000-0000-000000000001&search= - 200 null application/json; charset=utf-8 40.3996ms
[19:32:05 INF] Executed DbCommand (47ms) [Parameters=[@__p_1='?' (DbType = Int32), @__request_ShopId_0='?' (DbType = Guid)], CommandType='Text', CommandTimeout='30']
SELECT [t].[Id], [t].[CreatedAt], [t].[CreatedBy], [t].[DeletedAt], [t].[DeletedBy], [t].[ExpectedDate], [t].[GrandTotal], [t].[IsDeleted], [t].[Notes], [t].[OrderDate], [t].[PurchaseOrderNumber], [t].[ShopId], [t].[Status], [t].[SubTotal], [t].[SupplierId], [t].[TaxTotal], [t].[UpdatedAt], [t].[UpdatedBy], [t0].[Id], [t0].[Address], [t0].[BankDetails], [t0].[ContactPerson], [t0].[CreatedAt], [t0].[CreatedBy], [t0].[CreditDays], [t0].[DeletedAt], [t0].[DeletedBy], [t0].[Email], [t0].[IsDeleted], [t0].[Name], [t0].[OpeningBalance], [t0].[OutstandingBalance], [t0].[Pan], [t0].[PaymentTerms], [t0].[Phone], [t0].[ShopId], [t0].[TaxRegistrationNumber], [t0].[UpdatedAt], [t0].[UpdatedBy], [t1].[Id], [t1].[CreatedAt], [t1].[CreatedBy], [t1].[DeletedAt], [t1].[DeletedBy], [t1].[ExpectedQuantity], [t1].[IsDeleted], [t1].[LineTotal], [t1].[ProductId], [t1].[ProductVariantId], [t1].[PurchaseOrderId], [t1].[ReceivedQuantity], [t1].[TaxRate], [t1].[UnitCost], [t1].[UpdatedAt], [t1].[UpdatedBy], [t1].[Id0], [t1].[Barcode], [t1].[BatchTracking], [t1].[Brand], [t1].[CategoryId], [t1].[Composition], [t1].[CostPrice], [t1].[CreatedAt0], [t1].[CreatedBy0], [t1].[DeletedAt0], [t1].[DeletedBy0], [t1].[ExpiryTracking], [t1].[FoodType], [t1].[HsnSacCode], [t1].[ImageUrl], [t1].[IsActive], [t1].[IsDeleted0], [t1].[IsFeatured], [t1].[IsStockTracked], [t1].[IsTaxInclusive], [t1].[LowStockThreshold], [t1].[Manufacturer], [t1].[MaxDiscountPercent], [t1].[MaxStockThreshold], [t1].[Mrp], [t1].[Name], [t1].[PortionSize], [t1].[PreparationTimeMinutes], [t1].[RecipeCost], [t1].[ReorderQuantity], [t1].[RequiresPrescription], [t1].[SellingPrice], [t1].[ShopId], [t1].[Sku], [t1].[SubCategory], [t1].[TaxSlabId], [t1].[UnitOfMeasureId], [t1].[UpdatedAt0], [t1].[UpdatedBy0], [t1].[WholesalePrice]
FROM (
    SELECT TOP(@__p_1) [p].[Id], [p].[CreatedAt], [p].[CreatedBy], [p].[DeletedAt], [p].[DeletedBy], [p].[ExpectedDate], [p].[GrandTotal], [p].[IsDeleted], [p].[Notes], [p].[OrderDate], [p].[PurchaseOrderNumber], [p].[ShopId], [p].[Status], [p].[SubTotal], [p].[SupplierId], [p].[TaxTotal], [p].[UpdatedAt], [p].[UpdatedBy]
    FROM [PurchaseOrders] AS [p]
    WHERE [p].[IsDeleted] = CAST(0 AS bit) AND [p].[ShopId] = @__request_ShopId_0
    ORDER BY [p].[OrderDate] DESC
) AS [t]
INNER JOIN (
    SELECT [s].[Id], [s].[Address], [s].[BankDetails], [s].[ContactPerson], [s].[CreatedAt], [s].[CreatedBy], [s].[CreditDays], [s].[DeletedAt], [s].[DeletedBy], [s].[Email], [s].[IsDeleted], [s].[Name], [s].[OpeningBalance], [s].[OutstandingBalance], [s].[Pan], [s].[PaymentTerms], [s].[Phone], [s].[ShopId], [s].[TaxRegistrationNumber], [s].[UpdatedAt], [s].[UpdatedBy]
    FROM [Suppliers] AS [s]
    WHERE [s].[IsDeleted] = CAST(0 AS bit)
) AS [t0] ON [t].[SupplierId] = [t0].[Id]
LEFT JOIN (
    SELECT [p0].[Id], [p0].[CreatedAt], [p0].[CreatedBy], [p0].[DeletedAt], [p0].[DeletedBy], [p0].[ExpectedQuantity], [p0].[IsDeleted], [p0].[LineTotal], [p0].[ProductId], [p0].[ProductVariantId], [p0].[PurchaseOrderId], [p0].[ReceivedQuantity], [p0].[TaxRate], [p0].[UnitCost], [p0].[UpdatedAt], [p0].[UpdatedBy], [t2].[Id] AS [Id0], [t2].[Barcode], [t2].[BatchTracking], [t2].[Brand], [t2].[CategoryId], [t2].[Composition], [t2].[CostPrice], [t2].[CreatedAt] AS [CreatedAt0], [t2].[CreatedBy] AS [CreatedBy0], [t2].[DeletedAt] AS [DeletedAt0], [t2].[DeletedBy] AS [DeletedBy0], [t2].[ExpiryTracking], [t2].[FoodType], [t2].[HsnSacCode], [t2].[ImageUrl], [t2].[IsActive], [t2].[IsDeleted] AS [IsDeleted0], [t2].[IsFeatured], [t2].[IsStockTracked], [t2].[IsTaxInclusive], [t2].[LowStockThreshold], [t2].[Manufacturer], [t2].[MaxDiscountPercent], [t2].[MaxStockThreshold], [t2].[Mrp], [t2].[Name], [t2].[PortionSize], [t2].[PreparationTimeMinutes], [t2].[RecipeCost], [t2].[ReorderQuantity], [t2].[RequiresPrescription], [t2].[SellingPrice], [t2].[ShopId], [t2].[Sku], [t2].[SubCategory], [t2].[TaxSlabId], [t2].[UnitOfMeasureId], [t2].[UpdatedAt] AS [UpdatedAt0], [t2].[UpdatedBy] AS [UpdatedBy0], [t2].[WholesalePrice]
    FROM [PurchaseOrderItems] AS [p0]
    INNER JOIN (
        SELECT [p1].[Id], [p1].[Barcode], [p1].[BatchTracking], [p1].[Brand], [p1].[CategoryId], [p1].[Composition], [p1].[CostPrice], [p1].[CreatedAt], [p1].[CreatedBy], [p1].[DeletedAt], [p1].[DeletedBy], [p1].[ExpiryTracking], [p1].[FoodType], [p1].[HsnSacCode], [p1].[ImageUrl], [p1].[IsActive], [p1].[IsDeleted], [p1].[IsFeatured], [p1].[IsStockTracked], [p1].[IsTaxInclusive], [p1].[LowStockThreshold], [p1].[Manufacturer], [p1].[MaxDiscountPercent], [p1].[MaxStockThreshold], [p1].[Mrp], [p1].[Name], [p1].[PortionSize], [p1].[PreparationTimeMinutes], [p1].[RecipeCost], [p1].[ReorderQuantity], [p1].[RequiresPrescription], [p1].[SellingPrice], [p1].[ShopId], [p1].[Sku], [p1].[SubCategory], [p1].[TaxSlabId], [p1].[UnitOfMeasureId], [p1].[UpdatedAt], [p1].[UpdatedBy], [p1].[WholesalePrice]
        FROM [Products] AS [p1]
        WHERE [p1].[IsDeleted] = CAST(0 AS bit)
    ) AS [t2] ON [p0].[ProductId] = [t2].[Id]
    WHERE [p0].[IsDeleted] = CAST(0 AS bit)
) AS [t1] ON [t].[Id] = [t1].[PurchaseOrderId]
ORDER BY [t].[OrderDate] DESC, [t].[Id], [t0].[Id], [t1].[Id]
[19:32:05 INF] Executing ObjectResult, writing value of type 'System.Collections.Generic.List`1[[BillEasePro.Application.Dtos.PurchaseOrderDto, BillEasePro.Application, Version=1.0.0.0, Culture=neutral, PublicKeyToken=null]]'.
[19:32:05 INF] Executed action BillEasePro.Api.Controllers.InventoryController.PurchaseOrders (BillEasePro.Api) in 118.962ms
[19:32:05 INF] Executed endpoint 'BillEasePro.Api.Controllers.InventoryController.PurchaseOrders (BillEasePro.Api)'
[19:32:05 INF] HTTP GET /api/v1/inventory/purchases/orders responded 200 in 126.1096 ms
[19:32:05 INF] Request finished HTTP/1.1 GET http://localhost:5244/api/v1/inventory/purchases/orders?shopId=10000000-0000-0000-0000-000000000001 - 200 null application/json; charset=utf-8 128.2002ms
[19:32:06 INF] Request starting HTTP/1.1 OPTIONS http://localhost:5244/api/v1/inventory/suppliers?shopId=10000000-0000-0000-0000-000000000001 - null null
[19:32:06 INF] Request starting HTTP/1.1 OPTIONS http://localhost:5244/api/v1/inventory/suppliers/analysis?shopId=10000000-0000-0000-0000-000000000001 - null null
[19:32:06 INF] CORS policy execution successful.
[19:32:06 INF] CORS policy execution successful.
[19:32:06 INF] HTTP OPTIONS /api/v1/inventory/suppliers responded 204 in 0.6952 ms
[19:32:06 INF] HTTP OPTIONS /api/v1/inventory/suppliers/analysis responded 204 in 0.5700 ms
[19:32:06 INF] Request finished HTTP/1.1 OPTIONS http://localhost:5244/api/v1/inventory/suppliers?shopId=10000000-0000-0000-0000-000000000001 - 204 null null 1.6145ms
[19:32:06 INF] Request finished HTTP/1.1 OPTIONS http://localhost:5244/api/v1/inventory/suppliers/analysis?shopId=10000000-0000-0000-0000-000000000001 - 204 null null 1.7351ms
[19:32:06 INF] Request starting HTTP/1.1 GET http://localhost:5244/api/v1/inventory/suppliers/analysis?shopId=10000000-0000-0000-0000-000000000001 - null null
[19:32:06 INF] Request starting HTTP/1.1 GET http://localhost:5244/api/v1/inventory/suppliers?shopId=10000000-0000-0000-0000-000000000001 - null null
[19:32:06 INF] CORS policy execution successful.
[19:32:06 INF] Executing endpoint 'BillEasePro.Api.Controllers.InventoryController.Suppliers (BillEasePro.Api)'
[19:32:06 INF] CORS policy execution successful.
[19:32:06 INF] Executing endpoint 'BillEasePro.Api.Controllers.InventoryController.SupplierAnalysis (BillEasePro.Api)'
[19:32:06 INF] Route matched with {action = "Suppliers", controller = "Inventory"}. Executing controller action with signature System.Threading.Tasks.Task`1[System.Collections.Generic.IReadOnlyList`1[BillEasePro.Application.Dtos.SupplierSummaryDto]] Suppliers(System.Guid, System.Threading.CancellationToken) on controller BillEasePro.Api.Controllers.InventoryController (BillEasePro.Api).
[19:32:06 INF] Route matched with {action = "SupplierAnalysis", controller = "Inventory"}. Executing controller action with signature System.Threading.Tasks.Task`1[System.Collections.Generic.IReadOnlyList`1[BillEasePro.Application.Dtos.SupplierAnalysisDto]] SupplierAnalysis(System.Guid, System.Threading.CancellationToken) on controller BillEasePro.Api.Controllers.InventoryController (BillEasePro.Api).
[19:32:06 INF] Executed DbCommand (5ms) [Parameters=[@__request_ShopId_0='?' (DbType = Guid)], CommandType='Text', CommandTimeout='30']
SELECT [s].[Id], [s].[Name], [s].[Phone], [s].[Email], [s].[OutstandingBalance]
FROM [Suppliers] AS [s]
WHERE [s].[IsDeleted] = CAST(0 AS bit) AND [s].[ShopId] = @__request_ShopId_0
ORDER BY [s].[Name]
[19:32:06 INF] Executing ObjectResult, writing value of type 'System.Collections.Generic.List`1[[BillEasePro.Application.Dtos.SupplierSummaryDto, BillEasePro.Application, Version=1.0.0.0, Culture=neutral, PublicKeyToken=null]]'.
[19:32:06 INF] Executed action BillEasePro.Api.Controllers.InventoryController.Suppliers (BillEasePro.Api) in 11.4584ms
[19:32:06 INF] Executed endpoint 'BillEasePro.Api.Controllers.InventoryController.Suppliers (BillEasePro.Api)'
[19:32:06 INF] HTTP GET /api/v1/inventory/suppliers responded 200 in 17.6394 ms
[19:32:06 INF] Request finished HTTP/1.1 GET http://localhost:5244/api/v1/inventory/suppliers?shopId=10000000-0000-0000-0000-000000000001 - 200 null application/json; charset=utf-8 19.2463ms
[19:32:06 INF] Executed DbCommand (7ms) [Parameters=[@__request_ShopId_0='?' (DbType = Guid)], CommandType='Text', CommandTimeout='30']
SELECT [s].[Id], [s].[Address], [s].[BankDetails], [s].[ContactPerson], [s].[CreatedAt], [s].[CreatedBy], [s].[CreditDays], [s].[DeletedAt], [s].[DeletedBy], [s].[Email], [s].[IsDeleted], [s].[Name], [s].[OpeningBalance], [s].[OutstandingBalance], [s].[Pan], [s].[PaymentTerms], [s].[Phone], [s].[ShopId], [s].[TaxRegistrationNumber], [s].[UpdatedAt], [s].[UpdatedBy]
FROM [Suppliers] AS [s]
WHERE [s].[IsDeleted] = CAST(0 AS bit) AND [s].[ShopId] = @__request_ShopId_0
[19:32:06 INF] Executed DbCommand (7ms) [Parameters=[@__request_ShopId_0='?' (DbType = Guid)], CommandType='Text', CommandTimeout='30']
SELECT [s].[Id], [s].[BalanceAfter], [s].[CreatedAt], [s].[CreatedBy], [s].[Credit], [s].[Debit], [s].[DeletedAt], [s].[DeletedBy], [s].[DueDate], [s].[EntryDate], [s].[EntryType], [s].[IsDeleted], [s].[Notes], [s].[ReferenceId], [s].[ReferenceType], [s].[ShopId], [s].[SupplierId], [s].[UpdatedAt], [s].[UpdatedBy]
FROM [SupplierLedgerEntries] AS [s]
WHERE [s].[IsDeleted] = CAST(0 AS bit) AND [s].[ShopId] = @__request_ShopId_0
[19:32:06 INF] Executing ObjectResult, writing value of type 'System.Collections.Generic.List`1[[BillEasePro.Application.Dtos.SupplierAnalysisDto, BillEasePro.Application, Version=1.0.0.0, Culture=neutral, PublicKeyToken=null]]'.
[19:32:06 INF] Executed action BillEasePro.Api.Controllers.InventoryController.SupplierAnalysis (BillEasePro.Api) in 41.4541ms
[19:32:06 INF] Executed endpoint 'BillEasePro.Api.Controllers.InventoryController.SupplierAnalysis (BillEasePro.Api)'
[19:32:06 INF] HTTP GET /api/v1/inventory/suppliers/analysis responded 200 in 48.9280 ms
[19:32:06 INF] Request finished HTTP/1.1 GET http://localhost:5244/api/v1/inventory/suppliers/analysis?shopId=10000000-0000-0000-0000-000000000001 - 200 null application/json; charset=utf-8 49.8077ms
[19:32:15 INF] Request starting HTTP/1.1 OPTIONS http://localhost:5244/api/v1/reports/catalog - null null
[19:32:15 INF] CORS policy execution successful.
[19:32:15 INF] HTTP OPTIONS /api/v1/reports/catalog responded 204 in 1.0737 ms
[19:32:15 INF] Request finished HTTP/1.1 OPTIONS http://localhost:5244/api/v1/reports/catalog - 204 null null 4.3925ms
[19:32:15 INF] Request starting HTTP/1.1 GET http://localhost:5244/api/v1/reports/catalog - null null
[19:32:15 INF] CORS policy execution successful.
[19:32:15 INF] Executing endpoint 'BillEasePro.Api.Controllers.ReportsController.Catalog (BillEasePro.Api)'
[19:32:15 INF] Route matched with {action = "Catalog", controller = "Reports"}. Executing controller action with signature System.Threading.Tasks.Task`1[BillEasePro.Application.Dtos.ReportCatalogDto] Catalog(System.Threading.CancellationToken) on controller BillEasePro.Api.Controllers.ReportsController (BillEasePro.Api).
[19:32:15 INF] Executing ObjectResult, writing value of type 'BillEasePro.Application.Dtos.ReportCatalogDto'.
[19:32:15 INF] Executed action BillEasePro.Api.Controllers.ReportsController.Catalog (BillEasePro.Api) in 12.357ms
[19:32:15 INF] Executed endpoint 'BillEasePro.Api.Controllers.ReportsController.Catalog (BillEasePro.Api)'
[19:32:15 INF] HTTP GET /api/v1/reports/catalog responded 200 in 24.9387 ms
[19:32:15 INF] Request finished HTTP/1.1 GET http://localhost:5244/api/v1/reports/catalog - 200 null application/json; charset=utf-8 26.0325ms
[19:32:15 INF] Request starting HTTP/1.1 OPTIONS http://localhost:5244/api/v1/reports/dashboard?shopId=10000000-0000-0000-0000-000000000001 - null null
[19:32:15 INF] CORS policy execution successful.
[19:32:15 INF] HTTP OPTIONS /api/v1/reports/dashboard responded 204 in 1.7929 ms
[19:32:15 INF] Request finished HTTP/1.1 OPTIONS http://localhost:5244/api/v1/reports/dashboard?shopId=10000000-0000-0000-0000-000000000001 - 204 null null 3.49ms
[19:32:15 INF] Request starting HTTP/1.1 GET http://localhost:5244/api/v1/reports/dashboard?shopId=10000000-0000-0000-0000-000000000001 - null null
[19:32:15 INF] CORS policy execution successful.
[19:32:15 INF] Executing endpoint 'BillEasePro.Api.Controllers.ReportsController.Dashboard (BillEasePro.Api)'
[19:32:15 INF] Route matched with {action = "Dashboard", controller = "Reports"}. Executing controller action with signature System.Threading.Tasks.Task`1[BillEasePro.Application.Dtos.AnalyticsDashboardDto] Dashboard(System.Guid, System.Threading.CancellationToken) on controller BillEasePro.Api.Controllers.ReportsController (BillEasePro.Api).
[19:32:15 INF] Executed DbCommand (68ms) [Parameters=[@__request_ShopId_0='?' (DbType = Guid), @__p_1='?' (DbType = DateTimeOffset)], CommandType='Text', CommandTimeout='30']
SELECT [s].[Id], [s].[BillDiscountAmount], [s].[BillDiscountType], [s].[BillDiscountValue], [s].[CouponCode], [s].[CouponDiscountAmount], [s].[CreatedAt], [s].[CreatedBy], [s].[CustomerId], [s].[DeletedAt], [s].[DeletedBy], [s].[DiscountTotal], [s].[GrandTotal], [s].[InvoiceDate], [s].[InvoiceNumber], [s].[IsDeleted], [s].[ItemDiscountTotal], [s].[Notes], [s].[PaymentStatus], [s].[RoundOff], [s].[ShopId], [s].[Status], [s].[SubTotal], [s].[TaxTotal], [s].[TaxableAmount], [s].[UpdatedAt], [s].[UpdatedBy], [t].[Id], [t].[BillingAddress], [t].[CreatedAt], [t].[CreatedBy], [t].[CreditLimit], [t].[DeletedAt], [t].[DeletedBy], [t].[Email], [t].[IsDeleted], [t].[IsWalkIn], [t].[LoyaltyPoints], [t].[Name], [t].[OutstandingBalance], [t].[Phone], [t].[ShopId], [t].[TaxRegistrationNumber], [t].[UpdatedAt], [t].[UpdatedBy], [t1].[Id], [t1].[CreatedAt], [t1].[CreatedBy], [t1].[DeletedAt], [t1].[DeletedBy], [t1].[Description], [t1].[DiscountAmount], [t1].[IsDeleted], [t1].[LineTotal], [t1].[ProductId], [t1].[ProductVariantId], [t1].[Quantity], [t1].[SalesInvoiceId], [t1].[TaxAmount], [t1].[TaxRate], [t1].[UnitPrice], [t1].[UpdatedAt], [t1].[UpdatedBy], [t1].[Id0], [t1].[Barcode], [t1].[BatchTracking], [t1].[Brand], [t1].[CategoryId], [t1].[Composition], [t1].[CostPrice], [t1].[CreatedAt0], [t1].[CreatedBy0], [t1].[DeletedAt0], [t1].[DeletedBy0], [t1].[ExpiryTracking], [t1].[FoodType], [t1].[HsnSacCode], [t1].[ImageUrl], [t1].[IsActive], [t1].[IsDeleted0], [t1].[IsFeatured], [t1].[IsStockTracked], [t1].[IsTaxInclusive], [t1].[LowStockThreshold], [t1].[Manufacturer], [t1].[MaxDiscountPercent], [t1].[MaxStockThreshold], [t1].[Mrp], [t1].[Name], [t1].[PortionSize], [t1].[PreparationTimeMinutes], [t1].[RecipeCost], [t1].[ReorderQuantity], [t1].[RequiresPrescription], [t1].[SellingPrice], [t1].[ShopId], [t1].[Sku], [t1].[SubCategory], [t1].[TaxSlabId], [t1].[UnitOfMeasureId], [t1].[UpdatedAt0], [t1].[UpdatedBy0], [t1].[WholesalePrice], [t1].[Id1], [t1].[ColorHex], [t1].[CreatedAt1], [t1].[CreatedBy1], [t1].[DeletedAt1], [t1].[DeletedBy1], [t1].[Description0], [t1].[DisplayOrder], [t1].[ImageUrl0], [t1].[IsDeleted1], [t1].[Name0], [t1].[ParentCategoryId], [t1].[ShopId0], [t1].[UpdatedAt1], [t1].[UpdatedBy1], [t3].[Id], [t3].[Amount], [t3].[CreatedAt], [t3].[CreatedBy], [t3].[DeletedAt], [t3].[DeletedBy], [t3].[Details], [t3].[IsDeleted], [t3].[Method], [t3].[PaidAt], [t3].[ReferenceNumber], [t3].[SalesInvoiceId], [t3].[ShopId], [t3].[UpdatedAt], [t3].[UpdatedBy]
FROM [SalesInvoices] AS [s]
LEFT JOIN (
    SELECT [c].[Id], [c].[BillingAddress], [c].[CreatedAt], [c].[CreatedBy], [c].[CreditLimit], [c].[DeletedAt], [c].[DeletedBy], [c].[Email], [c].[IsDeleted], [c].[IsWalkIn], [c].[LoyaltyPoints], [c].[Name], [c].[OutstandingBalance], [c].[Phone], [c].[ShopId], [c].[TaxRegistrationNumber], [c].[UpdatedAt], [c].[UpdatedBy]
    FROM [Customers] AS [c]
    WHERE [c].[IsDeleted] = CAST(0 AS bit)
) AS [t] ON [s].[CustomerId] = [t].[Id]
LEFT JOIN (
    SELECT [s0].[Id], [s0].[CreatedAt], [s0].[CreatedBy], [s0].[DeletedAt], [s0].[DeletedBy], [s0].[Description], [s0].[DiscountAmount], [s0].[IsDeleted], [s0].[LineTotal], [s0].[ProductId], [s0].[ProductVariantId], [s0].[Quantity], [s0].[SalesInvoiceId], [s0].[TaxAmount], [s0].[TaxRate], [s0].[UnitPrice], [s0].[UpdatedAt], [s0].[UpdatedBy], [t0].[Id] AS [Id0], [t0].[Barcode], [t0].[BatchTracking], [t0].[Brand], [t0].[CategoryId], [t0].[Composition], [t0].[CostPrice], [t0].[CreatedAt] AS [CreatedAt0], [t0].[CreatedBy] AS [CreatedBy0], [t0].[DeletedAt] AS [DeletedAt0], [t0].[DeletedBy] AS [DeletedBy0], [t0].[ExpiryTracking], [t0].[FoodType], [t0].[HsnSacCode], [t0].[ImageUrl], [t0].[IsActive], [t0].[IsDeleted] AS [IsDeleted0], [t0].[IsFeatured], [t0].[IsStockTracked], [t0].[IsTaxInclusive], [t0].[LowStockThreshold], [t0].[Manufacturer], [t0].[MaxDiscountPercent], [t0].[MaxStockThreshold], [t0].[Mrp], [t0].[Name], [t0].[PortionSize], [t0].[PreparationTimeMinutes], [t0].[RecipeCost], [t0].[ReorderQuantity], [t0].[RequiresPrescription], [t0].[SellingPrice], [t0].[ShopId], [t0].[Sku], [t0].[SubCategory], [t0].[TaxSlabId], [t0].[UnitOfMeasureId], [t0].[UpdatedAt] AS [UpdatedAt0], [t0].[UpdatedBy] AS [UpdatedBy0], [t0].[WholesalePrice], [t2].[Id] AS [Id1], [t2].[ColorHex], [t2].[CreatedAt] AS [CreatedAt1], [t2].[CreatedBy] AS [CreatedBy1], [t2].[DeletedAt] AS [DeletedAt1], [t2].[DeletedBy] AS [DeletedBy1], [t2].[Description] AS [Description0], [t2].[DisplayOrder], [t2].[ImageUrl] AS [ImageUrl0], [t2].[IsDeleted] AS [IsDeleted1], [t2].[Name] AS [Name0], [t2].[ParentCategoryId], [t2].[ShopId] AS [ShopId0], [t2].[UpdatedAt] AS [UpdatedAt1], [t2].[UpdatedBy] AS [UpdatedBy1]
    FROM [SalesInvoiceItems] AS [s0]
    INNER JOIN (
        SELECT [p].[Id], [p].[Barcode], [p].[BatchTracking], [p].[Brand], [p].[CategoryId], [p].[Composition], [p].[CostPrice], [p].[CreatedAt], [p].[CreatedBy], [p].[DeletedAt], [p].[DeletedBy], [p].[ExpiryTracking], [p].[FoodType], [p].[HsnSacCode], [p].[ImageUrl], [p].[IsActive], [p].[IsDeleted], [p].[IsFeatured], [p].[IsStockTracked], [p].[IsTaxInclusive], [p].[LowStockThreshold], [p].[Manufacturer], [p].[MaxDiscountPercent], [p].[MaxStockThreshold], [p].[Mrp], [p].[Name], [p].[PortionSize], [p].[PreparationTimeMinutes], [p].[RecipeCost], [p].[ReorderQuantity], [p].[RequiresPrescription], [p].[SellingPrice], [p].[ShopId], [p].[Sku], [p].[SubCategory], [p].[TaxSlabId], [p].[UnitOfMeasureId], [p].[UpdatedAt], [p].[UpdatedBy], [p].[WholesalePrice]
        FROM [Products] AS [p]
        WHERE [p].[IsDeleted] = CAST(0 AS bit)
    ) AS [t0] ON [s0].[ProductId] = [t0].[Id]
    INNER JOIN (
        SELECT [c0].[Id], [c0].[ColorHex], [c0].[CreatedAt], [c0].[CreatedBy], [c0].[DeletedAt], [c0].[DeletedBy], [c0].[Description], [c0].[DisplayOrder], [c0].[ImageUrl], [c0].[IsDeleted], [c0].[Name], [c0].[ParentCategoryId], [c0].[ShopId], [c0].[UpdatedAt], [c0].[UpdatedBy]
        FROM [Categories] AS [c0]
        WHERE [c0].[IsDeleted] = CAST(0 AS bit)
    ) AS [t2] ON [t0].[CategoryId] = [t2].[Id]
    WHERE [s0].[IsDeleted] = CAST(0 AS bit)
) AS [t1] ON [s].[Id] = [t1].[SalesInvoiceId]
LEFT JOIN (
    SELECT [p0].[Id], [p0].[Amount], [p0].[CreatedAt], [p0].[CreatedBy], [p0].[DeletedAt], [p0].[DeletedBy], [p0].[Details], [p0].[IsDeleted], [p0].[Method], [p0].[PaidAt], [p0].[ReferenceNumber], [p0].[SalesInvoiceId], [p0].[ShopId], [p0].[UpdatedAt], [p0].[UpdatedBy]
    FROM [Payments] AS [p0]
    WHERE [p0].[IsDeleted] = CAST(0 AS bit)
) AS [t3] ON [s].[Id] = [t3].[SalesInvoiceId]
WHERE [s].[IsDeleted] = CAST(0 AS bit) AND [s].[ShopId] = @__request_ShopId_0 AND [s].[InvoiceDate] >= @__p_1
ORDER BY [s].[Id], [t].[Id], [t1].[Id], [t1].[Id0], [t1].[Id1]
[19:32:15 INF] Executed DbCommand (5ms) [Parameters=[@__request_ShopId_0='?' (DbType = Guid), @__p_1='?' (DbType = DateTimeOffset)], CommandType='Text', CommandTimeout='30']
SELECT [p].[Id], [p].[CreatedAt], [p].[CreatedBy], [p].[DeletedAt], [p].[DeletedBy], [p].[GrandTotal], [p].[InvoiceDate], [p].[IsDeleted], [p].[PaymentStatus], [p].[PurchaseOrderId], [p].[ShopId], [p].[SubTotal], [p].[SupplierId], [p].[SupplierInvoiceNumber], [p].[TaxTotal], [p].[UpdatedAt], [p].[UpdatedBy]
FROM [PurchaseInvoices] AS [p]
WHERE [p].[IsDeleted] = CAST(0 AS bit) AND [p].[ShopId] = @__request_ShopId_0 AND [p].[InvoiceDate] >= @__p_1
[19:32:15 INF] Executed DbCommand (3ms) [Parameters=[@__request_ShopId_0='?' (DbType = Guid)], CommandType='Text', CommandTimeout='30']
SELECT [c].[Id], [c].[BillingAddress], [c].[CreatedAt], [c].[CreatedBy], [c].[CreditLimit], [c].[DeletedAt], [c].[DeletedBy], [c].[Email], [c].[IsDeleted], [c].[IsWalkIn], [c].[LoyaltyPoints], [c].[Name], [c].[OutstandingBalance], [c].[Phone], [c].[ShopId], [c].[TaxRegistrationNumber], [c].[UpdatedAt], [c].[UpdatedBy]
FROM [Customers] AS [c]
WHERE [c].[IsDeleted] = CAST(0 AS bit) AND [c].[ShopId] = @__request_ShopId_0
[19:32:15 INF] Executing ObjectResult, writing value of type 'BillEasePro.Application.Dtos.AnalyticsDashboardDto'.
[19:32:15 INF] Executed action BillEasePro.Api.Controllers.ReportsController.Dashboard (BillEasePro.Api) in 95.5606ms
[19:32:15 INF] Executed endpoint 'BillEasePro.Api.Controllers.ReportsController.Dashboard (BillEasePro.Api)'
[19:32:15 INF] HTTP GET /api/v1/reports/dashboard responded 200 in 97.5509 ms
[19:32:15 INF] Request finished HTTP/1.1 GET http://localhost:5244/api/v1/reports/dashboard?shopId=10000000-0000-0000-0000-000000000001 - 200 null application/json; charset=utf-8 98.2781ms
[19:32:16 INF] Request starting HTTP/1.1 OPTIONS http://localhost:5244/api/v1/shops/10000000-0000-0000-0000-000000000001 - null null
[19:32:16 INF] CORS policy execution successful.
[19:32:16 INF] HTTP OPTIONS /api/v1/shops/10000000-0000-0000-0000-000000000001 responded 204 in 0.5973 ms
[19:32:16 INF] Request finished HTTP/1.1 OPTIONS http://localhost:5244/api/v1/shops/10000000-0000-0000-0000-000000000001 - 204 null null 1.4743ms
[19:32:16 INF] Request starting HTTP/1.1 GET http://localhost:5244/api/v1/shops/10000000-0000-0000-0000-000000000001 - null null
[19:32:16 INF] CORS policy execution successful.
[19:32:16 INF] Executing endpoint 'BillEasePro.Api.Controllers.ShopsController.Get (BillEasePro.Api)'
[19:32:16 INF] Route matched with {action = "Get", controller = "Shops"}. Executing controller action with signature System.Threading.Tasks.Task`1[Microsoft.AspNetCore.Mvc.ActionResult`1[BillEasePro.Application.Dtos.ShopDto]] Get(System.Guid, System.Threading.CancellationToken) on controller BillEasePro.Api.Controllers.ShopsController (BillEasePro.Api).
[19:32:16 INF] Executed action BillEasePro.Api.Controllers.ShopsController.Get (BillEasePro.Api) in 4.8545ms
[19:32:16 INF] Executed endpoint 'BillEasePro.Api.Controllers.ShopsController.Get (BillEasePro.Api)'
[19:32:16 ERR] Unhandled API exception
System.InvalidOperationException: No service for type 'MediatR.IRequestHandler`2[BillEasePro.Application.Features.Crud.GetEntityByIdQuery`2[BillEasePro.Domain.Entities.Shop,BillEasePro.Application.Dtos.ShopDto],BillEasePro.Application.Dtos.ShopDto]' has been registered.
   at Microsoft.Extensions.DependencyInjection.ServiceProviderServiceExtensions.GetRequiredService(IServiceProvider provider, Type serviceType)
   at Microsoft.Extensions.DependencyInjection.ServiceProviderServiceExtensions.GetRequiredService[T](IServiceProvider provider)
   at MediatR.Wrappers.RequestHandlerWrapperImpl`2.<>c__DisplayClass1_0.<Handle>g__Handler|0()
   at BillEasePro.Application.Validation.ValidationBehavior`2.Handle(TRequest request, RequestHandlerDelegate`1 next, CancellationToken cancellationToken) in C:\Dev\Billing Sw\src\BillEasePro.Application\Validation\ValidationBehavior.cs:line 15
   at BillEasePro.Api.Controllers.CrudController`2.Get(Guid id, CancellationToken cancellationToken) in C:\Dev\Billing Sw\src\BillEasePro.Api\Controllers\CrudController.cs:line 27
   at lambda_method1792(Closure, Object)
   at Microsoft.AspNetCore.Mvc.Infrastructure.ActionMethodExecutor.AwaitableObjectResultExecutor.Execute(ActionContext actionContext, IActionResultTypeMapper mapper, ObjectMethodExecutor executor, Object controller, Object[] arguments)
   at Microsoft.AspNetCore.Mvc.Infrastructure.ControllerActionInvoker.<InvokeActionMethodAsync>g__Awaited|12_0(ControllerActionInvoker invoker, ValueTask`1 actionResultValueTask)
   at Microsoft.AspNetCore.Mvc.Infrastructure.ControllerActionInvoker.<InvokeNextActionFilterAsync>g__Awaited|10_0(ControllerActionInvoker invoker, Task lastTask, State next, Scope scope, Object state, Boolean isCompleted)
   at Microsoft.AspNetCore.Mvc.Infrastructure.ControllerActionInvoker.Rethrow(ActionExecutedContextSealed context)
   at Microsoft.AspNetCore.Mvc.Infrastructure.ControllerActionInvoker.Next(State& next, Scope& scope, Object& state, Boolean& isCompleted)
   at Microsoft.AspNetCore.Mvc.Infrastructure.ControllerActionInvoker.InvokeInnerFilterAsync()
--- End of stack trace from previous location ---
   at Microsoft.AspNetCore.Mvc.Infrastructure.ResourceInvoker.<InvokeFilterPipelineAsync>g__Awaited|20_0(ResourceInvoker invoker, Task lastTask, State next, Scope scope, Object state, Boolean isCompleted)
   at Microsoft.AspNetCore.Mvc.Infrastructure.ResourceInvoker.<InvokeAsync>g__Logged|17_1(ResourceInvoker invoker)
   at Microsoft.AspNetCore.Mvc.Infrastructure.ResourceInvoker.<InvokeAsync>g__Logged|17_1(ResourceInvoker invoker)
   at Microsoft.AspNetCore.Routing.EndpointMiddleware.<Invoke>g__AwaitRequestTask|7_0(Endpoint endpoint, Task requestTask, ILogger logger)
   at Microsoft.AspNetCore.Authorization.AuthorizationMiddleware.Invoke(HttpContext context)
   at Microsoft.AspNetCore.Authentication.AuthenticationMiddleware.Invoke(HttpContext context)
   at Swashbuckle.AspNetCore.SwaggerUI.SwaggerUIMiddleware.Invoke(HttpContext httpContext)
   at Swashbuckle.AspNetCore.Swagger.SwaggerMiddleware.Invoke(HttpContext httpContext, ISwaggerProvider swaggerProvider)
   at Program.<>c.<<<Main>$>b__0_9>d.MoveNext() in C:\Dev\Billing Sw\src\BillEasePro.Api\Program.cs:line 118
--- End of stack trace from previous location ---
   at BillEasePro.Api.Middleware.GlobalExceptionMiddleware.InvokeAsync(HttpContext context) in C:\Dev\Billing Sw\src\BillEasePro.Api\Middleware\GlobalExceptionMiddleware.cs:line 21
[19:32:16 INF] HTTP GET /api/v1/shops/10000000-0000-0000-0000-000000000001 responded 409 in 71.2722 ms
[19:32:16 INF] Request finished HTTP/1.1 GET http://localhost:5244/api/v1/shops/10000000-0000-0000-0000-000000000001 - 409 null application/json; charset=utf-8 73.4887ms
[19:32:44 INF] Request starting HTTP/1.1 OPTIONS http://localhost:5244/api/v1/inventory/lookup?shopId=10000000-0000-0000-0000-000000000001 - null null
[19:32:44 INF] Request starting HTTP/1.1 OPTIONS http://localhost:5244/api/v1/inventory/products?shopId=10000000-0000-0000-0000-000000000001&search= - null null
[19:32:44 INF] CORS policy execution successful.
[19:32:44 INF] CORS policy execution successful.
[19:32:44 INF] HTTP OPTIONS /api/v1/inventory/lookup responded 204 in 1.7130 ms
[19:32:44 INF] HTTP OPTIONS /api/v1/inventory/products responded 204 in 1.5375 ms
[19:32:44 INF] Request finished HTTP/1.1 OPTIONS http://localhost:5244/api/v1/inventory/lookup?shopId=10000000-0000-0000-0000-000000000001 - 204 null null 43.9778ms
[19:32:44 INF] Request finished HTTP/1.1 OPTIONS http://localhost:5244/api/v1/inventory/products?shopId=10000000-0000-0000-0000-000000000001&search= - 204 null null 44.2ms
[19:32:44 INF] Request starting HTTP/1.1 GET http://localhost:5244/api/v1/inventory/lookup?shopId=10000000-0000-0000-0000-000000000001 - null null
[19:32:44 INF] Request starting HTTP/1.1 GET http://localhost:5244/api/v1/inventory/products?shopId=10000000-0000-0000-0000-000000000001&search= - null null
[19:32:44 INF] CORS policy execution successful.
[19:32:44 INF] CORS policy execution successful.
[19:32:44 INF] Executing endpoint 'BillEasePro.Api.Controllers.InventoryController.Lookup (BillEasePro.Api)'
[19:32:44 INF] Route matched with {action = "Lookup", controller = "Inventory"}. Executing controller action with signature System.Threading.Tasks.Task`1[BillEasePro.Application.Dtos.InventoryLookupDto] Lookup(System.Guid, System.Threading.CancellationToken) on controller BillEasePro.Api.Controllers.InventoryController (BillEasePro.Api).
[19:32:44 INF] Executing endpoint 'BillEasePro.Api.Controllers.InventoryController.Products (BillEasePro.Api)'
[19:32:44 INF] Route matched with {action = "Products", controller = "Inventory"}. Executing controller action with signature System.Threading.Tasks.Task`1[System.Collections.Generic.IReadOnlyList`1[BillEasePro.Application.Dtos.InventoryProductListItemDto]] Products(System.Guid, System.String, System.Threading.CancellationToken) on controller BillEasePro.Api.Controllers.InventoryController (BillEasePro.Api).
[19:32:44 INF] Executed DbCommand (6ms) [Parameters=[@__request_ShopId_0='?' (DbType = Guid)], CommandType='Text', CommandTimeout='30']
SELECT [c].[Id], [c].[ShopId], [c].[Name], [c].[Description], [c].[ParentCategoryId]
FROM [Categories] AS [c]
WHERE [c].[IsDeleted] = CAST(0 AS bit) AND [c].[ShopId] = @__request_ShopId_0
ORDER BY [c].[DisplayOrder], [c].[Name]
[19:32:44 INF] Executed DbCommand (3ms) [Parameters=[], CommandType='Text', CommandTimeout='30']
SELECT [u].[Id], [u].[Name], [u].[Symbol], [u].[UnitType]
FROM [UnitOfMeasures] AS [u]
WHERE [u].[IsDeleted] = CAST(0 AS bit)
ORDER BY [u].[Name]
[19:32:44 INF] Executed DbCommand (3ms) [Parameters=[], CommandType='Text', CommandTimeout='30']
SELECT [t].[Id], [t].[Name], [t].[Rate], [t].[TaxRegime], [t].[IsActive]
FROM [TaxSlabs] AS [t]
WHERE [t].[IsDeleted] = CAST(0 AS bit) AND [t].[IsActive] = CAST(1 AS bit)
ORDER BY [t].[Rate]
[19:32:44 INF] Executed DbCommand (19ms) [Parameters=[@__p_1='?' (DbType = Int32), @__request_ShopId_0='?' (DbType = Guid)], CommandType='Text', CommandTimeout='30']
SELECT [t].[Id], [t].[Barcode], [t].[BatchTracking], [t].[Brand], [t].[CategoryId], [t].[Composition], [t].[CostPrice], [t].[CreatedAt], [t].[CreatedBy], [t].[DeletedAt], [t].[DeletedBy], [t].[ExpiryTracking], [t].[FoodType], [t].[HsnSacCode], [t].[ImageUrl], [t].[IsActive], [t].[IsDeleted], [t].[IsFeatured], [t].[IsStockTracked], [t].[IsTaxInclusive], [t].[LowStockThreshold], [t].[Manufacturer], [t].[MaxDiscountPercent], [t].[MaxStockThreshold], [t].[Mrp], [t].[Name], [t].[PortionSize], [t].[PreparationTimeMinutes], [t].[RecipeCost], [t].[ReorderQuantity], [t].[RequiresPrescription], [t].[SellingPrice], [t].[ShopId], [t].[Sku], [t].[SubCategory], [t].[TaxSlabId], [t].[UnitOfMeasureId], [t].[UpdatedAt], [t].[UpdatedBy], [t].[WholesalePrice], [t0].[Id], [t0].[ColorHex], [t0].[CreatedAt], [t0].[CreatedBy], [t0].[DeletedAt], [t0].[DeletedBy], [t0].[Description], [t0].[DisplayOrder], [t0].[ImageUrl], [t0].[IsDeleted], [t0].[Name], [t0].[ParentCategoryId], [t0].[ShopId], [t0].[UpdatedAt], [t0].[UpdatedBy], [t1].[Id], [t1].[CreatedAt], [t1].[CreatedBy], [t1].[DeletedAt], [t1].[DeletedBy], [t1].[IsDeleted], [t1].[Name], [t1].[Symbol], [t1].[UnitType], [t1].[UpdatedAt], [t1].[UpdatedBy], [t2].[Id], [t2].[CreatedAt], [t2].[CreatedBy], [t2].[DeletedAt], [t2].[DeletedBy], [t2].[IsActive], [t2].[IsDeleted], [t2].[Name], [t2].[Rate], [t2].[TaxRegime], [t2].[UpdatedAt], [t2].[UpdatedBy]
FROM (
    SELECT TOP(@__p_1) [p].[Id], [p].[Barcode], [p].[BatchTracking], [p].[Brand], [p].[CategoryId], [p].[Composition], [p].[CostPrice], [p].[CreatedAt], [p].[CreatedBy], [p].[DeletedAt], [p].[DeletedBy], [p].[ExpiryTracking], [p].[FoodType], [p].[HsnSacCode], [p].[ImageUrl], [p].[IsActive], [p].[IsDeleted], [p].[IsFeatured], [p].[IsStockTracked], [p].[IsTaxInclusive], [p].[LowStockThreshold], [p].[Manufacturer], [p].[MaxDiscountPercent], [p].[MaxStockThreshold], [p].[Mrp], [p].[Name], [p].[PortionSize], [p].[PreparationTimeMinutes], [p].[RecipeCost], [p].[ReorderQuantity], [p].[RequiresPrescription], [p].[SellingPrice], [p].[ShopId], [p].[Sku], [p].[SubCategory], [p].[TaxSlabId], [p].[UnitOfMeasureId], [p].[UpdatedAt], [p].[UpdatedBy], [p].[WholesalePrice]
    FROM [Products] AS [p]
    WHERE [p].[IsDeleted] = CAST(0 AS bit) AND [p].[ShopId] = @__request_ShopId_0
    ORDER BY [p].[Name]
) AS [t]
INNER JOIN (
    SELECT [c].[Id], [c].[ColorHex], [c].[CreatedAt], [c].[CreatedBy], [c].[DeletedAt], [c].[DeletedBy], [c].[Description], [c].[DisplayOrder], [c].[ImageUrl], [c].[IsDeleted], [c].[Name], [c].[ParentCategoryId], [c].[ShopId], [c].[UpdatedAt], [c].[UpdatedBy]
    FROM [Categories] AS [c]
    WHERE [c].[IsDeleted] = CAST(0 AS bit)
) AS [t0] ON [t].[CategoryId] = [t0].[Id]
INNER JOIN (
    SELECT [u].[Id], [u].[CreatedAt], [u].[CreatedBy], [u].[DeletedAt], [u].[DeletedBy], [u].[IsDeleted], [u].[Name], [u].[Symbol], [u].[UnitType], [u].[UpdatedAt], [u].[UpdatedBy]
    FROM [UnitOfMeasures] AS [u]
    WHERE [u].[IsDeleted] = CAST(0 AS bit)
) AS [t1] ON [t].[UnitOfMeasureId] = [t1].[Id]
INNER JOIN (
    SELECT [t3].[Id], [t3].[CreatedAt], [t3].[CreatedBy], [t3].[DeletedAt], [t3].[DeletedBy], [t3].[IsActive], [t3].[IsDeleted], [t3].[Name], [t3].[Rate], [t3].[TaxRegime], [t3].[UpdatedAt], [t3].[UpdatedBy]
    FROM [TaxSlabs] AS [t3]
    WHERE [t3].[IsDeleted] = CAST(0 AS bit)
) AS [t2] ON [t].[TaxSlabId] = [t2].[Id]
ORDER BY [t].[Name]
[19:32:44 INF] Executed DbCommand (3ms) [Parameters=[@__request_ShopId_0='?' (DbType = Guid)], CommandType='Text', CommandTimeout='30']
SELECT [s].[Id], [s].[Name], [s].[Phone], [s].[Email], [s].[OutstandingBalance]
FROM [Suppliers] AS [s]
WHERE [s].[IsDeleted] = CAST(0 AS bit) AND [s].[ShopId] = @__request_ShopId_0
ORDER BY [s].[Name]
[19:32:44 INF] Executing ObjectResult, writing value of type 'BillEasePro.Application.Dtos.InventoryLookupDto'.
[19:32:44 INF] Executed action BillEasePro.Api.Controllers.InventoryController.Lookup (BillEasePro.Api) in 28.4254ms
[19:32:44 INF] Executed endpoint 'BillEasePro.Api.Controllers.InventoryController.Lookup (BillEasePro.Api)'
[19:32:44 INF] HTTP GET /api/v1/inventory/lookup responded 200 in 30.6479 ms
[19:32:44 INF] Request finished HTTP/1.1 GET http://localhost:5244/api/v1/inventory/lookup?shopId=10000000-0000-0000-0000-000000000001 - 200 null application/json; charset=utf-8 31.5271ms
[19:32:44 INF] Executed DbCommand (10ms) [Parameters=[@__request_ShopId_0='?' (DbType = Guid), @__ids_1='?' (Size = 4000)], CommandType='Text', CommandTimeout='30']
SELECT [i].[ProductId], COALESCE(SUM([i].[QuantityOnHand]), 0.0) AS [Qty]
FROM [InventoryStocks] AS [i]
WHERE [i].[IsDeleted] = CAST(0 AS bit) AND [i].[ShopId] = @__request_ShopId_0 AND [i].[ProductId] IN (
    SELECT [i0].[value]
    FROM OPENJSON(@__ids_1) WITH ([value] uniqueidentifier '$') AS [i0]
)
GROUP BY [i].[ProductId]
[19:32:44 INF] Executing ObjectResult, writing value of type 'System.Collections.Generic.List`1[[BillEasePro.Application.Dtos.InventoryProductListItemDto, BillEasePro.Application, Version=1.0.0.0, Culture=neutral, PublicKeyToken=null]]'.
[19:32:44 INF] Executed action BillEasePro.Api.Controllers.InventoryController.Products (BillEasePro.Api) in 39.2727ms
[19:32:44 INF] Executed endpoint 'BillEasePro.Api.Controllers.InventoryController.Products (BillEasePro.Api)'
[19:32:44 INF] HTTP GET /api/v1/inventory/products responded 200 in 41.9645 ms
[19:32:44 INF] Request finished HTTP/1.1 GET http://localhost:5244/api/v1/inventory/products?shopId=10000000-0000-0000-0000-000000000001&search= - 200 null application/json; charset=utf-8 42.7486ms
[19:32:45 INF] Request starting HTTP/1.1 OPTIONS http://localhost:5244/api/v1/reports/dashboard?shopId=10000000-0000-0000-0000-000000000001 - null null
[19:32:45 INF] CORS policy execution successful.
[19:32:45 INF] HTTP OPTIONS /api/v1/reports/dashboard responded 204 in 0.4843 ms
[19:32:45 INF] Request finished HTTP/1.1 OPTIONS http://localhost:5244/api/v1/reports/dashboard?shopId=10000000-0000-0000-0000-000000000001 - 204 null null 1.6917ms
[19:32:45 INF] Request starting HTTP/1.1 GET http://localhost:5244/api/v1/reports/dashboard?shopId=10000000-0000-0000-0000-000000000001 - null null
[19:32:45 INF] CORS policy execution successful.
[19:32:45 INF] Executing endpoint 'BillEasePro.Api.Controllers.ReportsController.Dashboard (BillEasePro.Api)'
[19:32:45 INF] Route matched with {action = "Dashboard", controller = "Reports"}. Executing controller action with signature System.Threading.Tasks.Task`1[BillEasePro.Application.Dtos.AnalyticsDashboardDto] Dashboard(System.Guid, System.Threading.CancellationToken) on controller BillEasePro.Api.Controllers.ReportsController (BillEasePro.Api).
[19:32:45 INF] Executed DbCommand (66ms) [Parameters=[@__request_ShopId_0='?' (DbType = Guid), @__p_1='?' (DbType = DateTimeOffset)], CommandType='Text', CommandTimeout='30']
SELECT [s].[Id], [s].[BillDiscountAmount], [s].[BillDiscountType], [s].[BillDiscountValue], [s].[CouponCode], [s].[CouponDiscountAmount], [s].[CreatedAt], [s].[CreatedBy], [s].[CustomerId], [s].[DeletedAt], [s].[DeletedBy], [s].[DiscountTotal], [s].[GrandTotal], [s].[InvoiceDate], [s].[InvoiceNumber], [s].[IsDeleted], [s].[ItemDiscountTotal], [s].[Notes], [s].[PaymentStatus], [s].[RoundOff], [s].[ShopId], [s].[Status], [s].[SubTotal], [s].[TaxTotal], [s].[TaxableAmount], [s].[UpdatedAt], [s].[UpdatedBy], [t].[Id], [t].[BillingAddress], [t].[CreatedAt], [t].[CreatedBy], [t].[CreditLimit], [t].[DeletedAt], [t].[DeletedBy], [t].[Email], [t].[IsDeleted], [t].[IsWalkIn], [t].[LoyaltyPoints], [t].[Name], [t].[OutstandingBalance], [t].[Phone], [t].[ShopId], [t].[TaxRegistrationNumber], [t].[UpdatedAt], [t].[UpdatedBy], [t1].[Id], [t1].[CreatedAt], [t1].[CreatedBy], [t1].[DeletedAt], [t1].[DeletedBy], [t1].[Description], [t1].[DiscountAmount], [t1].[IsDeleted], [t1].[LineTotal], [t1].[ProductId], [t1].[ProductVariantId], [t1].[Quantity], [t1].[SalesInvoiceId], [t1].[TaxAmount], [t1].[TaxRate], [t1].[UnitPrice], [t1].[UpdatedAt], [t1].[UpdatedBy], [t1].[Id0], [t1].[Barcode], [t1].[BatchTracking], [t1].[Brand], [t1].[CategoryId], [t1].[Composition], [t1].[CostPrice], [t1].[CreatedAt0], [t1].[CreatedBy0], [t1].[DeletedAt0], [t1].[DeletedBy0], [t1].[ExpiryTracking], [t1].[FoodType], [t1].[HsnSacCode], [t1].[ImageUrl], [t1].[IsActive], [t1].[IsDeleted0], [t1].[IsFeatured], [t1].[IsStockTracked], [t1].[IsTaxInclusive], [t1].[LowStockThreshold], [t1].[Manufacturer], [t1].[MaxDiscountPercent], [t1].[MaxStockThreshold], [t1].[Mrp], [t1].[Name], [t1].[PortionSize], [t1].[PreparationTimeMinutes], [t1].[RecipeCost], [t1].[ReorderQuantity], [t1].[RequiresPrescription], [t1].[SellingPrice], [t1].[ShopId], [t1].[Sku], [t1].[SubCategory], [t1].[TaxSlabId], [t1].[UnitOfMeasureId], [t1].[UpdatedAt0], [t1].[UpdatedBy0], [t1].[WholesalePrice], [t1].[Id1], [t1].[ColorHex], [t1].[CreatedAt1], [t1].[CreatedBy1], [t1].[DeletedAt1], [t1].[DeletedBy1], [t1].[Description0], [t1].[DisplayOrder], [t1].[ImageUrl0], [t1].[IsDeleted1], [t1].[Name0], [t1].[ParentCategoryId], [t1].[ShopId0], [t1].[UpdatedAt1], [t1].[UpdatedBy1], [t3].[Id], [t3].[Amount], [t3].[CreatedAt], [t3].[CreatedBy], [t3].[DeletedAt], [t3].[DeletedBy], [t3].[Details], [t3].[IsDeleted], [t3].[Method], [t3].[PaidAt], [t3].[ReferenceNumber], [t3].[SalesInvoiceId], [t3].[ShopId], [t3].[UpdatedAt], [t3].[UpdatedBy]
FROM [SalesInvoices] AS [s]
LEFT JOIN (
    SELECT [c].[Id], [c].[BillingAddress], [c].[CreatedAt], [c].[CreatedBy], [c].[CreditLimit], [c].[DeletedAt], [c].[DeletedBy], [c].[Email], [c].[IsDeleted], [c].[IsWalkIn], [c].[LoyaltyPoints], [c].[Name], [c].[OutstandingBalance], [c].[Phone], [c].[ShopId], [c].[TaxRegistrationNumber], [c].[UpdatedAt], [c].[UpdatedBy]
    FROM [Customers] AS [c]
    WHERE [c].[IsDeleted] = CAST(0 AS bit)
) AS [t] ON [s].[CustomerId] = [t].[Id]
LEFT JOIN (
    SELECT [s0].[Id], [s0].[CreatedAt], [s0].[CreatedBy], [s0].[DeletedAt], [s0].[DeletedBy], [s0].[Description], [s0].[DiscountAmount], [s0].[IsDeleted], [s0].[LineTotal], [s0].[ProductId], [s0].[ProductVariantId], [s0].[Quantity], [s0].[SalesInvoiceId], [s0].[TaxAmount], [s0].[TaxRate], [s0].[UnitPrice], [s0].[UpdatedAt], [s0].[UpdatedBy], [t0].[Id] AS [Id0], [t0].[Barcode], [t0].[BatchTracking], [t0].[Brand], [t0].[CategoryId], [t0].[Composition], [t0].[CostPrice], [t0].[CreatedAt] AS [CreatedAt0], [t0].[CreatedBy] AS [CreatedBy0], [t0].[DeletedAt] AS [DeletedAt0], [t0].[DeletedBy] AS [DeletedBy0], [t0].[ExpiryTracking], [t0].[FoodType], [t0].[HsnSacCode], [t0].[ImageUrl], [t0].[IsActive], [t0].[IsDeleted] AS [IsDeleted0], [t0].[IsFeatured], [t0].[IsStockTracked], [t0].[IsTaxInclusive], [t0].[LowStockThreshold], [t0].[Manufacturer], [t0].[MaxDiscountPercent], [t0].[MaxStockThreshold], [t0].[Mrp], [t0].[Name], [t0].[PortionSize], [t0].[PreparationTimeMinutes], [t0].[RecipeCost], [t0].[ReorderQuantity], [t0].[RequiresPrescription], [t0].[SellingPrice], [t0].[ShopId], [t0].[Sku], [t0].[SubCategory], [t0].[TaxSlabId], [t0].[UnitOfMeasureId], [t0].[UpdatedAt] AS [UpdatedAt0], [t0].[UpdatedBy] AS [UpdatedBy0], [t0].[WholesalePrice], [t2].[Id] AS [Id1], [t2].[ColorHex], [t2].[CreatedAt] AS [CreatedAt1], [t2].[CreatedBy] AS [CreatedBy1], [t2].[DeletedAt] AS [DeletedAt1], [t2].[DeletedBy] AS [DeletedBy1], [t2].[Description] AS [Description0], [t2].[DisplayOrder], [t2].[ImageUrl] AS [ImageUrl0], [t2].[IsDeleted] AS [IsDeleted1], [t2].[Name] AS [Name0], [t2].[ParentCategoryId], [t2].[ShopId] AS [ShopId0], [t2].[UpdatedAt] AS [UpdatedAt1], [t2].[UpdatedBy] AS [UpdatedBy1]
    FROM [SalesInvoiceItems] AS [s0]
    INNER JOIN (
        SELECT [p].[Id], [p].[Barcode], [p].[BatchTracking], [p].[Brand], [p].[CategoryId], [p].[Composition], [p].[CostPrice], [p].[CreatedAt], [p].[CreatedBy], [p].[DeletedAt], [p].[DeletedBy], [p].[ExpiryTracking], [p].[FoodType], [p].[HsnSacCode], [p].[ImageUrl], [p].[IsActive], [p].[IsDeleted], [p].[IsFeatured], [p].[IsStockTracked], [p].[IsTaxInclusive], [p].[LowStockThreshold], [p].[Manufacturer], [p].[MaxDiscountPercent], [p].[MaxStockThreshold], [p].[Mrp], [p].[Name], [p].[PortionSize], [p].[PreparationTimeMinutes], [p].[RecipeCost], [p].[ReorderQuantity], [p].[RequiresPrescription], [p].[SellingPrice], [p].[ShopId], [p].[Sku], [p].[SubCategory], [p].[TaxSlabId], [p].[UnitOfMeasureId], [p].[UpdatedAt], [p].[UpdatedBy], [p].[WholesalePrice]
        FROM [Products] AS [p]
        WHERE [p].[IsDeleted] = CAST(0 AS bit)
    ) AS [t0] ON [s0].[ProductId] = [t0].[Id]
    INNER JOIN (
        SELECT [c0].[Id], [c0].[ColorHex], [c0].[CreatedAt], [c0].[CreatedBy], [c0].[DeletedAt], [c0].[DeletedBy], [c0].[Description], [c0].[DisplayOrder], [c0].[ImageUrl], [c0].[IsDeleted], [c0].[Name], [c0].[ParentCategoryId], [c0].[ShopId], [c0].[UpdatedAt], [c0].[UpdatedBy]
        FROM [Categories] AS [c0]
        WHERE [c0].[IsDeleted] = CAST(0 AS bit)
    ) AS [t2] ON [t0].[CategoryId] = [t2].[Id]
    WHERE [s0].[IsDeleted] = CAST(0 AS bit)
) AS [t1] ON [s].[Id] = [t1].[SalesInvoiceId]
LEFT JOIN (
    SELECT [p0].[Id], [p0].[Amount], [p0].[CreatedAt], [p0].[CreatedBy], [p0].[DeletedAt], [p0].[DeletedBy], [p0].[Details], [p0].[IsDeleted], [p0].[Method], [p0].[PaidAt], [p0].[ReferenceNumber], [p0].[SalesInvoiceId], [p0].[ShopId], [p0].[UpdatedAt], [p0].[UpdatedBy]
    FROM [Payments] AS [p0]
    WHERE [p0].[IsDeleted] = CAST(0 AS bit)
) AS [t3] ON [s].[Id] = [t3].[SalesInvoiceId]
WHERE [s].[IsDeleted] = CAST(0 AS bit) AND [s].[ShopId] = @__request_ShopId_0 AND [s].[InvoiceDate] >= @__p_1
ORDER BY [s].[Id], [t].[Id], [t1].[Id], [t1].[Id0], [t1].[Id1]
[19:32:45 INF] Executed DbCommand (6ms) [Parameters=[@__request_ShopId_0='?' (DbType = Guid), @__p_1='?' (DbType = DateTimeOffset)], CommandType='Text', CommandTimeout='30']
SELECT [p].[Id], [p].[CreatedAt], [p].[CreatedBy], [p].[DeletedAt], [p].[DeletedBy], [p].[GrandTotal], [p].[InvoiceDate], [p].[IsDeleted], [p].[PaymentStatus], [p].[PurchaseOrderId], [p].[ShopId], [p].[SubTotal], [p].[SupplierId], [p].[SupplierInvoiceNumber], [p].[TaxTotal], [p].[UpdatedAt], [p].[UpdatedBy]
FROM [PurchaseInvoices] AS [p]
WHERE [p].[IsDeleted] = CAST(0 AS bit) AND [p].[ShopId] = @__request_ShopId_0 AND [p].[InvoiceDate] >= @__p_1
[19:32:45 INF] Executed DbCommand (4ms) [Parameters=[@__request_ShopId_0='?' (DbType = Guid)], CommandType='Text', CommandTimeout='30']
SELECT [c].[Id], [c].[BillingAddress], [c].[CreatedAt], [c].[CreatedBy], [c].[CreditLimit], [c].[DeletedAt], [c].[DeletedBy], [c].[Email], [c].[IsDeleted], [c].[IsWalkIn], [c].[LoyaltyPoints], [c].[Name], [c].[OutstandingBalance], [c].[Phone], [c].[ShopId], [c].[TaxRegistrationNumber], [c].[UpdatedAt], [c].[UpdatedBy]
FROM [Customers] AS [c]
WHERE [c].[IsDeleted] = CAST(0 AS bit) AND [c].[ShopId] = @__request_ShopId_0
[19:32:45 INF] Executing ObjectResult, writing value of type 'BillEasePro.Application.Dtos.AnalyticsDashboardDto'.
[19:32:45 INF] Executed action BillEasePro.Api.Controllers.ReportsController.Dashboard (BillEasePro.Api) in 93.227ms
[19:32:45 INF] Executed endpoint 'BillEasePro.Api.Controllers.ReportsController.Dashboard (BillEasePro.Api)'
[19:32:45 INF] HTTP GET /api/v1/reports/dashboard responded 200 in 98.6822 ms
[19:32:45 INF] Request finished HTTP/1.1 GET http://localhost:5244/api/v1/reports/dashboard?shopId=10000000-0000-0000-0000-000000000001 - 200 null application/json; charset=utf-8 100.2854ms
[19:33:03 INF] Request starting HTTP/1.1 OPTIONS http://localhost:5244/api/v1/billing/quote - null null
[19:33:03 INF] CORS policy execution successful.
[19:33:03 INF] HTTP OPTIONS /api/v1/billing/quote responded 204 in 0.5829 ms
[19:33:03 INF] Request finished HTTP/1.1 OPTIONS http://localhost:5244/api/v1/billing/quote - 204 null null 3.305ms
[19:33:03 INF] Request starting HTTP/1.1 POST http://localhost:5244/api/v1/billing/quote - application/json 316
[19:33:03 INF] CORS policy execution successful.
[19:33:03 INF] Executing endpoint 'BillEasePro.Api.Controllers.BillingController.Quote (BillEasePro.Api)'
[19:33:03 INF] Route matched with {action = "Quote", controller = "Billing"}. Executing controller action with signature System.Threading.Tasks.Task`1[BillEasePro.Application.Dtos.BillQuoteDto] Quote(BillEasePro.Application.Dtos.BillQuoteRequest, System.Threading.CancellationToken) on controller BillEasePro.Api.Controllers.BillingController (BillEasePro.Api).
[19:33:03 INF] Executed DbCommand (32ms) [Parameters=[@__productIds_0='?' (Size = 4000)], CommandType='Text', CommandTimeout='30']
SELECT [p].[Id], [p].[Barcode], [p].[BatchTracking], [p].[Brand], [p].[CategoryId], [p].[Composition], [p].[CostPrice], [p].[CreatedAt], [p].[CreatedBy], [p].[DeletedAt], [p].[DeletedBy], [p].[ExpiryTracking], [p].[FoodType], [p].[HsnSacCode], [p].[ImageUrl], [p].[IsActive], [p].[IsDeleted], [p].[IsFeatured], [p].[IsStockTracked], [p].[IsTaxInclusive], [p].[LowStockThreshold], [p].[Manufacturer], [p].[MaxDiscountPercent], [p].[MaxStockThreshold], [p].[Mrp], [p].[Name], [p].[PortionSize], [p].[PreparationTimeMinutes], [p].[RecipeCost], [p].[ReorderQuantity], [p].[RequiresPrescription], [p].[SellingPrice], [p].[ShopId], [p].[Sku], [p].[SubCategory], [p].[TaxSlabId], [p].[UnitOfMeasureId], [p].[UpdatedAt], [p].[UpdatedBy], [p].[WholesalePrice], [t0].[Id], [t0].[CreatedAt], [t0].[CreatedBy], [t0].[DeletedAt], [t0].[DeletedBy], [t0].[IsActive], [t0].[IsDeleted], [t0].[Name], [t0].[Rate], [t0].[TaxRegime], [t0].[UpdatedAt], [t0].[UpdatedBy]
FROM [Products] AS [p]
INNER JOIN (
    SELECT [t].[Id], [t].[CreatedAt], [t].[CreatedBy], [t].[DeletedAt], [t].[DeletedBy], [t].[IsActive], [t].[IsDeleted], [t].[Name], [t].[Rate], [t].[TaxRegime], [t].[UpdatedAt], [t].[UpdatedBy]
    FROM [TaxSlabs] AS [t]
    WHERE [t].[IsDeleted] = CAST(0 AS bit)
) AS [t0] ON [p].[TaxSlabId] = [t0].[Id]
WHERE [p].[IsDeleted] = CAST(0 AS bit) AND [p].[Id] IN (
    SELECT [p0].[value]
    FROM OPENJSON(@__productIds_0) WITH ([value] uniqueidentifier '$') AS [p0]
)
[19:33:03 INF] Executed DbCommand (6ms) [Parameters=[@__id_0='?' (DbType = Guid)], CommandType='Text', CommandTimeout='30']
SELECT TOP(1) [s].[Id], [s].[AddressLine1], [s].[AddressLine2], [s].[City], [s].[Country], [s].[CreatedAt], [s].[CreatedBy], [s].[CurrencyCode], [s].[DeletedAt], [s].[DeletedBy], [s].[Email], [s].[IndustryType], [s].[IsDeleted], [s].[LegalName], [s].[LogoUrl], [s].[Name], [s].[Phone], [s].[PostalCode], [s].[State], [s].[TaxRegime], [s].[TaxRegistrationNumber], [s].[UpdatedAt], [s].[UpdatedBy]
FROM [Shops] AS [s]
WHERE [s].[IsDeleted] = CAST(0 AS bit) AND [s].[Id] = @__id_0
[19:33:03 INF] Executed action BillEasePro.Api.Controllers.BillingController.Quote (BillEasePro.Api) in 107.844ms
[19:33:03 INF] Executed endpoint 'BillEasePro.Api.Controllers.BillingController.Quote (BillEasePro.Api)'
[19:33:03 ERR] Unhandled API exception
System.InvalidOperationException: Cannot create a DbSet for 'ShopSetting' because this type is not included in the model for the context.
   at Microsoft.EntityFrameworkCore.Internal.InternalDbSet`1.get_EntityType()
   at Microsoft.EntityFrameworkCore.Internal.InternalDbSet`1.get_EntityQueryable()
   at Microsoft.EntityFrameworkCore.Internal.InternalDbSet`1.System.Linq.IQueryable.get_Provider()
   at System.Linq.Queryable.Where[TSource](IQueryable`1 source, Expression`1 predicate)
   at BillEasePro.Application.Features.Billing.BillingCalculator.CalculateAsync(IRepository`1 products, IRepository`1 coupons, IRepository`1 shops, IRepository`1 settings, Guid shopId, IReadOnlyList`1 items, Nullable`1 billDiscountType, Decimal billDiscountValue, String couponCode, Boolean isInterstate, Decimal amountTendered, CancellationToken cancellationToken) in C:\Dev\Billing Sw\src\BillEasePro.Application\Features\Billing\BillOperationsCommands.cs:line 637
   at BillEasePro.Application.Features.Billing.QuoteBillCommandHandler.Handle(QuoteBillCommand request, CancellationToken cancellationToken) in C:\Dev\Billing Sw\src\BillEasePro.Application\Features\Billing\BillOperationsCommands.cs:line 176
   at BillEasePro.Application.Validation.ValidationBehavior`2.Handle(TRequest request, RequestHandlerDelegate`1 next, CancellationToken cancellationToken) in C:\Dev\Billing Sw\src\BillEasePro.Application\Validation\ValidationBehavior.cs:line 15
   at lambda_method1800(Closure, Object)
   at Microsoft.AspNetCore.Mvc.Infrastructure.ActionMethodExecutor.AwaitableObjectResultExecutor.Execute(ActionContext actionContext, IActionResultTypeMapper mapper, ObjectMethodExecutor executor, Object controller, Object[] arguments)
   at Microsoft.AspNetCore.Mvc.Infrastructure.ControllerActionInvoker.<InvokeActionMethodAsync>g__Awaited|12_0(ControllerActionInvoker invoker, ValueTask`1 actionResultValueTask)
   at Microsoft.AspNetCore.Mvc.Infrastructure.ControllerActionInvoker.<InvokeNextActionFilterAsync>g__Awaited|10_0(ControllerActionInvoker invoker, Task lastTask, State next, Scope scope, Object state, Boolean isCompleted)
   at Microsoft.AspNetCore.Mvc.Infrastructure.ControllerActionInvoker.Rethrow(ActionExecutedContextSealed context)
   at Microsoft.AspNetCore.Mvc.Infrastructure.ControllerActionInvoker.Next(State& next, Scope& scope, Object& state, Boolean& isCompleted)
   at Microsoft.AspNetCore.Mvc.Infrastructure.ControllerActionInvoker.<InvokeInnerFilterAsync>g__Awaited|13_0(ControllerActionInvoker invoker, Task lastTask, State next, Scope scope, Object state, Boolean isCompleted)
   at Microsoft.AspNetCore.Mvc.Infrastructure.ResourceInvoker.<InvokeFilterPipelineAsync>g__Awaited|20_0(ResourceInvoker invoker, Task lastTask, State next, Scope scope, Object state, Boolean isCompleted)
   at Microsoft.AspNetCore.Mvc.Infrastructure.ResourceInvoker.<InvokeAsync>g__Logged|17_1(ResourceInvoker invoker)
   at Microsoft.AspNetCore.Mvc.Infrastructure.ResourceInvoker.<InvokeAsync>g__Logged|17_1(ResourceInvoker invoker)
   at Microsoft.AspNetCore.Routing.EndpointMiddleware.<Invoke>g__AwaitRequestTask|7_0(Endpoint endpoint, Task requestTask, ILogger logger)
   at Microsoft.AspNetCore.Authorization.AuthorizationMiddleware.Invoke(HttpContext context)
   at Microsoft.AspNetCore.Authentication.AuthenticationMiddleware.Invoke(HttpContext context)
   at Swashbuckle.AspNetCore.SwaggerUI.SwaggerUIMiddleware.Invoke(HttpContext httpContext)
   at Swashbuckle.AspNetCore.Swagger.SwaggerMiddleware.Invoke(HttpContext httpContext, ISwaggerProvider swaggerProvider)
   at Program.<>c.<<<Main>$>b__0_9>d.MoveNext() in C:\Dev\Billing Sw\src\BillEasePro.Api\Program.cs:line 118
--- End of stack trace from previous location ---
   at BillEasePro.Api.Middleware.GlobalExceptionMiddleware.InvokeAsync(HttpContext context) in C:\Dev\Billing Sw\src\BillEasePro.Api\Middleware\GlobalExceptionMiddleware.cs:line 21
[19:33:04 INF] HTTP POST /api/v1/billing/quote responded 409 in 124.6384 ms
[19:33:04 INF] Request finished HTTP/1.1 POST http://localhost:5244/api/v1/billing/quote - 409 null application/json; charset=utf-8 126.2314ms
[19:33:15 INF] Request starting HTTP/1.1 OPTIONS http://localhost:5244/api/v1/billing/products/search?shopId=10000000-0000-0000-0000-000000000001&term=De - null null
[19:33:15 INF] CORS policy execution successful.
[19:33:15 INF] HTTP OPTIONS /api/v1/billing/products/search responded 204 in 0.4630 ms
[19:33:15 INF] Request finished HTTP/1.1 OPTIONS http://localhost:5244/api/v1/billing/products/search?shopId=10000000-0000-0000-0000-000000000001&term=De - 204 null null 1.7831ms
[19:33:15 INF] Request starting HTTP/1.1 GET http://localhost:5244/api/v1/billing/products/search?shopId=10000000-0000-0000-0000-000000000001&term=De - null null
[19:33:15 INF] CORS policy execution successful.
[19:33:15 INF] Executing endpoint 'BillEasePro.Api.Controllers.BillingController.SearchProducts (BillEasePro.Api)'
[19:33:15 INF] Route matched with {action = "SearchProducts", controller = "Billing"}. Executing controller action with signature System.Threading.Tasks.Task`1[System.Collections.Generic.IReadOnlyList`1[BillEasePro.Application.Dtos.ProductSearchResultDto]] SearchProducts(System.Guid, System.String, System.Threading.CancellationToken) on controller BillEasePro.Api.Controllers.BillingController (BillEasePro.Api).
[19:33:15 INF] Executed DbCommand (56ms) [Parameters=[@__p_2='?' (DbType = Int32), @__request_ShopId_0='?' (DbType = Guid), @__term_1_contains='?' (Size = 220), @__term_1_contains_1='?' (Size = 80), @__term_1_contains_2='?' (Size = 450)], CommandType='Text', CommandTimeout='30']
SELECT [t].[Id], [t].[Barcode], [t].[BatchTracking], [t].[Brand], [t].[CategoryId], [t].[Composition], [t].[CostPrice], [t].[CreatedAt], [t].[CreatedBy], [t].[DeletedAt], [t].[DeletedBy], [t].[ExpiryTracking], [t].[FoodType], [t].[HsnSacCode], [t].[ImageUrl], [t].[IsActive], [t].[IsDeleted], [t].[IsFeatured], [t].[IsStockTracked], [t].[IsTaxInclusive], [t].[LowStockThreshold], [t].[Manufacturer], [t].[MaxDiscountPercent], [t].[MaxStockThreshold], [t].[Mrp], [t].[Name], [t].[PortionSize], [t].[PreparationTimeMinutes], [t].[RecipeCost], [t].[ReorderQuantity], [t].[RequiresPrescription], [t].[SellingPrice], [t].[ShopId], [t].[Sku], [t].[SubCategory], [t].[TaxSlabId], [t].[UnitOfMeasureId], [t].[UpdatedAt], [t].[UpdatedBy], [t].[WholesalePrice], [t0].[Id], [t0].[ColorHex], [t0].[CreatedAt], [t0].[CreatedBy], [t0].[DeletedAt], [t0].[DeletedBy], [t0].[Description], [t0].[DisplayOrder], [t0].[ImageUrl], [t0].[IsDeleted], [t0].[Name], [t0].[ParentCategoryId], [t0].[ShopId], [t0].[UpdatedAt], [t0].[UpdatedBy], [t1].[Id], [t1].[CreatedAt], [t1].[CreatedBy], [t1].[DeletedAt], [t1].[DeletedBy], [t1].[IsDeleted], [t1].[Name], [t1].[Symbol], [t1].[UnitType], [t1].[UpdatedAt], [t1].[UpdatedBy], [t2].[Id], [t2].[CreatedAt], [t2].[CreatedBy], [t2].[DeletedAt], [t2].[DeletedBy], [t2].[IsActive], [t2].[IsDeleted], [t2].[Name], [t2].[Rate], [t2].[TaxRegime], [t2].[UpdatedAt], [t2].[UpdatedBy], [t4].[Id], [t4].[AttributeJson], [t4].[Barcode], [t4].[Color], [t4].[CostPrice], [t4].[CreatedAt], [t4].[CreatedBy], [t4].[DeletedAt], [t4].[DeletedBy], [t4].[IsActive], [t4].[IsDeleted], [t4].[Mrp], [t4].[ProductId], [t4].[SellingPrice], [t4].[Size], [t4].[Sku], [t4].[UpdatedAt], [t4].[UpdatedBy], [t4].[VariantName]
FROM (
    SELECT TOP(@__p_2) [p].[Id], [p].[Barcode], [p].[BatchTracking], [p].[Brand], [p].[CategoryId], [p].[Composition], [p].[CostPrice], [p].[CreatedAt], [p].[CreatedBy], [p].[DeletedAt], [p].[DeletedBy], [p].[ExpiryTracking], [p].[FoodType], [p].[HsnSacCode], [p].[ImageUrl], [p].[IsActive], [p].[IsDeleted], [p].[IsFeatured], [p].[IsStockTracked], [p].[IsTaxInclusive], [p].[LowStockThreshold], [p].[Manufacturer], [p].[MaxDiscountPercent], [p].[MaxStockThreshold], [p].[Mrp], [p].[Name], [p].[PortionSize], [p].[PreparationTimeMinutes], [p].[RecipeCost], [p].[ReorderQuantity], [p].[RequiresPrescription], [p].[SellingPrice], [p].[ShopId], [p].[Sku], [p].[SubCategory], [p].[TaxSlabId], [p].[UnitOfMeasureId], [p].[UpdatedAt], [p].[UpdatedBy], [p].[WholesalePrice]
    FROM [Products] AS [p]
    WHERE [p].[IsDeleted] = CAST(0 AS bit) AND [p].[ShopId] = @__request_ShopId_0 AND [p].[IsActive] = CAST(1 AS bit) AND (LOWER([p].[Name]) LIKE @__term_1_contains ESCAPE N'\' OR LOWER([p].[Sku]) LIKE @__term_1_contains_1 ESCAPE N'\' OR ([p].[Barcode] IS NOT NULL AND LOWER([p].[Barcode]) LIKE @__term_1_contains_2 ESCAPE N'\'))
    ORDER BY [p].[Name]
) AS [t]
INNER JOIN (
    SELECT [c].[Id], [c].[ColorHex], [c].[CreatedAt], [c].[CreatedBy], [c].[DeletedAt], [c].[DeletedBy], [c].[Description], [c].[DisplayOrder], [c].[ImageUrl], [c].[IsDeleted], [c].[Name], [c].[ParentCategoryId], [c].[ShopId], [c].[UpdatedAt], [c].[UpdatedBy]
    FROM [Categories] AS [c]
    WHERE [c].[IsDeleted] = CAST(0 AS bit)
) AS [t0] ON [t].[CategoryId] = [t0].[Id]
INNER JOIN (
    SELECT [u].[Id], [u].[CreatedAt], [u].[CreatedBy], [u].[DeletedAt], [u].[DeletedBy], [u].[IsDeleted], [u].[Name], [u].[Symbol], [u].[UnitType], [u].[UpdatedAt], [u].[UpdatedBy]
    FROM [UnitOfMeasures] AS [u]
    WHERE [u].[IsDeleted] = CAST(0 AS bit)
) AS [t1] ON [t].[UnitOfMeasureId] = [t1].[Id]
INNER JOIN (
    SELECT [t3].[Id], [t3].[CreatedAt], [t3].[CreatedBy], [t3].[DeletedAt], [t3].[DeletedBy], [t3].[IsActive], [t3].[IsDeleted], [t3].[Name], [t3].[Rate], [t3].[TaxRegime], [t3].[UpdatedAt], [t3].[UpdatedBy]
    FROM [TaxSlabs] AS [t3]
    WHERE [t3].[IsDeleted] = CAST(0 AS bit)
) AS [t2] ON [t].[TaxSlabId] = [t2].[Id]
LEFT JOIN (
    SELECT [p0].[Id], [p0].[AttributeJson], [p0].[Barcode], [p0].[Color], [p0].[CostPrice], [p0].[CreatedAt], [p0].[CreatedBy], [p0].[DeletedAt], [p0].[DeletedBy], [p0].[IsActive], [p0].[IsDeleted], [p0].[Mrp], [p0].[ProductId], [p0].[SellingPrice], [p0].[Size], [p0].[Sku], [p0].[UpdatedAt], [p0].[UpdatedBy], [p0].[VariantName]
    FROM [ProductVariants] AS [p0]
    WHERE [p0].[IsDeleted] = CAST(0 AS bit)
) AS [t4] ON [t].[Id] = [t4].[ProductId]
ORDER BY [t].[Name], [t].[Id], [t0].[Id], [t1].[Id], [t2].[Id]
[19:33:15 INF] Executed DbCommand (15ms) [Parameters=[@__request_ShopId_0='?' (DbType = Guid), @__ids_1='?' (Size = 4000)], CommandType='Text', CommandTimeout='30']
SELECT [i].[ProductId], [i].[ProductVariantId], COALESCE(SUM([i].[QuantityOnHand]), 0.0) AS [Quantity]
FROM [InventoryStocks] AS [i]
WHERE [i].[IsDeleted] = CAST(0 AS bit) AND [i].[ShopId] = @__request_ShopId_0 AND [i].[ProductId] IN (
    SELECT [i0].[value]
    FROM OPENJSON(@__ids_1) WITH ([value] uniqueidentifier '$') AS [i0]
)
GROUP BY [i].[ProductId], [i].[ProductVariantId]
[19:33:15 INF] Executing ObjectResult, writing value of type 'System.Collections.Generic.List`1[[BillEasePro.Application.Dtos.ProductSearchResultDto, BillEasePro.Application, Version=1.0.0.0, Culture=neutral, PublicKeyToken=null]]'.
[19:33:15 INF] Executed action BillEasePro.Api.Controllers.BillingController.SearchProducts (BillEasePro.Api) in 127.154ms
[19:33:15 INF] Executed endpoint 'BillEasePro.Api.Controllers.BillingController.SearchProducts (BillEasePro.Api)'
[19:33:15 INF] HTTP GET /api/v1/billing/products/search responded 200 in 135.7884 ms
[19:33:15 INF] Request finished HTTP/1.1 GET http://localhost:5244/api/v1/billing/products/search?shopId=10000000-0000-0000-0000-000000000001&term=De - 200 null application/json; charset=utf-8 136.9171ms
[19:33:15 INF] Request starting HTTP/1.1 OPTIONS http://localhost:5244/api/v1/billing/products/search?shopId=10000000-0000-0000-0000-000000000001&term=Den - null null
[19:33:15 INF] CORS policy execution successful.
[19:33:15 INF] HTTP OPTIONS /api/v1/billing/products/search responded 204 in 0.8137 ms
[19:33:15 INF] Request finished HTTP/1.1 OPTIONS http://localhost:5244/api/v1/billing/products/search?shopId=10000000-0000-0000-0000-000000000001&term=Den - 204 null null 33.2752ms
[19:33:15 INF] Request starting HTTP/1.1 GET http://localhost:5244/api/v1/billing/products/search?shopId=10000000-0000-0000-0000-000000000001&term=Den - null null
[19:33:15 INF] CORS policy execution successful.
[19:33:15 INF] Executing endpoint 'BillEasePro.Api.Controllers.BillingController.SearchProducts (BillEasePro.Api)'
[19:33:15 INF] Route matched with {action = "SearchProducts", controller = "Billing"}. Executing controller action with signature System.Threading.Tasks.Task`1[System.Collections.Generic.IReadOnlyList`1[BillEasePro.Application.Dtos.ProductSearchResultDto]] SearchProducts(System.Guid, System.String, System.Threading.CancellationToken) on controller BillEasePro.Api.Controllers.BillingController (BillEasePro.Api).
[19:33:15 INF] Executed DbCommand (34ms) [Parameters=[@__p_2='?' (DbType = Int32), @__request_ShopId_0='?' (DbType = Guid), @__term_1_contains='?' (Size = 220), @__term_1_contains_1='?' (Size = 80), @__term_1_contains_2='?' (Size = 450)], CommandType='Text', CommandTimeout='30']
SELECT [t].[Id], [t].[Barcode], [t].[BatchTracking], [t].[Brand], [t].[CategoryId], [t].[Composition], [t].[CostPrice], [t].[CreatedAt], [t].[CreatedBy], [t].[DeletedAt], [t].[DeletedBy], [t].[ExpiryTracking], [t].[FoodType], [t].[HsnSacCode], [t].[ImageUrl], [t].[IsActive], [t].[IsDeleted], [t].[IsFeatured], [t].[IsStockTracked], [t].[IsTaxInclusive], [t].[LowStockThreshold], [t].[Manufacturer], [t].[MaxDiscountPercent], [t].[MaxStockThreshold], [t].[Mrp], [t].[Name], [t].[PortionSize], [t].[PreparationTimeMinutes], [t].[RecipeCost], [t].[ReorderQuantity], [t].[RequiresPrescription], [t].[SellingPrice], [t].[ShopId], [t].[Sku], [t].[SubCategory], [t].[TaxSlabId], [t].[UnitOfMeasureId], [t].[UpdatedAt], [t].[UpdatedBy], [t].[WholesalePrice], [t0].[Id], [t0].[ColorHex], [t0].[CreatedAt], [t0].[CreatedBy], [t0].[DeletedAt], [t0].[DeletedBy], [t0].[Description], [t0].[DisplayOrder], [t0].[ImageUrl], [t0].[IsDeleted], [t0].[Name], [t0].[ParentCategoryId], [t0].[ShopId], [t0].[UpdatedAt], [t0].[UpdatedBy], [t1].[Id], [t1].[CreatedAt], [t1].[CreatedBy], [t1].[DeletedAt], [t1].[DeletedBy], [t1].[IsDeleted], [t1].[Name], [t1].[Symbol], [t1].[UnitType], [t1].[UpdatedAt], [t1].[UpdatedBy], [t2].[Id], [t2].[CreatedAt], [t2].[CreatedBy], [t2].[DeletedAt], [t2].[DeletedBy], [t2].[IsActive], [t2].[IsDeleted], [t2].[Name], [t2].[Rate], [t2].[TaxRegime], [t2].[UpdatedAt], [t2].[UpdatedBy], [t4].[Id], [t4].[AttributeJson], [t4].[Barcode], [t4].[Color], [t4].[CostPrice], [t4].[CreatedAt], [t4].[CreatedBy], [t4].[DeletedAt], [t4].[DeletedBy], [t4].[IsActive], [t4].[IsDeleted], [t4].[Mrp], [t4].[ProductId], [t4].[SellingPrice], [t4].[Size], [t4].[Sku], [t4].[UpdatedAt], [t4].[UpdatedBy], [t4].[VariantName]
FROM (
    SELECT TOP(@__p_2) [p].[Id], [p].[Barcode], [p].[BatchTracking], [p].[Brand], [p].[CategoryId], [p].[Composition], [p].[CostPrice], [p].[CreatedAt], [p].[CreatedBy], [p].[DeletedAt], [p].[DeletedBy], [p].[ExpiryTracking], [p].[FoodType], [p].[HsnSacCode], [p].[ImageUrl], [p].[IsActive], [p].[IsDeleted], [p].[IsFeatured], [p].[IsStockTracked], [p].[IsTaxInclusive], [p].[LowStockThreshold], [p].[Manufacturer], [p].[MaxDiscountPercent], [p].[MaxStockThreshold], [p].[Mrp], [p].[Name], [p].[PortionSize], [p].[PreparationTimeMinutes], [p].[RecipeCost], [p].[ReorderQuantity], [p].[RequiresPrescription], [p].[SellingPrice], [p].[ShopId], [p].[Sku], [p].[SubCategory], [p].[TaxSlabId], [p].[UnitOfMeasureId], [p].[UpdatedAt], [p].[UpdatedBy], [p].[WholesalePrice]
    FROM [Products] AS [p]
    WHERE [p].[IsDeleted] = CAST(0 AS bit) AND [p].[ShopId] = @__request_ShopId_0 AND [p].[IsActive] = CAST(1 AS bit) AND (LOWER([p].[Name]) LIKE @__term_1_contains ESCAPE N'\' OR LOWER([p].[Sku]) LIKE @__term_1_contains_1 ESCAPE N'\' OR ([p].[Barcode] IS NOT NULL AND LOWER([p].[Barcode]) LIKE @__term_1_contains_2 ESCAPE N'\'))
    ORDER BY [p].[Name]
) AS [t]
INNER JOIN (
    SELECT [c].[Id], [c].[ColorHex], [c].[CreatedAt], [c].[CreatedBy], [c].[DeletedAt], [c].[DeletedBy], [c].[Description], [c].[DisplayOrder], [c].[ImageUrl], [c].[IsDeleted], [c].[Name], [c].[ParentCategoryId], [c].[ShopId], [c].[UpdatedAt], [c].[UpdatedBy]
    FROM [Categories] AS [c]
    WHERE [c].[IsDeleted] = CAST(0 AS bit)
) AS [t0] ON [t].[CategoryId] = [t0].[Id]
INNER JOIN (
    SELECT [u].[Id], [u].[CreatedAt], [u].[CreatedBy], [u].[DeletedAt], [u].[DeletedBy], [u].[IsDeleted], [u].[Name], [u].[Symbol], [u].[UnitType], [u].[UpdatedAt], [u].[UpdatedBy]
    FROM [UnitOfMeasures] AS [u]
    WHERE [u].[IsDeleted] = CAST(0 AS bit)
) AS [t1] ON [t].[UnitOfMeasureId] = [t1].[Id]
INNER JOIN (
    SELECT [t3].[Id], [t3].[CreatedAt], [t3].[CreatedBy], [t3].[DeletedAt], [t3].[DeletedBy], [t3].[IsActive], [t3].[IsDeleted], [t3].[Name], [t3].[Rate], [t3].[TaxRegime], [t3].[UpdatedAt], [t3].[UpdatedBy]
    FROM [TaxSlabs] AS [t3]
    WHERE [t3].[IsDeleted] = CAST(0 AS bit)
) AS [t2] ON [t].[TaxSlabId] = [t2].[Id]
LEFT JOIN (
    SELECT [p0].[Id], [p0].[AttributeJson], [p0].[Barcode], [p0].[Color], [p0].[CostPrice], [p0].[CreatedAt], [p0].[CreatedBy], [p0].[DeletedAt], [p0].[DeletedBy], [p0].[IsActive], [p0].[IsDeleted], [p0].[Mrp], [p0].[ProductId], [p0].[SellingPrice], [p0].[Size], [p0].[Sku], [p0].[UpdatedAt], [p0].[UpdatedBy], [p0].[VariantName]
    FROM [ProductVariants] AS [p0]
    WHERE [p0].[IsDeleted] = CAST(0 AS bit)
) AS [t4] ON [t].[Id] = [t4].[ProductId]
ORDER BY [t].[Name], [t].[Id], [t0].[Id], [t1].[Id], [t2].[Id]
[19:33:15 INF] Executed DbCommand (11ms) [Parameters=[@__request_ShopId_0='?' (DbType = Guid), @__ids_1='?' (Size = 4000)], CommandType='Text', CommandTimeout='30']
SELECT [i].[ProductId], [i].[ProductVariantId], COALESCE(SUM([i].[QuantityOnHand]), 0.0) AS [Quantity]
FROM [InventoryStocks] AS [i]
WHERE [i].[IsDeleted] = CAST(0 AS bit) AND [i].[ShopId] = @__request_ShopId_0 AND [i].[ProductId] IN (
    SELECT [i0].[value]
    FROM OPENJSON(@__ids_1) WITH ([value] uniqueidentifier '$') AS [i0]
)
GROUP BY [i].[ProductId], [i].[ProductVariantId]
[19:33:15 INF] Executing ObjectResult, writing value of type 'System.Collections.Generic.List`1[[BillEasePro.Application.Dtos.ProductSearchResultDto, BillEasePro.Application, Version=1.0.0.0, Culture=neutral, PublicKeyToken=null]]'.
[19:33:15 INF] Executed action BillEasePro.Api.Controllers.BillingController.SearchProducts (BillEasePro.Api) in 60.4131ms
[19:33:15 INF] Executed endpoint 'BillEasePro.Api.Controllers.BillingController.SearchProducts (BillEasePro.Api)'
[19:33:15 INF] HTTP GET /api/v1/billing/products/search responded 200 in 62.9748 ms
[19:33:15 INF] Request finished HTTP/1.1 GET http://localhost:5244/api/v1/billing/products/search?shopId=10000000-0000-0000-0000-000000000001&term=Den - 200 null application/json; charset=utf-8 64.2168ms
[19:33:16 INF] Request starting HTTP/1.1 OPTIONS http://localhost:5244/api/v1/billing/products/search?shopId=10000000-0000-0000-0000-000000000001&term=Deni - null null
[19:33:16 INF] CORS policy execution successful.
[19:33:16 INF] HTTP OPTIONS /api/v1/billing/products/search responded 204 in 0.4731 ms
[19:33:16 INF] Request finished HTTP/1.1 OPTIONS http://localhost:5244/api/v1/billing/products/search?shopId=10000000-0000-0000-0000-000000000001&term=Deni - 204 null null 7.1784ms
[19:33:16 INF] Request starting HTTP/1.1 GET http://localhost:5244/api/v1/billing/products/search?shopId=10000000-0000-0000-0000-000000000001&term=Deni - null null
[19:33:16 INF] CORS policy execution successful.
[19:33:16 INF] Executing endpoint 'BillEasePro.Api.Controllers.BillingController.SearchProducts (BillEasePro.Api)'
[19:33:16 INF] Route matched with {action = "SearchProducts", controller = "Billing"}. Executing controller action with signature System.Threading.Tasks.Task`1[System.Collections.Generic.IReadOnlyList`1[BillEasePro.Application.Dtos.ProductSearchResultDto]] SearchProducts(System.Guid, System.String, System.Threading.CancellationToken) on controller BillEasePro.Api.Controllers.BillingController (BillEasePro.Api).
[19:33:16 INF] Executed DbCommand (38ms) [Parameters=[@__p_2='?' (DbType = Int32), @__request_ShopId_0='?' (DbType = Guid), @__term_1_contains='?' (Size = 220), @__term_1_contains_1='?' (Size = 80), @__term_1_contains_2='?' (Size = 450)], CommandType='Text', CommandTimeout='30']
SELECT [t].[Id], [t].[Barcode], [t].[BatchTracking], [t].[Brand], [t].[CategoryId], [t].[Composition], [t].[CostPrice], [t].[CreatedAt], [t].[CreatedBy], [t].[DeletedAt], [t].[DeletedBy], [t].[ExpiryTracking], [t].[FoodType], [t].[HsnSacCode], [t].[ImageUrl], [t].[IsActive], [t].[IsDeleted], [t].[IsFeatured], [t].[IsStockTracked], [t].[IsTaxInclusive], [t].[LowStockThreshold], [t].[Manufacturer], [t].[MaxDiscountPercent], [t].[MaxStockThreshold], [t].[Mrp], [t].[Name], [t].[PortionSize], [t].[PreparationTimeMinutes], [t].[RecipeCost], [t].[ReorderQuantity], [t].[RequiresPrescription], [t].[SellingPrice], [t].[ShopId], [t].[Sku], [t].[SubCategory], [t].[TaxSlabId], [t].[UnitOfMeasureId], [t].[UpdatedAt], [t].[UpdatedBy], [t].[WholesalePrice], [t0].[Id], [t0].[ColorHex], [t0].[CreatedAt], [t0].[CreatedBy], [t0].[DeletedAt], [t0].[DeletedBy], [t0].[Description], [t0].[DisplayOrder], [t0].[ImageUrl], [t0].[IsDeleted], [t0].[Name], [t0].[ParentCategoryId], [t0].[ShopId], [t0].[UpdatedAt], [t0].[UpdatedBy], [t1].[Id], [t1].[CreatedAt], [t1].[CreatedBy], [t1].[DeletedAt], [t1].[DeletedBy], [t1].[IsDeleted], [t1].[Name], [t1].[Symbol], [t1].[UnitType], [t1].[UpdatedAt], [t1].[UpdatedBy], [t2].[Id], [t2].[CreatedAt], [t2].[CreatedBy], [t2].[DeletedAt], [t2].[DeletedBy], [t2].[IsActive], [t2].[IsDeleted], [t2].[Name], [t2].[Rate], [t2].[TaxRegime], [t2].[UpdatedAt], [t2].[UpdatedBy], [t4].[Id], [t4].[AttributeJson], [t4].[Barcode], [t4].[Color], [t4].[CostPrice], [t4].[CreatedAt], [t4].[CreatedBy], [t4].[DeletedAt], [t4].[DeletedBy], [t4].[IsActive], [t4].[IsDeleted], [t4].[Mrp], [t4].[ProductId], [t4].[SellingPrice], [t4].[Size], [t4].[Sku], [t4].[UpdatedAt], [t4].[UpdatedBy], [t4].[VariantName]
FROM (
    SELECT TOP(@__p_2) [p].[Id], [p].[Barcode], [p].[BatchTracking], [p].[Brand], [p].[CategoryId], [p].[Composition], [p].[CostPrice], [p].[CreatedAt], [p].[CreatedBy], [p].[DeletedAt], [p].[DeletedBy], [p].[ExpiryTracking], [p].[FoodType], [p].[HsnSacCode], [p].[ImageUrl], [p].[IsActive], [p].[IsDeleted], [p].[IsFeatured], [p].[IsStockTracked], [p].[IsTaxInclusive], [p].[LowStockThreshold], [p].[Manufacturer], [p].[MaxDiscountPercent], [p].[MaxStockThreshold], [p].[Mrp], [p].[Name], [p].[PortionSize], [p].[PreparationTimeMinutes], [p].[RecipeCost], [p].[ReorderQuantity], [p].[RequiresPrescription], [p].[SellingPrice], [p].[ShopId], [p].[Sku], [p].[SubCategory], [p].[TaxSlabId], [p].[UnitOfMeasureId], [p].[UpdatedAt], [p].[UpdatedBy], [p].[WholesalePrice]
    FROM [Products] AS [p]
    WHERE [p].[IsDeleted] = CAST(0 AS bit) AND [p].[ShopId] = @__request_ShopId_0 AND [p].[IsActive] = CAST(1 AS bit) AND (LOWER([p].[Name]) LIKE @__term_1_contains ESCAPE N'\' OR LOWER([p].[Sku]) LIKE @__term_1_contains_1 ESCAPE N'\' OR ([p].[Barcode] IS NOT NULL AND LOWER([p].[Barcode]) LIKE @__term_1_contains_2 ESCAPE N'\'))
    ORDER BY [p].[Name]
) AS [t]
INNER JOIN (
    SELECT [c].[Id], [c].[ColorHex], [c].[CreatedAt], [c].[CreatedBy], [c].[DeletedAt], [c].[DeletedBy], [c].[Description], [c].[DisplayOrder], [c].[ImageUrl], [c].[IsDeleted], [c].[Name], [c].[ParentCategoryId], [c].[ShopId], [c].[UpdatedAt], [c].[UpdatedBy]
    FROM [Categories] AS [c]
    WHERE [c].[IsDeleted] = CAST(0 AS bit)
) AS [t0] ON [t].[CategoryId] = [t0].[Id]
INNER JOIN (
    SELECT [u].[Id], [u].[CreatedAt], [u].[CreatedBy], [u].[DeletedAt], [u].[DeletedBy], [u].[IsDeleted], [u].[Name], [u].[Symbol], [u].[UnitType], [u].[UpdatedAt], [u].[UpdatedBy]
    FROM [UnitOfMeasures] AS [u]
    WHERE [u].[IsDeleted] = CAST(0 AS bit)
) AS [t1] ON [t].[UnitOfMeasureId] = [t1].[Id]
INNER JOIN (
    SELECT [t3].[Id], [t3].[CreatedAt], [t3].[CreatedBy], [t3].[DeletedAt], [t3].[DeletedBy], [t3].[IsActive], [t3].[IsDeleted], [t3].[Name], [t3].[Rate], [t3].[TaxRegime], [t3].[UpdatedAt], [t3].[UpdatedBy]
    FROM [TaxSlabs] AS [t3]
    WHERE [t3].[IsDeleted] = CAST(0 AS bit)
) AS [t2] ON [t].[TaxSlabId] = [t2].[Id]
LEFT JOIN (
    SELECT [p0].[Id], [p0].[AttributeJson], [p0].[Barcode], [p0].[Color], [p0].[CostPrice], [p0].[CreatedAt], [p0].[CreatedBy], [p0].[DeletedAt], [p0].[DeletedBy], [p0].[IsActive], [p0].[IsDeleted], [p0].[Mrp], [p0].[ProductId], [p0].[SellingPrice], [p0].[Size], [p0].[Sku], [p0].[UpdatedAt], [p0].[UpdatedBy], [p0].[VariantName]
    FROM [ProductVariants] AS [p0]
    WHERE [p0].[IsDeleted] = CAST(0 AS bit)
) AS [t4] ON [t].[Id] = [t4].[ProductId]
ORDER BY [t].[Name], [t].[Id], [t0].[Id], [t1].[Id], [t2].[Id]
[19:33:16 INF] Executed DbCommand (14ms) [Parameters=[@__request_ShopId_0='?' (DbType = Guid), @__ids_1='?' (Size = 4000)], CommandType='Text', CommandTimeout='30']
SELECT [i].[ProductId], [i].[ProductVariantId], COALESCE(SUM([i].[QuantityOnHand]), 0.0) AS [Quantity]
FROM [InventoryStocks] AS [i]
WHERE [i].[IsDeleted] = CAST(0 AS bit) AND [i].[ShopId] = @__request_ShopId_0 AND [i].[ProductId] IN (
    SELECT [i0].[value]
    FROM OPENJSON(@__ids_1) WITH ([value] uniqueidentifier '$') AS [i0]
)
GROUP BY [i].[ProductId], [i].[ProductVariantId]
[19:33:16 INF] Executing ObjectResult, writing value of type 'System.Collections.Generic.List`1[[BillEasePro.Application.Dtos.ProductSearchResultDto, BillEasePro.Application, Version=1.0.0.0, Culture=neutral, PublicKeyToken=null]]'.
[19:33:16 INF] Executed action BillEasePro.Api.Controllers.BillingController.SearchProducts (BillEasePro.Api) in 66.4509ms
[19:33:16 INF] Executed endpoint 'BillEasePro.Api.Controllers.BillingController.SearchProducts (BillEasePro.Api)'
[19:33:16 INF] HTTP GET /api/v1/billing/products/search responded 200 in 68.7610 ms
[19:33:16 INF] Request finished HTTP/1.1 GET http://localhost:5244/api/v1/billing/products/search?shopId=10000000-0000-0000-0000-000000000001&term=Deni - 200 null application/json; charset=utf-8 69.6691ms
[19:34:04 INF] Request starting HTTP/1.1 OPTIONS http://localhost:5244/api/v1/billing/products/search?shopId=10000000-0000-0000-0000-000000000001&term=Den - null null
[19:34:04 INF] CORS policy execution successful.
[19:34:04 INF] HTTP OPTIONS /api/v1/billing/products/search responded 204 in 0.3448 ms
[19:34:04 INF] Request finished HTTP/1.1 OPTIONS http://localhost:5244/api/v1/billing/products/search?shopId=10000000-0000-0000-0000-000000000001&term=Den - 204 null null 1.4043ms
[19:34:04 INF] Request starting HTTP/1.1 GET http://localhost:5244/api/v1/billing/products/search?shopId=10000000-0000-0000-0000-000000000001&term=Den - null null
[19:34:04 INF] CORS policy execution successful.
[19:34:04 INF] Executing endpoint 'BillEasePro.Api.Controllers.BillingController.SearchProducts (BillEasePro.Api)'
[19:34:04 INF] Route matched with {action = "SearchProducts", controller = "Billing"}. Executing controller action with signature System.Threading.Tasks.Task`1[System.Collections.Generic.IReadOnlyList`1[BillEasePro.Application.Dtos.ProductSearchResultDto]] SearchProducts(System.Guid, System.String, System.Threading.CancellationToken) on controller BillEasePro.Api.Controllers.BillingController (BillEasePro.Api).
[19:34:04 INF] Executed DbCommand (43ms) [Parameters=[@__p_2='?' (DbType = Int32), @__request_ShopId_0='?' (DbType = Guid), @__term_1_contains='?' (Size = 220), @__term_1_contains_1='?' (Size = 80), @__term_1_contains_2='?' (Size = 450)], CommandType='Text', CommandTimeout='30']
SELECT [t].[Id], [t].[Barcode], [t].[BatchTracking], [t].[Brand], [t].[CategoryId], [t].[Composition], [t].[CostPrice], [t].[CreatedAt], [t].[CreatedBy], [t].[DeletedAt], [t].[DeletedBy], [t].[ExpiryTracking], [t].[FoodType], [t].[HsnSacCode], [t].[ImageUrl], [t].[IsActive], [t].[IsDeleted], [t].[IsFeatured], [t].[IsStockTracked], [t].[IsTaxInclusive], [t].[LowStockThreshold], [t].[Manufacturer], [t].[MaxDiscountPercent], [t].[MaxStockThreshold], [t].[Mrp], [t].[Name], [t].[PortionSize], [t].[PreparationTimeMinutes], [t].[RecipeCost], [t].[ReorderQuantity], [t].[RequiresPrescription], [t].[SellingPrice], [t].[ShopId], [t].[Sku], [t].[SubCategory], [t].[TaxSlabId], [t].[UnitOfMeasureId], [t].[UpdatedAt], [t].[UpdatedBy], [t].[WholesalePrice], [t0].[Id], [t0].[ColorHex], [t0].[CreatedAt], [t0].[CreatedBy], [t0].[DeletedAt], [t0].[DeletedBy], [t0].[Description], [t0].[DisplayOrder], [t0].[ImageUrl], [t0].[IsDeleted], [t0].[Name], [t0].[ParentCategoryId], [t0].[ShopId], [t0].[UpdatedAt], [t0].[UpdatedBy], [t1].[Id], [t1].[CreatedAt], [t1].[CreatedBy], [t1].[DeletedAt], [t1].[DeletedBy], [t1].[IsDeleted], [t1].[Name], [t1].[Symbol], [t1].[UnitType], [t1].[UpdatedAt], [t1].[UpdatedBy], [t2].[Id], [t2].[CreatedAt], [t2].[CreatedBy], [t2].[DeletedAt], [t2].[DeletedBy], [t2].[IsActive], [t2].[IsDeleted], [t2].[Name], [t2].[Rate], [t2].[TaxRegime], [t2].[UpdatedAt], [t2].[UpdatedBy], [t4].[Id], [t4].[AttributeJson], [t4].[Barcode], [t4].[Color], [t4].[CostPrice], [t4].[CreatedAt], [t4].[CreatedBy], [t4].[DeletedAt], [t4].[DeletedBy], [t4].[IsActive], [t4].[IsDeleted], [t4].[Mrp], [t4].[ProductId], [t4].[SellingPrice], [t4].[Size], [t4].[Sku], [t4].[UpdatedAt], [t4].[UpdatedBy], [t4].[VariantName]
FROM (
    SELECT TOP(@__p_2) [p].[Id], [p].[Barcode], [p].[BatchTracking], [p].[Brand], [p].[CategoryId], [p].[Composition], [p].[CostPrice], [p].[CreatedAt], [p].[CreatedBy], [p].[DeletedAt], [p].[DeletedBy], [p].[ExpiryTracking], [p].[FoodType], [p].[HsnSacCode], [p].[ImageUrl], [p].[IsActive], [p].[IsDeleted], [p].[IsFeatured], [p].[IsStockTracked], [p].[IsTaxInclusive], [p].[LowStockThreshold], [p].[Manufacturer], [p].[MaxDiscountPercent], [p].[MaxStockThreshold], [p].[Mrp], [p].[Name], [p].[PortionSize], [p].[PreparationTimeMinutes], [p].[RecipeCost], [p].[ReorderQuantity], [p].[RequiresPrescription], [p].[SellingPrice], [p].[ShopId], [p].[Sku], [p].[SubCategory], [p].[TaxSlabId], [p].[UnitOfMeasureId], [p].[UpdatedAt], [p].[UpdatedBy], [p].[WholesalePrice]
    FROM [Products] AS [p]
    WHERE [p].[IsDeleted] = CAST(0 AS bit) AND [p].[ShopId] = @__request_ShopId_0 AND [p].[IsActive] = CAST(1 AS bit) AND (LOWER([p].[Name]) LIKE @__term_1_contains ESCAPE N'\' OR LOWER([p].[Sku]) LIKE @__term_1_contains_1 ESCAPE N'\' OR ([p].[Barcode] IS NOT NULL AND LOWER([p].[Barcode]) LIKE @__term_1_contains_2 ESCAPE N'\'))
    ORDER BY [p].[Name]
) AS [t]
INNER JOIN (
    SELECT [c].[Id], [c].[ColorHex], [c].[CreatedAt], [c].[CreatedBy], [c].[DeletedAt], [c].[DeletedBy], [c].[Description], [c].[DisplayOrder], [c].[ImageUrl], [c].[IsDeleted], [c].[Name], [c].[ParentCategoryId], [c].[ShopId], [c].[UpdatedAt], [c].[UpdatedBy]
    FROM [Categories] AS [c]
    WHERE [c].[IsDeleted] = CAST(0 AS bit)
) AS [t0] ON [t].[CategoryId] = [t0].[Id]
INNER JOIN (
    SELECT [u].[Id], [u].[CreatedAt], [u].[CreatedBy], [u].[DeletedAt], [u].[DeletedBy], [u].[IsDeleted], [u].[Name], [u].[Symbol], [u].[UnitType], [u].[UpdatedAt], [u].[UpdatedBy]
    FROM [UnitOfMeasures] AS [u]
    WHERE [u].[IsDeleted] = CAST(0 AS bit)
) AS [t1] ON [t].[UnitOfMeasureId] = [t1].[Id]
INNER JOIN (
    SELECT [t3].[Id], [t3].[CreatedAt], [t3].[CreatedBy], [t3].[DeletedAt], [t3].[DeletedBy], [t3].[IsActive], [t3].[IsDeleted], [t3].[Name], [t3].[Rate], [t3].[TaxRegime], [t3].[UpdatedAt], [t3].[UpdatedBy]
    FROM [TaxSlabs] AS [t3]
    WHERE [t3].[IsDeleted] = CAST(0 AS bit)
) AS [t2] ON [t].[TaxSlabId] = [t2].[Id]
LEFT JOIN (
    SELECT [p0].[Id], [p0].[AttributeJson], [p0].[Barcode], [p0].[Color], [p0].[CostPrice], [p0].[CreatedAt], [p0].[CreatedBy], [p0].[DeletedAt], [p0].[DeletedBy], [p0].[IsActive], [p0].[IsDeleted], [p0].[Mrp], [p0].[ProductId], [p0].[SellingPrice], [p0].[Size], [p0].[Sku], [p0].[UpdatedAt], [p0].[UpdatedBy], [p0].[VariantName]
    FROM [ProductVariants] AS [p0]
    WHERE [p0].[IsDeleted] = CAST(0 AS bit)
) AS [t4] ON [t].[Id] = [t4].[ProductId]
ORDER BY [t].[Name], [t].[Id], [t0].[Id], [t1].[Id], [t2].[Id]
[19:34:04 INF] Executed DbCommand (11ms) [Parameters=[@__request_ShopId_0='?' (DbType = Guid), @__ids_1='?' (Size = 4000)], CommandType='Text', CommandTimeout='30']
SELECT [i].[ProductId], [i].[ProductVariantId], COALESCE(SUM([i].[QuantityOnHand]), 0.0) AS [Quantity]
FROM [InventoryStocks] AS [i]
WHERE [i].[IsDeleted] = CAST(0 AS bit) AND [i].[ShopId] = @__request_ShopId_0 AND [i].[ProductId] IN (
    SELECT [i0].[value]
    FROM OPENJSON(@__ids_1) WITH ([value] uniqueidentifier '$') AS [i0]
)
GROUP BY [i].[ProductId], [i].[ProductVariantId]
[19:34:04 INF] Executing ObjectResult, writing value of type 'System.Collections.Generic.List`1[[BillEasePro.Application.Dtos.ProductSearchResultDto, BillEasePro.Application, Version=1.0.0.0, Culture=neutral, PublicKeyToken=null]]'.
[19:34:04 INF] Executed action BillEasePro.Api.Controllers.BillingController.SearchProducts (BillEasePro.Api) in 64.2351ms
[19:34:04 INF] Executed endpoint 'BillEasePro.Api.Controllers.BillingController.SearchProducts (BillEasePro.Api)'
[19:34:04 INF] HTTP GET /api/v1/billing/products/search responded 200 in 67.0240 ms
[19:34:04 INF] Request finished HTTP/1.1 GET http://localhost:5244/api/v1/billing/products/search?shopId=10000000-0000-0000-0000-000000000001&term=Den - 200 null application/json; charset=utf-8 68.1095ms
[19:34:04 INF] Request starting HTTP/1.1 OPTIONS http://localhost:5244/api/v1/billing/products/search?shopId=10000000-0000-0000-0000-000000000001&term=De - null null
[19:34:04 INF] CORS policy execution successful.
[19:34:04 INF] HTTP OPTIONS /api/v1/billing/products/search responded 204 in 0.5209 ms
[19:34:04 INF] Request finished HTTP/1.1 OPTIONS http://localhost:5244/api/v1/billing/products/search?shopId=10000000-0000-0000-0000-000000000001&term=De - 204 null null 1.5937ms
[19:34:04 INF] Request starting HTTP/1.1 GET http://localhost:5244/api/v1/billing/products/search?shopId=10000000-0000-0000-0000-000000000001&term=De - null null
[19:34:04 INF] CORS policy execution successful.
[19:34:04 INF] Executing endpoint 'BillEasePro.Api.Controllers.BillingController.SearchProducts (BillEasePro.Api)'
[19:34:04 INF] Route matched with {action = "SearchProducts", controller = "Billing"}. Executing controller action with signature System.Threading.Tasks.Task`1[System.Collections.Generic.IReadOnlyList`1[BillEasePro.Application.Dtos.ProductSearchResultDto]] SearchProducts(System.Guid, System.String, System.Threading.CancellationToken) on controller BillEasePro.Api.Controllers.BillingController (BillEasePro.Api).
[19:34:04 INF] Executed DbCommand (37ms) [Parameters=[@__p_2='?' (DbType = Int32), @__request_ShopId_0='?' (DbType = Guid), @__term_1_contains='?' (Size = 220), @__term_1_contains_1='?' (Size = 80), @__term_1_contains_2='?' (Size = 450)], CommandType='Text', CommandTimeout='30']
SELECT [t].[Id], [t].[Barcode], [t].[BatchTracking], [t].[Brand], [t].[CategoryId], [t].[Composition], [t].[CostPrice], [t].[CreatedAt], [t].[CreatedBy], [t].[DeletedAt], [t].[DeletedBy], [t].[ExpiryTracking], [t].[FoodType], [t].[HsnSacCode], [t].[ImageUrl], [t].[IsActive], [t].[IsDeleted], [t].[IsFeatured], [t].[IsStockTracked], [t].[IsTaxInclusive], [t].[LowStockThreshold], [t].[Manufacturer], [t].[MaxDiscountPercent], [t].[MaxStockThreshold], [t].[Mrp], [t].[Name], [t].[PortionSize], [t].[PreparationTimeMinutes], [t].[RecipeCost], [t].[ReorderQuantity], [t].[RequiresPrescription], [t].[SellingPrice], [t].[ShopId], [t].[Sku], [t].[SubCategory], [t].[TaxSlabId], [t].[UnitOfMeasureId], [t].[UpdatedAt], [t].[UpdatedBy], [t].[WholesalePrice], [t0].[Id], [t0].[ColorHex], [t0].[CreatedAt], [t0].[CreatedBy], [t0].[DeletedAt], [t0].[DeletedBy], [t0].[Description], [t0].[DisplayOrder], [t0].[ImageUrl], [t0].[IsDeleted], [t0].[Name], [t0].[ParentCategoryId], [t0].[ShopId], [t0].[UpdatedAt], [t0].[UpdatedBy], [t1].[Id], [t1].[CreatedAt], [t1].[CreatedBy], [t1].[DeletedAt], [t1].[DeletedBy], [t1].[IsDeleted], [t1].[Name], [t1].[Symbol], [t1].[UnitType], [t1].[UpdatedAt], [t1].[UpdatedBy], [t2].[Id], [t2].[CreatedAt], [t2].[CreatedBy], [t2].[DeletedAt], [t2].[DeletedBy], [t2].[IsActive], [t2].[IsDeleted], [t2].[Name], [t2].[Rate], [t2].[TaxRegime], [t2].[UpdatedAt], [t2].[UpdatedBy], [t4].[Id], [t4].[AttributeJson], [t4].[Barcode], [t4].[Color], [t4].[CostPrice], [t4].[CreatedAt], [t4].[CreatedBy], [t4].[DeletedAt], [t4].[DeletedBy], [t4].[IsActive], [t4].[IsDeleted], [t4].[Mrp], [t4].[ProductId], [t4].[SellingPrice], [t4].[Size], [t4].[Sku], [t4].[UpdatedAt], [t4].[UpdatedBy], [t4].[VariantName]
FROM (
    SELECT TOP(@__p_2) [p].[Id], [p].[Barcode], [p].[BatchTracking], [p].[Brand], [p].[CategoryId], [p].[Composition], [p].[CostPrice], [p].[CreatedAt], [p].[CreatedBy], [p].[DeletedAt], [p].[DeletedBy], [p].[ExpiryTracking], [p].[FoodType], [p].[HsnSacCode], [p].[ImageUrl], [p].[IsActive], [p].[IsDeleted], [p].[IsFeatured], [p].[IsStockTracked], [p].[IsTaxInclusive], [p].[LowStockThreshold], [p].[Manufacturer], [p].[MaxDiscountPercent], [p].[MaxStockThreshold], [p].[Mrp], [p].[Name], [p].[PortionSize], [p].[PreparationTimeMinutes], [p].[RecipeCost], [p].[ReorderQuantity], [p].[RequiresPrescription], [p].[SellingPrice], [p].[ShopId], [p].[Sku], [p].[SubCategory], [p].[TaxSlabId], [p].[UnitOfMeasureId], [p].[UpdatedAt], [p].[UpdatedBy], [p].[WholesalePrice]
    FROM [Products] AS [p]
    WHERE [p].[IsDeleted] = CAST(0 AS bit) AND [p].[ShopId] = @__request_ShopId_0 AND [p].[IsActive] = CAST(1 AS bit) AND (LOWER([p].[Name]) LIKE @__term_1_contains ESCAPE N'\' OR LOWER([p].[Sku]) LIKE @__term_1_contains_1 ESCAPE N'\' OR ([p].[Barcode] IS NOT NULL AND LOWER([p].[Barcode]) LIKE @__term_1_contains_2 ESCAPE N'\'))
    ORDER BY [p].[Name]
) AS [t]
INNER JOIN (
    SELECT [c].[Id], [c].[ColorHex], [c].[CreatedAt], [c].[CreatedBy], [c].[DeletedAt], [c].[DeletedBy], [c].[Description], [c].[DisplayOrder], [c].[ImageUrl], [c].[IsDeleted], [c].[Name], [c].[ParentCategoryId], [c].[ShopId], [c].[UpdatedAt], [c].[UpdatedBy]
    FROM [Categories] AS [c]
    WHERE [c].[IsDeleted] = CAST(0 AS bit)
) AS [t0] ON [t].[CategoryId] = [t0].[Id]
INNER JOIN (
    SELECT [u].[Id], [u].[CreatedAt], [u].[CreatedBy], [u].[DeletedAt], [u].[DeletedBy], [u].[IsDeleted], [u].[Name], [u].[Symbol], [u].[UnitType], [u].[UpdatedAt], [u].[UpdatedBy]
    FROM [UnitOfMeasures] AS [u]
    WHERE [u].[IsDeleted] = CAST(0 AS bit)
) AS [t1] ON [t].[UnitOfMeasureId] = [t1].[Id]
INNER JOIN (
    SELECT [t3].[Id], [t3].[CreatedAt], [t3].[CreatedBy], [t3].[DeletedAt], [t3].[DeletedBy], [t3].[IsActive], [t3].[IsDeleted], [t3].[Name], [t3].[Rate], [t3].[TaxRegime], [t3].[UpdatedAt], [t3].[UpdatedBy]
    FROM [TaxSlabs] AS [t3]
    WHERE [t3].[IsDeleted] = CAST(0 AS bit)
) AS [t2] ON [t].[TaxSlabId] = [t2].[Id]
LEFT JOIN (
    SELECT [p0].[Id], [p0].[AttributeJson], [p0].[Barcode], [p0].[Color], [p0].[CostPrice], [p0].[CreatedAt], [p0].[CreatedBy], [p0].[DeletedAt], [p0].[DeletedBy], [p0].[IsActive], [p0].[IsDeleted], [p0].[Mrp], [p0].[ProductId], [p0].[SellingPrice], [p0].[Size], [p0].[Sku], [p0].[UpdatedAt], [p0].[UpdatedBy], [p0].[VariantName]
    FROM [ProductVariants] AS [p0]
    WHERE [p0].[IsDeleted] = CAST(0 AS bit)
) AS [t4] ON [t].[Id] = [t4].[ProductId]
ORDER BY [t].[Name], [t].[Id], [t0].[Id], [t1].[Id], [t2].[Id]
[19:34:04 INF] Executed DbCommand (14ms) [Parameters=[@__request_ShopId_0='?' (DbType = Guid), @__ids_1='?' (Size = 4000)], CommandType='Text', CommandTimeout='30']
SELECT [i].[ProductId], [i].[ProductVariantId], COALESCE(SUM([i].[QuantityOnHand]), 0.0) AS [Quantity]
FROM [InventoryStocks] AS [i]
WHERE [i].[IsDeleted] = CAST(0 AS bit) AND [i].[ShopId] = @__request_ShopId_0 AND [i].[ProductId] IN (
    SELECT [i0].[value]
    FROM OPENJSON(@__ids_1) WITH ([value] uniqueidentifier '$') AS [i0]
)
GROUP BY [i].[ProductId], [i].[ProductVariantId]
[19:34:04 INF] Executing ObjectResult, writing value of type 'System.Collections.Generic.List`1[[BillEasePro.Application.Dtos.ProductSearchResultDto, BillEasePro.Application, Version=1.0.0.0, Culture=neutral, PublicKeyToken=null]]'.
[19:34:04 INF] Executed action BillEasePro.Api.Controllers.BillingController.SearchProducts (BillEasePro.Api) in 60.0705ms
[19:34:04 INF] Executed endpoint 'BillEasePro.Api.Controllers.BillingController.SearchProducts (BillEasePro.Api)'
[19:34:04 INF] HTTP GET /api/v1/billing/products/search responded 200 in 62.9488 ms
[19:34:04 INF] Request finished HTTP/1.1 GET http://localhost:5244/api/v1/billing/products/search?shopId=10000000-0000-0000-0000-000000000001&term=De - 200 null application/json; charset=utf-8 63.6943ms
[19:34:07 INF] Request starting HTTP/1.1 OPTIONS http://localhost:5244/api/v1/inventory/products?shopId=10000000-0000-0000-0000-000000000001&search= - null null
[19:34:07 INF] Request starting HTTP/1.1 OPTIONS http://localhost:5244/api/v1/inventory/lookup?shopId=10000000-0000-0000-0000-000000000001 - null null
[19:34:07 INF] CORS policy execution successful.
[19:34:08 INF] HTTP OPTIONS /api/v1/inventory/products responded 204 in 1.1669 ms
[19:34:07 INF] CORS policy execution successful.
[19:34:08 INF] Request finished HTTP/1.1 OPTIONS http://localhost:5244/api/v1/inventory/products?shopId=10000000-0000-0000-0000-000000000001&search= - 204 null null 5.2092ms
[19:34:08 INF] HTTP OPTIONS /api/v1/inventory/lookup responded 204 in 2.0343 ms
[19:34:08 INF] Request finished HTTP/1.1 OPTIONS http://localhost:5244/api/v1/inventory/lookup?shopId=10000000-0000-0000-0000-000000000001 - 204 null null 6.3182ms
[19:34:08 INF] Request starting HTTP/1.1 GET http://localhost:5244/api/v1/inventory/products?shopId=10000000-0000-0000-0000-000000000001&search= - null null
[19:34:08 INF] Request starting HTTP/1.1 GET http://localhost:5244/api/v1/inventory/lookup?shopId=10000000-0000-0000-0000-000000000001 - null null
[19:34:08 INF] CORS policy execution successful.
[19:34:08 INF] CORS policy execution successful.
[19:34:08 INF] Executing endpoint 'BillEasePro.Api.Controllers.InventoryController.Products (BillEasePro.Api)'
[19:34:08 INF] Route matched with {action = "Products", controller = "Inventory"}. Executing controller action with signature System.Threading.Tasks.Task`1[System.Collections.Generic.IReadOnlyList`1[BillEasePro.Application.Dtos.InventoryProductListItemDto]] Products(System.Guid, System.String, System.Threading.CancellationToken) on controller BillEasePro.Api.Controllers.InventoryController (BillEasePro.Api).
[19:34:08 INF] Executing endpoint 'BillEasePro.Api.Controllers.InventoryController.Lookup (BillEasePro.Api)'
[19:34:08 INF] Route matched with {action = "Lookup", controller = "Inventory"}. Executing controller action with signature System.Threading.Tasks.Task`1[BillEasePro.Application.Dtos.InventoryLookupDto] Lookup(System.Guid, System.Threading.CancellationToken) on controller BillEasePro.Api.Controllers.InventoryController (BillEasePro.Api).
[19:34:08 INF] Executed DbCommand (5ms) [Parameters=[@__request_ShopId_0='?' (DbType = Guid)], CommandType='Text', CommandTimeout='30']
SELECT [c].[Id], [c].[ShopId], [c].[Name], [c].[Description], [c].[ParentCategoryId]
FROM [Categories] AS [c]
WHERE [c].[IsDeleted] = CAST(0 AS bit) AND [c].[ShopId] = @__request_ShopId_0
ORDER BY [c].[DisplayOrder], [c].[Name]
[19:34:08 INF] Executed DbCommand (14ms) [Parameters=[@__p_1='?' (DbType = Int32), @__request_ShopId_0='?' (DbType = Guid)], CommandType='Text', CommandTimeout='30']
SELECT [t].[Id], [t].[Barcode], [t].[BatchTracking], [t].[Brand], [t].[CategoryId], [t].[Composition], [t].[CostPrice], [t].[CreatedAt], [t].[CreatedBy], [t].[DeletedAt], [t].[DeletedBy], [t].[ExpiryTracking], [t].[FoodType], [t].[HsnSacCode], [t].[ImageUrl], [t].[IsActive], [t].[IsDeleted], [t].[IsFeatured], [t].[IsStockTracked], [t].[IsTaxInclusive], [t].[LowStockThreshold], [t].[Manufacturer], [t].[MaxDiscountPercent], [t].[MaxStockThreshold], [t].[Mrp], [t].[Name], [t].[PortionSize], [t].[PreparationTimeMinutes], [t].[RecipeCost], [t].[ReorderQuantity], [t].[RequiresPrescription], [t].[SellingPrice], [t].[ShopId], [t].[Sku], [t].[SubCategory], [t].[TaxSlabId], [t].[UnitOfMeasureId], [t].[UpdatedAt], [t].[UpdatedBy], [t].[WholesalePrice], [t0].[Id], [t0].[ColorHex], [t0].[CreatedAt], [t0].[CreatedBy], [t0].[DeletedAt], [t0].[DeletedBy], [t0].[Description], [t0].[DisplayOrder], [t0].[ImageUrl], [t0].[IsDeleted], [t0].[Name], [t0].[ParentCategoryId], [t0].[ShopId], [t0].[UpdatedAt], [t0].[UpdatedBy], [t1].[Id], [t1].[CreatedAt], [t1].[CreatedBy], [t1].[DeletedAt], [t1].[DeletedBy], [t1].[IsDeleted], [t1].[Name], [t1].[Symbol], [t1].[UnitType], [t1].[UpdatedAt], [t1].[UpdatedBy], [t2].[Id], [t2].[CreatedAt], [t2].[CreatedBy], [t2].[DeletedAt], [t2].[DeletedBy], [t2].[IsActive], [t2].[IsDeleted], [t2].[Name], [t2].[Rate], [t2].[TaxRegime], [t2].[UpdatedAt], [t2].[UpdatedBy]
FROM (
    SELECT TOP(@__p_1) [p].[Id], [p].[Barcode], [p].[BatchTracking], [p].[Brand], [p].[CategoryId], [p].[Composition], [p].[CostPrice], [p].[CreatedAt], [p].[CreatedBy], [p].[DeletedAt], [p].[DeletedBy], [p].[ExpiryTracking], [p].[FoodType], [p].[HsnSacCode], [p].[ImageUrl], [p].[IsActive], [p].[IsDeleted], [p].[IsFeatured], [p].[IsStockTracked], [p].[IsTaxInclusive], [p].[LowStockThreshold], [p].[Manufacturer], [p].[MaxDiscountPercent], [p].[MaxStockThreshold], [p].[Mrp], [p].[Name], [p].[PortionSize], [p].[PreparationTimeMinutes], [p].[RecipeCost], [p].[ReorderQuantity], [p].[RequiresPrescription], [p].[SellingPrice], [p].[ShopId], [p].[Sku], [p].[SubCategory], [p].[TaxSlabId], [p].[UnitOfMeasureId], [p].[UpdatedAt], [p].[UpdatedBy], [p].[WholesalePrice]
    FROM [Products] AS [p]
    WHERE [p].[IsDeleted] = CAST(0 AS bit) AND [p].[ShopId] = @__request_ShopId_0
    ORDER BY [p].[Name]
) AS [t]
INNER JOIN (
    SELECT [c].[Id], [c].[ColorHex], [c].[CreatedAt], [c].[CreatedBy], [c].[DeletedAt], [c].[DeletedBy], [c].[Description], [c].[DisplayOrder], [c].[ImageUrl], [c].[IsDeleted], [c].[Name], [c].[ParentCategoryId], [c].[ShopId], [c].[UpdatedAt], [c].[UpdatedBy]
    FROM [Categories] AS [c]
    WHERE [c].[IsDeleted] = CAST(0 AS bit)
) AS [t0] ON [t].[CategoryId] = [t0].[Id]
INNER JOIN (
    SELECT [u].[Id], [u].[CreatedAt], [u].[CreatedBy], [u].[DeletedAt], [u].[DeletedBy], [u].[IsDeleted], [u].[Name], [u].[Symbol], [u].[UnitType], [u].[UpdatedAt], [u].[UpdatedBy]
    FROM [UnitOfMeasures] AS [u]
    WHERE [u].[IsDeleted] = CAST(0 AS bit)
) AS [t1] ON [t].[UnitOfMeasureId] = [t1].[Id]
INNER JOIN (
    SELECT [t3].[Id], [t3].[CreatedAt], [t3].[CreatedBy], [t3].[DeletedAt], [t3].[DeletedBy], [t3].[IsActive], [t3].[IsDeleted], [t3].[Name], [t3].[Rate], [t3].[TaxRegime], [t3].[UpdatedAt], [t3].[UpdatedBy]
    FROM [TaxSlabs] AS [t3]
    WHERE [t3].[IsDeleted] = CAST(0 AS bit)
) AS [t2] ON [t].[TaxSlabId] = [t2].[Id]
ORDER BY [t].[Name]
[19:34:08 INF] Executed DbCommand (8ms) [Parameters=[], CommandType='Text', CommandTimeout='30']
SELECT [u].[Id], [u].[Name], [u].[Symbol], [u].[UnitType]
FROM [UnitOfMeasures] AS [u]
WHERE [u].[IsDeleted] = CAST(0 AS bit)
ORDER BY [u].[Name]
[19:34:08 INF] Executed DbCommand (4ms) [Parameters=[], CommandType='Text', CommandTimeout='30']
SELECT [t].[Id], [t].[Name], [t].[Rate], [t].[TaxRegime], [t].[IsActive]
FROM [TaxSlabs] AS [t]
WHERE [t].[IsDeleted] = CAST(0 AS bit) AND [t].[IsActive] = CAST(1 AS bit)
ORDER BY [t].[Rate]
[19:34:08 INF] Executed DbCommand (4ms) [Parameters=[@__request_ShopId_0='?' (DbType = Guid)], CommandType='Text', CommandTimeout='30']
SELECT [s].[Id], [s].[Name], [s].[Phone], [s].[Email], [s].[OutstandingBalance]
FROM [Suppliers] AS [s]
WHERE [s].[IsDeleted] = CAST(0 AS bit) AND [s].[ShopId] = @__request_ShopId_0
ORDER BY [s].[Name]
[19:34:08 INF] Executing ObjectResult, writing value of type 'BillEasePro.Application.Dtos.InventoryLookupDto'.
[19:34:08 INF] Executed DbCommand (10ms) [Parameters=[@__request_ShopId_0='?' (DbType = Guid), @__ids_1='?' (Size = 4000)], CommandType='Text', CommandTimeout='30']
SELECT [i].[ProductId], COALESCE(SUM([i].[QuantityOnHand]), 0.0) AS [Qty]
FROM [InventoryStocks] AS [i]
WHERE [i].[IsDeleted] = CAST(0 AS bit) AND [i].[ShopId] = @__request_ShopId_0 AND [i].[ProductId] IN (
    SELECT [i0].[value]
    FROM OPENJSON(@__ids_1) WITH ([value] uniqueidentifier '$') AS [i0]
)
GROUP BY [i].[ProductId]
[19:34:08 INF] Executed action BillEasePro.Api.Controllers.InventoryController.Lookup (BillEasePro.Api) in 32.7842ms
[19:34:08 INF] Executing ObjectResult, writing value of type 'System.Collections.Generic.List`1[[BillEasePro.Application.Dtos.InventoryProductListItemDto, BillEasePro.Application, Version=1.0.0.0, Culture=neutral, PublicKeyToken=null]]'.
[19:34:08 INF] Executed endpoint 'BillEasePro.Api.Controllers.InventoryController.Lookup (BillEasePro.Api)'
[19:34:08 INF] Executed action BillEasePro.Api.Controllers.InventoryController.Products (BillEasePro.Api) in 37.0143ms
[19:34:08 INF] HTTP GET /api/v1/inventory/lookup responded 200 in 38.9563 ms
[19:34:08 INF] Executed endpoint 'BillEasePro.Api.Controllers.InventoryController.Products (BillEasePro.Api)'
[19:34:08 INF] Request finished HTTP/1.1 GET http://localhost:5244/api/v1/inventory/lookup?shopId=10000000-0000-0000-0000-000000000001 - 200 null application/json; charset=utf-8 40.5375ms
[19:34:08 INF] HTTP GET /api/v1/inventory/products responded 200 in 40.4769 ms
[19:34:08 INF] Request finished HTTP/1.1 GET http://localhost:5244/api/v1/inventory/products?shopId=10000000-0000-0000-0000-000000000001&search= - 200 null application/json; charset=utf-8 41.979ms
[19:34:11 INF] Request starting HTTP/1.1 OPTIONS http://localhost:5244/api/v1/inventory/products/70000000-0000-0000-0000-000000000009 - null null
[19:34:11 INF] CORS policy execution successful.
[19:34:11 INF] HTTP OPTIONS /api/v1/inventory/products/70000000-0000-0000-0000-000000000009 responded 204 in 0.3993 ms
[19:34:11 INF] Request finished HTTP/1.1 OPTIONS http://localhost:5244/api/v1/inventory/products/70000000-0000-0000-0000-000000000009 - 204 null null 1.404ms
[19:34:11 INF] Request starting HTTP/1.1 GET http://localhost:5244/api/v1/inventory/products/70000000-0000-0000-0000-000000000009 - null null
[19:34:11 INF] CORS policy execution successful.
[19:34:11 INF] Executing endpoint 'BillEasePro.Api.Controllers.InventoryController.Product (BillEasePro.Api)'
[19:34:11 INF] Route matched with {action = "Product", controller = "Inventory"}. Executing controller action with signature System.Threading.Tasks.Task`1[BillEasePro.Application.Dtos.InventoryProductDetailDto] Product(System.Guid, System.Threading.CancellationToken) on controller BillEasePro.Api.Controllers.InventoryController (BillEasePro.Api).
[19:34:11 INF] Executed DbCommand (14ms) [Parameters=[@__request_Id_0='?' (DbType = Guid)], CommandType='Text', CommandTimeout='30']
SELECT [t0].[Id], [t0].[Barcode], [t0].[BatchTracking], [t0].[Brand], [t0].[CategoryId], [t0].[Composition], [t0].[CostPrice], [t0].[CreatedAt], [t0].[CreatedBy], [t0].[DeletedAt], [t0].[DeletedBy], [t0].[ExpiryTracking], [t0].[FoodType], [t0].[HsnSacCode], [t0].[ImageUrl], [t0].[IsActive], [t0].[IsDeleted], [t0].[IsFeatured], [t0].[IsStockTracked], [t0].[IsTaxInclusive], [t0].[LowStockThreshold], [t0].[Manufacturer], [t0].[MaxDiscountPercent], [t0].[MaxStockThreshold], [t0].[Mrp], [t0].[Name], [t0].[PortionSize], [t0].[PreparationTimeMinutes], [t0].[RecipeCost], [t0].[ReorderQuantity], [t0].[RequiresPrescription], [t0].[SellingPrice], [t0].[ShopId], [t0].[Sku], [t0].[SubCategory], [t0].[TaxSlabId], [t0].[UnitOfMeasureId], [t0].[UpdatedAt], [t0].[UpdatedBy], [t0].[WholesalePrice], [t0].[Id0], [t0].[ColorHex], [t0].[CreatedAt0], [t0].[CreatedBy0], [t0].[DeletedAt0], [t0].[DeletedBy0], [t0].[Description], [t0].[DisplayOrder], [t0].[ImageUrl0], [t0].[IsDeleted0], [t0].[Name0], [t0].[ParentCategoryId], [t0].[ShopId0], [t0].[UpdatedAt0], [t0].[UpdatedBy0], [t1].[Id], [t1].[AttributeJson], [t1].[Barcode], [t1].[Color], [t1].[CostPrice], [t1].[CreatedAt], [t1].[CreatedBy], [t1].[DeletedAt], [t1].[DeletedBy], [t1].[IsActive], [t1].[IsDeleted], [t1].[Mrp], [t1].[ProductId], [t1].[SellingPrice], [t1].[Size], [t1].[Sku], [t1].[UpdatedAt], [t1].[UpdatedBy], [t1].[VariantName]
FROM (
    SELECT TOP(1) [p].[Id], [p].[Barcode], [p].[BatchTracking], [p].[Brand], [p].[CategoryId], [p].[Composition], [p].[CostPrice], [p].[CreatedAt], [p].[CreatedBy], [p].[DeletedAt], [p].[DeletedBy], [p].[ExpiryTracking], [p].[FoodType], [p].[HsnSacCode], [p].[ImageUrl], [p].[IsActive], [p].[IsDeleted], [p].[IsFeatured], [p].[IsStockTracked], [p].[IsTaxInclusive], [p].[LowStockThreshold], [p].[Manufacturer], [p].[MaxDiscountPercent], [p].[MaxStockThreshold], [p].[Mrp], [p].[Name], [p].[PortionSize], [p].[PreparationTimeMinutes], [p].[RecipeCost], [p].[ReorderQuantity], [p].[RequiresPrescription], [p].[SellingPrice], [p].[ShopId], [p].[Sku], [p].[SubCategory], [p].[TaxSlabId], [p].[UnitOfMeasureId], [p].[UpdatedAt], [p].[UpdatedBy], [p].[WholesalePrice], [t].[Id] AS [Id0], [t].[ColorHex], [t].[CreatedAt] AS [CreatedAt0], [t].[CreatedBy] AS [CreatedBy0], [t].[DeletedAt] AS [DeletedAt0], [t].[DeletedBy] AS [DeletedBy0], [t].[Description], [t].[DisplayOrder], [t].[ImageUrl] AS [ImageUrl0], [t].[IsDeleted] AS [IsDeleted0], [t].[Name] AS [Name0], [t].[ParentCategoryId], [t].[ShopId] AS [ShopId0], [t].[UpdatedAt] AS [UpdatedAt0], [t].[UpdatedBy] AS [UpdatedBy0]
    FROM [Products] AS [p]
    INNER JOIN (
        SELECT [c].[Id], [c].[ColorHex], [c].[CreatedAt], [c].[CreatedBy], [c].[DeletedAt], [c].[DeletedBy], [c].[Description], [c].[DisplayOrder], [c].[ImageUrl], [c].[IsDeleted], [c].[Name], [c].[ParentCategoryId], [c].[ShopId], [c].[UpdatedAt], [c].[UpdatedBy]
        FROM [Categories] AS [c]
        WHERE [c].[IsDeleted] = CAST(0 AS bit)
    ) AS [t] ON [p].[CategoryId] = [t].[Id]
    WHERE [p].[IsDeleted] = CAST(0 AS bit) AND [p].[Id] = @__request_Id_0
) AS [t0]
LEFT JOIN (
    SELECT [p0].[Id], [p0].[AttributeJson], [p0].[Barcode], [p0].[Color], [p0].[CostPrice], [p0].[CreatedAt], [p0].[CreatedBy], [p0].[DeletedAt], [p0].[DeletedBy], [p0].[IsActive], [p0].[IsDeleted], [p0].[Mrp], [p0].[ProductId], [p0].[SellingPrice], [p0].[Size], [p0].[Sku], [p0].[UpdatedAt], [p0].[UpdatedBy], [p0].[VariantName]
    FROM [ProductVariants] AS [p0]
    WHERE [p0].[IsDeleted] = CAST(0 AS bit)
) AS [t1] ON [t0].[Id] = [t1].[ProductId]
ORDER BY [t0].[Id], [t0].[Id0]
[19:34:11 INF] Executed DbCommand (5ms) [Parameters=[@__product_ShopId_0='?' (DbType = Guid), @__product_Id_1='?' (DbType = Guid)], CommandType='Text', CommandTimeout='30']
SELECT COALESCE(SUM([i].[QuantityOnHand]), 0.0)
FROM [InventoryStocks] AS [i]
WHERE [i].[IsDeleted] = CAST(0 AS bit) AND [i].[ShopId] = @__product_ShopId_0 AND [i].[ProductId] = @__product_Id_1
[19:34:11 INF] Executing ObjectResult, writing value of type 'BillEasePro.Application.Dtos.InventoryProductDetailDto'.
[19:34:11 INF] Executed action BillEasePro.Api.Controllers.InventoryController.Product (BillEasePro.Api) in 27.1492ms
[19:34:11 INF] Executed endpoint 'BillEasePro.Api.Controllers.InventoryController.Product (BillEasePro.Api)'
[19:34:11 INF] HTTP GET /api/v1/inventory/products/70000000-0000-0000-0000-000000000009 responded 200 in 30.0292 ms
[19:34:11 INF] Request finished HTTP/1.1 GET http://localhost:5244/api/v1/inventory/products/70000000-0000-0000-0000-000000000009 - 200 null application/json; charset=utf-8 31.07ms
[19:34:21 INF] Request starting HTTP/1.1 OPTIONS http://localhost:5244/api/v1/billing/products/search?shopId=10000000-0000-0000-0000-000000000001&term=Bath%20Soap - null null
[19:34:21 INF] CORS policy execution successful.
[19:34:21 INF] HTTP OPTIONS /api/v1/billing/products/search responded 204 in 0.4065 ms
[19:34:21 INF] Request finished HTTP/1.1 OPTIONS http://localhost:5244/api/v1/billing/products/search?shopId=10000000-0000-0000-0000-000000000001&term=Bath%20Soap - 204 null null 1.4136ms
[19:34:21 INF] Request starting HTTP/1.1 GET http://localhost:5244/api/v1/billing/products/search?shopId=10000000-0000-0000-0000-000000000001&term=Bath%20Soap - null null
[19:34:21 INF] CORS policy execution successful.
[19:34:21 INF] Executing endpoint 'BillEasePro.Api.Controllers.BillingController.SearchProducts (BillEasePro.Api)'
[19:34:21 INF] Route matched with {action = "SearchProducts", controller = "Billing"}. Executing controller action with signature System.Threading.Tasks.Task`1[System.Collections.Generic.IReadOnlyList`1[BillEasePro.Application.Dtos.ProductSearchResultDto]] SearchProducts(System.Guid, System.String, System.Threading.CancellationToken) on controller BillEasePro.Api.Controllers.BillingController (BillEasePro.Api).
[19:34:21 INF] Executed DbCommand (34ms) [Parameters=[@__p_2='?' (DbType = Int32), @__request_ShopId_0='?' (DbType = Guid), @__term_1_contains='?' (Size = 220), @__term_1_contains_1='?' (Size = 80), @__term_1_contains_2='?' (Size = 450)], CommandType='Text', CommandTimeout='30']
SELECT [t].[Id], [t].[Barcode], [t].[BatchTracking], [t].[Brand], [t].[CategoryId], [t].[Composition], [t].[CostPrice], [t].[CreatedAt], [t].[CreatedBy], [t].[DeletedAt], [t].[DeletedBy], [t].[ExpiryTracking], [t].[FoodType], [t].[HsnSacCode], [t].[ImageUrl], [t].[IsActive], [t].[IsDeleted], [t].[IsFeatured], [t].[IsStockTracked], [t].[IsTaxInclusive], [t].[LowStockThreshold], [t].[Manufacturer], [t].[MaxDiscountPercent], [t].[MaxStockThreshold], [t].[Mrp], [t].[Name], [t].[PortionSize], [t].[PreparationTimeMinutes], [t].[RecipeCost], [t].[ReorderQuantity], [t].[RequiresPrescription], [t].[SellingPrice], [t].[ShopId], [t].[Sku], [t].[SubCategory], [t].[TaxSlabId], [t].[UnitOfMeasureId], [t].[UpdatedAt], [t].[UpdatedBy], [t].[WholesalePrice], [t0].[Id], [t0].[ColorHex], [t0].[CreatedAt], [t0].[CreatedBy], [t0].[DeletedAt], [t0].[DeletedBy], [t0].[Description], [t0].[DisplayOrder], [t0].[ImageUrl], [t0].[IsDeleted], [t0].[Name], [t0].[ParentCategoryId], [t0].[ShopId], [t0].[UpdatedAt], [t0].[UpdatedBy], [t1].[Id], [t1].[CreatedAt], [t1].[CreatedBy], [t1].[DeletedAt], [t1].[DeletedBy], [t1].[IsDeleted], [t1].[Name], [t1].[Symbol], [t1].[UnitType], [t1].[UpdatedAt], [t1].[UpdatedBy], [t2].[Id], [t2].[CreatedAt], [t2].[CreatedBy], [t2].[DeletedAt], [t2].[DeletedBy], [t2].[IsActive], [t2].[IsDeleted], [t2].[Name], [t2].[Rate], [t2].[TaxRegime], [t2].[UpdatedAt], [t2].[UpdatedBy], [t4].[Id], [t4].[AttributeJson], [t4].[Barcode], [t4].[Color], [t4].[CostPrice], [t4].[CreatedAt], [t4].[CreatedBy], [t4].[DeletedAt], [t4].[DeletedBy], [t4].[IsActive], [t4].[IsDeleted], [t4].[Mrp], [t4].[ProductId], [t4].[SellingPrice], [t4].[Size], [t4].[Sku], [t4].[UpdatedAt], [t4].[UpdatedBy], [t4].[VariantName]
FROM (
    SELECT TOP(@__p_2) [p].[Id], [p].[Barcode], [p].[BatchTracking], [p].[Brand], [p].[CategoryId], [p].[Composition], [p].[CostPrice], [p].[CreatedAt], [p].[CreatedBy], [p].[DeletedAt], [p].[DeletedBy], [p].[ExpiryTracking], [p].[FoodType], [p].[HsnSacCode], [p].[ImageUrl], [p].[IsActive], [p].[IsDeleted], [p].[IsFeatured], [p].[IsStockTracked], [p].[IsTaxInclusive], [p].[LowStockThreshold], [p].[Manufacturer], [p].[MaxDiscountPercent], [p].[MaxStockThreshold], [p].[Mrp], [p].[Name], [p].[PortionSize], [p].[PreparationTimeMinutes], [p].[RecipeCost], [p].[ReorderQuantity], [p].[RequiresPrescription], [p].[SellingPrice], [p].[ShopId], [p].[Sku], [p].[SubCategory], [p].[TaxSlabId], [p].[UnitOfMeasureId], [p].[UpdatedAt], [p].[UpdatedBy], [p].[WholesalePrice]
    FROM [Products] AS [p]
    WHERE [p].[IsDeleted] = CAST(0 AS bit) AND [p].[ShopId] = @__request_ShopId_0 AND [p].[IsActive] = CAST(1 AS bit) AND (LOWER([p].[Name]) LIKE @__term_1_contains ESCAPE N'\' OR LOWER([p].[Sku]) LIKE @__term_1_contains_1 ESCAPE N'\' OR ([p].[Barcode] IS NOT NULL AND LOWER([p].[Barcode]) LIKE @__term_1_contains_2 ESCAPE N'\'))
    ORDER BY [p].[Name]
) AS [t]
INNER JOIN (
    SELECT [c].[Id], [c].[ColorHex], [c].[CreatedAt], [c].[CreatedBy], [c].[DeletedAt], [c].[DeletedBy], [c].[Description], [c].[DisplayOrder], [c].[ImageUrl], [c].[IsDeleted], [c].[Name], [c].[ParentCategoryId], [c].[ShopId], [c].[UpdatedAt], [c].[UpdatedBy]
    FROM [Categories] AS [c]
    WHERE [c].[IsDeleted] = CAST(0 AS bit)
) AS [t0] ON [t].[CategoryId] = [t0].[Id]
INNER JOIN (
    SELECT [u].[Id], [u].[CreatedAt], [u].[CreatedBy], [u].[DeletedAt], [u].[DeletedBy], [u].[IsDeleted], [u].[Name], [u].[Symbol], [u].[UnitType], [u].[UpdatedAt], [u].[UpdatedBy]
    FROM [UnitOfMeasures] AS [u]
    WHERE [u].[IsDeleted] = CAST(0 AS bit)
) AS [t1] ON [t].[UnitOfMeasureId] = [t1].[Id]
INNER JOIN (
    SELECT [t3].[Id], [t3].[CreatedAt], [t3].[CreatedBy], [t3].[DeletedAt], [t3].[DeletedBy], [t3].[IsActive], [t3].[IsDeleted], [t3].[Name], [t3].[Rate], [t3].[TaxRegime], [t3].[UpdatedAt], [t3].[UpdatedBy]
    FROM [TaxSlabs] AS [t3]
    WHERE [t3].[IsDeleted] = CAST(0 AS bit)
) AS [t2] ON [t].[TaxSlabId] = [t2].[Id]
LEFT JOIN (
    SELECT [p0].[Id], [p0].[AttributeJson], [p0].[Barcode], [p0].[Color], [p0].[CostPrice], [p0].[CreatedAt], [p0].[CreatedBy], [p0].[DeletedAt], [p0].[DeletedBy], [p0].[IsActive], [p0].[IsDeleted], [p0].[Mrp], [p0].[ProductId], [p0].[SellingPrice], [p0].[Size], [p0].[Sku], [p0].[UpdatedAt], [p0].[UpdatedBy], [p0].[VariantName]
    FROM [ProductVariants] AS [p0]
    WHERE [p0].[IsDeleted] = CAST(0 AS bit)
) AS [t4] ON [t].[Id] = [t4].[ProductId]
ORDER BY [t].[Name], [t].[Id], [t0].[Id], [t1].[Id], [t2].[Id]
[19:34:21 INF] Executed DbCommand (15ms) [Parameters=[@__request_ShopId_0='?' (DbType = Guid), @__ids_1='?' (Size = 4000)], CommandType='Text', CommandTimeout='30']
SELECT [i].[ProductId], [i].[ProductVariantId], COALESCE(SUM([i].[QuantityOnHand]), 0.0) AS [Quantity]
FROM [InventoryStocks] AS [i]
WHERE [i].[IsDeleted] = CAST(0 AS bit) AND [i].[ShopId] = @__request_ShopId_0 AND [i].[ProductId] IN (
    SELECT [i0].[value]
    FROM OPENJSON(@__ids_1) WITH ([value] uniqueidentifier '$') AS [i0]
)
GROUP BY [i].[ProductId], [i].[ProductVariantId]
[19:34:21 INF] Executing ObjectResult, writing value of type 'System.Collections.Generic.List`1[[BillEasePro.Application.Dtos.ProductSearchResultDto, BillEasePro.Application, Version=1.0.0.0, Culture=neutral, PublicKeyToken=null]]'.
[19:34:21 INF] Executed action BillEasePro.Api.Controllers.BillingController.SearchProducts (BillEasePro.Api) in 60.1111ms
[19:34:21 INF] Executed endpoint 'BillEasePro.Api.Controllers.BillingController.SearchProducts (BillEasePro.Api)'
[19:34:21 INF] HTTP GET /api/v1/billing/products/search responded 200 in 63.8228 ms
[19:34:21 INF] Request finished HTTP/1.1 GET http://localhost:5244/api/v1/billing/products/search?shopId=10000000-0000-0000-0000-000000000001&term=Bath%20Soap - 200 null application/json; charset=utf-8 64.748ms
[19:34:24 INF] Request starting HTTP/1.1 OPTIONS http://localhost:5244/api/v1/billing/products/search?shopId=10000000-0000-0000-0000-000000000001&term=Bath%20Soa - null null
[19:34:24 INF] CORS policy execution successful.
[19:34:24 INF] HTTP OPTIONS /api/v1/billing/products/search responded 204 in 0.3888 ms
[19:34:24 INF] Request finished HTTP/1.1 OPTIONS http://localhost:5244/api/v1/billing/products/search?shopId=10000000-0000-0000-0000-000000000001&term=Bath%20Soa - 204 null null 14.5401ms
[19:34:24 INF] Request starting HTTP/1.1 GET http://localhost:5244/api/v1/billing/products/search?shopId=10000000-0000-0000-0000-000000000001&term=Bath%20Soa - null null
[19:34:24 INF] CORS policy execution successful.
[19:34:24 INF] Executing endpoint 'BillEasePro.Api.Controllers.BillingController.SearchProducts (BillEasePro.Api)'
[19:34:24 INF] Route matched with {action = "SearchProducts", controller = "Billing"}. Executing controller action with signature System.Threading.Tasks.Task`1[System.Collections.Generic.IReadOnlyList`1[BillEasePro.Application.Dtos.ProductSearchResultDto]] SearchProducts(System.Guid, System.String, System.Threading.CancellationToken) on controller BillEasePro.Api.Controllers.BillingController (BillEasePro.Api).
[19:34:24 INF] Executed DbCommand (38ms) [Parameters=[@__p_2='?' (DbType = Int32), @__request_ShopId_0='?' (DbType = Guid), @__term_1_contains='?' (Size = 220), @__term_1_contains_1='?' (Size = 80), @__term_1_contains_2='?' (Size = 450)], CommandType='Text', CommandTimeout='30']
SELECT [t].[Id], [t].[Barcode], [t].[BatchTracking], [t].[Brand], [t].[CategoryId], [t].[Composition], [t].[CostPrice], [t].[CreatedAt], [t].[CreatedBy], [t].[DeletedAt], [t].[DeletedBy], [t].[ExpiryTracking], [t].[FoodType], [t].[HsnSacCode], [t].[ImageUrl], [t].[IsActive], [t].[IsDeleted], [t].[IsFeatured], [t].[IsStockTracked], [t].[IsTaxInclusive], [t].[LowStockThreshold], [t].[Manufacturer], [t].[MaxDiscountPercent], [t].[MaxStockThreshold], [t].[Mrp], [t].[Name], [t].[PortionSize], [t].[PreparationTimeMinutes], [t].[RecipeCost], [t].[ReorderQuantity], [t].[RequiresPrescription], [t].[SellingPrice], [t].[ShopId], [t].[Sku], [t].[SubCategory], [t].[TaxSlabId], [t].[UnitOfMeasureId], [t].[UpdatedAt], [t].[UpdatedBy], [t].[WholesalePrice], [t0].[Id], [t0].[ColorHex], [t0].[CreatedAt], [t0].[CreatedBy], [t0].[DeletedAt], [t0].[DeletedBy], [t0].[Description], [t0].[DisplayOrder], [t0].[ImageUrl], [t0].[IsDeleted], [t0].[Name], [t0].[ParentCategoryId], [t0].[ShopId], [t0].[UpdatedAt], [t0].[UpdatedBy], [t1].[Id], [t1].[CreatedAt], [t1].[CreatedBy], [t1].[DeletedAt], [t1].[DeletedBy], [t1].[IsDeleted], [t1].[Name], [t1].[Symbol], [t1].[UnitType], [t1].[UpdatedAt], [t1].[UpdatedBy], [t2].[Id], [t2].[CreatedAt], [t2].[CreatedBy], [t2].[DeletedAt], [t2].[DeletedBy], [t2].[IsActive], [t2].[IsDeleted], [t2].[Name], [t2].[Rate], [t2].[TaxRegime], [t2].[UpdatedAt], [t2].[UpdatedBy], [t4].[Id], [t4].[AttributeJson], [t4].[Barcode], [t4].[Color], [t4].[CostPrice], [t4].[CreatedAt], [t4].[CreatedBy], [t4].[DeletedAt], [t4].[DeletedBy], [t4].[IsActive], [t4].[IsDeleted], [t4].[Mrp], [t4].[ProductId], [t4].[SellingPrice], [t4].[Size], [t4].[Sku], [t4].[UpdatedAt], [t4].[UpdatedBy], [t4].[VariantName]
FROM (
    SELECT TOP(@__p_2) [p].[Id], [p].[Barcode], [p].[BatchTracking], [p].[Brand], [p].[CategoryId], [p].[Composition], [p].[CostPrice], [p].[CreatedAt], [p].[CreatedBy], [p].[DeletedAt], [p].[DeletedBy], [p].[ExpiryTracking], [p].[FoodType], [p].[HsnSacCode], [p].[ImageUrl], [p].[IsActive], [p].[IsDeleted], [p].[IsFeatured], [p].[IsStockTracked], [p].[IsTaxInclusive], [p].[LowStockThreshold], [p].[Manufacturer], [p].[MaxDiscountPercent], [p].[MaxStockThreshold], [p].[Mrp], [p].[Name], [p].[PortionSize], [p].[PreparationTimeMinutes], [p].[RecipeCost], [p].[ReorderQuantity], [p].[RequiresPrescription], [p].[SellingPrice], [p].[ShopId], [p].[Sku], [p].[SubCategory], [p].[TaxSlabId], [p].[UnitOfMeasureId], [p].[UpdatedAt], [p].[UpdatedBy], [p].[WholesalePrice]
    FROM [Products] AS [p]
    WHERE [p].[IsDeleted] = CAST(0 AS bit) AND [p].[ShopId] = @__request_ShopId_0 AND [p].[IsActive] = CAST(1 AS bit) AND (LOWER([p].[Name]) LIKE @__term_1_contains ESCAPE N'\' OR LOWER([p].[Sku]) LIKE @__term_1_contains_1 ESCAPE N'\' OR ([p].[Barcode] IS NOT NULL AND LOWER([p].[Barcode]) LIKE @__term_1_contains_2 ESCAPE N'\'))
    ORDER BY [p].[Name]
) AS [t]
INNER JOIN (
    SELECT [c].[Id], [c].[ColorHex], [c].[CreatedAt], [c].[CreatedBy], [c].[DeletedAt], [c].[DeletedBy], [c].[Description], [c].[DisplayOrder], [c].[ImageUrl], [c].[IsDeleted], [c].[Name], [c].[ParentCategoryId], [c].[ShopId], [c].[UpdatedAt], [c].[UpdatedBy]
    FROM [Categories] AS [c]
    WHERE [c].[IsDeleted] = CAST(0 AS bit)
) AS [t0] ON [t].[CategoryId] = [t0].[Id]
INNER JOIN (
    SELECT [u].[Id], [u].[CreatedAt], [u].[CreatedBy], [u].[DeletedAt], [u].[DeletedBy], [u].[IsDeleted], [u].[Name], [u].[Symbol], [u].[UnitType], [u].[UpdatedAt], [u].[UpdatedBy]
    FROM [UnitOfMeasures] AS [u]
    WHERE [u].[IsDeleted] = CAST(0 AS bit)
) AS [t1] ON [t].[UnitOfMeasureId] = [t1].[Id]
INNER JOIN (
    SELECT [t3].[Id], [t3].[CreatedAt], [t3].[CreatedBy], [t3].[DeletedAt], [t3].[DeletedBy], [t3].[IsActive], [t3].[IsDeleted], [t3].[Name], [t3].[Rate], [t3].[TaxRegime], [t3].[UpdatedAt], [t3].[UpdatedBy]
    FROM [TaxSlabs] AS [t3]
    WHERE [t3].[IsDeleted] = CAST(0 AS bit)
) AS [t2] ON [t].[TaxSlabId] = [t2].[Id]
LEFT JOIN (
    SELECT [p0].[Id], [p0].[AttributeJson], [p0].[Barcode], [p0].[Color], [p0].[CostPrice], [p0].[CreatedAt], [p0].[CreatedBy], [p0].[DeletedAt], [p0].[DeletedBy], [p0].[IsActive], [p0].[IsDeleted], [p0].[Mrp], [p0].[ProductId], [p0].[SellingPrice], [p0].[Size], [p0].[Sku], [p0].[UpdatedAt], [p0].[UpdatedBy], [p0].[VariantName]
    FROM [ProductVariants] AS [p0]
    WHERE [p0].[IsDeleted] = CAST(0 AS bit)
) AS [t4] ON [t].[Id] = [t4].[ProductId]
ORDER BY [t].[Name], [t].[Id], [t0].[Id], [t1].[Id], [t2].[Id]
[19:34:24 INF] Executed DbCommand (14ms) [Parameters=[@__request_ShopId_0='?' (DbType = Guid), @__ids_1='?' (Size = 4000)], CommandType='Text', CommandTimeout='30']
SELECT [i].[ProductId], [i].[ProductVariantId], COALESCE(SUM([i].[QuantityOnHand]), 0.0) AS [Quantity]
FROM [InventoryStocks] AS [i]
WHERE [i].[IsDeleted] = CAST(0 AS bit) AND [i].[ShopId] = @__request_ShopId_0 AND [i].[ProductId] IN (
    SELECT [i0].[value]
    FROM OPENJSON(@__ids_1) WITH ([value] uniqueidentifier '$') AS [i0]
)
GROUP BY [i].[ProductId], [i].[ProductVariantId]
[19:34:24 INF] Executing ObjectResult, writing value of type 'System.Collections.Generic.List`1[[BillEasePro.Application.Dtos.ProductSearchResultDto, BillEasePro.Application, Version=1.0.0.0, Culture=neutral, PublicKeyToken=null]]'.
[19:34:24 INF] Executed action BillEasePro.Api.Controllers.BillingController.SearchProducts (BillEasePro.Api) in 66.3887ms
[19:34:24 INF] Executed endpoint 'BillEasePro.Api.Controllers.BillingController.SearchProducts (BillEasePro.Api)'
[19:34:24 INF] HTTP GET /api/v1/billing/products/search responded 200 in 69.7207 ms
[19:34:24 INF] Request finished HTTP/1.1 GET http://localhost:5244/api/v1/billing/products/search?shopId=10000000-0000-0000-0000-000000000001&term=Bath%20Soa - 200 null application/json; charset=utf-8 71.0533ms
[19:34:26 INF] Request starting HTTP/1.1 GET http://localhost:5244/api/v1/billing/products/search?shopId=10000000-0000-0000-0000-000000000001&term=Bath%20Soap - null null
[19:34:26 INF] CORS policy execution successful.
[19:34:26 INF] Executing endpoint 'BillEasePro.Api.Controllers.BillingController.SearchProducts (BillEasePro.Api)'
[19:34:26 INF] Route matched with {action = "SearchProducts", controller = "Billing"}. Executing controller action with signature System.Threading.Tasks.Task`1[System.Collections.Generic.IReadOnlyList`1[BillEasePro.Application.Dtos.ProductSearchResultDto]] SearchProducts(System.Guid, System.String, System.Threading.CancellationToken) on controller BillEasePro.Api.Controllers.BillingController (BillEasePro.Api).
[19:34:26 INF] Executed DbCommand (27ms) [Parameters=[@__p_2='?' (DbType = Int32), @__request_ShopId_0='?' (DbType = Guid), @__term_1_contains='?' (Size = 220), @__term_1_contains_1='?' (Size = 80), @__term_1_contains_2='?' (Size = 450)], CommandType='Text', CommandTimeout='30']
SELECT [t].[Id], [t].[Barcode], [t].[BatchTracking], [t].[Brand], [t].[CategoryId], [t].[Composition], [t].[CostPrice], [t].[CreatedAt], [t].[CreatedBy], [t].[DeletedAt], [t].[DeletedBy], [t].[ExpiryTracking], [t].[FoodType], [t].[HsnSacCode], [t].[ImageUrl], [t].[IsActive], [t].[IsDeleted], [t].[IsFeatured], [t].[IsStockTracked], [t].[IsTaxInclusive], [t].[LowStockThreshold], [t].[Manufacturer], [t].[MaxDiscountPercent], [t].[MaxStockThreshold], [t].[Mrp], [t].[Name], [t].[PortionSize], [t].[PreparationTimeMinutes], [t].[RecipeCost], [t].[ReorderQuantity], [t].[RequiresPrescription], [t].[SellingPrice], [t].[ShopId], [t].[Sku], [t].[SubCategory], [t].[TaxSlabId], [t].[UnitOfMeasureId], [t].[UpdatedAt], [t].[UpdatedBy], [t].[WholesalePrice], [t0].[Id], [t0].[ColorHex], [t0].[CreatedAt], [t0].[CreatedBy], [t0].[DeletedAt], [t0].[DeletedBy], [t0].[Description], [t0].[DisplayOrder], [t0].[ImageUrl], [t0].[IsDeleted], [t0].[Name], [t0].[ParentCategoryId], [t0].[ShopId], [t0].[UpdatedAt], [t0].[UpdatedBy], [t1].[Id], [t1].[CreatedAt], [t1].[CreatedBy], [t1].[DeletedAt], [t1].[DeletedBy], [t1].[IsDeleted], [t1].[Name], [t1].[Symbol], [t1].[UnitType], [t1].[UpdatedAt], [t1].[UpdatedBy], [t2].[Id], [t2].[CreatedAt], [t2].[CreatedBy], [t2].[DeletedAt], [t2].[DeletedBy], [t2].[IsActive], [t2].[IsDeleted], [t2].[Name], [t2].[Rate], [t2].[TaxRegime], [t2].[UpdatedAt], [t2].[UpdatedBy], [t4].[Id], [t4].[AttributeJson], [t4].[Barcode], [t4].[Color], [t4].[CostPrice], [t4].[CreatedAt], [t4].[CreatedBy], [t4].[DeletedAt], [t4].[DeletedBy], [t4].[IsActive], [t4].[IsDeleted], [t4].[Mrp], [t4].[ProductId], [t4].[SellingPrice], [t4].[Size], [t4].[Sku], [t4].[UpdatedAt], [t4].[UpdatedBy], [t4].[VariantName]
FROM (
    SELECT TOP(@__p_2) [p].[Id], [p].[Barcode], [p].[BatchTracking], [p].[Brand], [p].[CategoryId], [p].[Composition], [p].[CostPrice], [p].[CreatedAt], [p].[CreatedBy], [p].[DeletedAt], [p].[DeletedBy], [p].[ExpiryTracking], [p].[FoodType], [p].[HsnSacCode], [p].[ImageUrl], [p].[IsActive], [p].[IsDeleted], [p].[IsFeatured], [p].[IsStockTracked], [p].[IsTaxInclusive], [p].[LowStockThreshold], [p].[Manufacturer], [p].[MaxDiscountPercent], [p].[MaxStockThreshold], [p].[Mrp], [p].[Name], [p].[PortionSize], [p].[PreparationTimeMinutes], [p].[RecipeCost], [p].[ReorderQuantity], [p].[RequiresPrescription], [p].[SellingPrice], [p].[ShopId], [p].[Sku], [p].[SubCategory], [p].[TaxSlabId], [p].[UnitOfMeasureId], [p].[UpdatedAt], [p].[UpdatedBy], [p].[WholesalePrice]
    FROM [Products] AS [p]
    WHERE [p].[IsDeleted] = CAST(0 AS bit) AND [p].[ShopId] = @__request_ShopId_0 AND [p].[IsActive] = CAST(1 AS bit) AND (LOWER([p].[Name]) LIKE @__term_1_contains ESCAPE N'\' OR LOWER([p].[Sku]) LIKE @__term_1_contains_1 ESCAPE N'\' OR ([p].[Barcode] IS NOT NULL AND LOWER([p].[Barcode]) LIKE @__term_1_contains_2 ESCAPE N'\'))
    ORDER BY [p].[Name]
) AS [t]
INNER JOIN (
    SELECT [c].[Id], [c].[ColorHex], [c].[CreatedAt], [c].[CreatedBy], [c].[DeletedAt], [c].[DeletedBy], [c].[Description], [c].[DisplayOrder], [c].[ImageUrl], [c].[IsDeleted], [c].[Name], [c].[ParentCategoryId], [c].[ShopId], [c].[UpdatedAt], [c].[UpdatedBy]
    FROM [Categories] AS [c]
    WHERE [c].[IsDeleted] = CAST(0 AS bit)
) AS [t0] ON [t].[CategoryId] = [t0].[Id]
INNER JOIN (
    SELECT [u].[Id], [u].[CreatedAt], [u].[CreatedBy], [u].[DeletedAt], [u].[DeletedBy], [u].[IsDeleted], [u].[Name], [u].[Symbol], [u].[UnitType], [u].[UpdatedAt], [u].[UpdatedBy]
    FROM [UnitOfMeasures] AS [u]
    WHERE [u].[IsDeleted] = CAST(0 AS bit)
) AS [t1] ON [t].[UnitOfMeasureId] = [t1].[Id]
INNER JOIN (
    SELECT [t3].[Id], [t3].[CreatedAt], [t3].[CreatedBy], [t3].[DeletedAt], [t3].[DeletedBy], [t3].[IsActive], [t3].[IsDeleted], [t3].[Name], [t3].[Rate], [t3].[TaxRegime], [t3].[UpdatedAt], [t3].[UpdatedBy]
    FROM [TaxSlabs] AS [t3]
    WHERE [t3].[IsDeleted] = CAST(0 AS bit)
) AS [t2] ON [t].[TaxSlabId] = [t2].[Id]
LEFT JOIN (
    SELECT [p0].[Id], [p0].[AttributeJson], [p0].[Barcode], [p0].[Color], [p0].[CostPrice], [p0].[CreatedAt], [p0].[CreatedBy], [p0].[DeletedAt], [p0].[DeletedBy], [p0].[IsActive], [p0].[IsDeleted], [p0].[Mrp], [p0].[ProductId], [p0].[SellingPrice], [p0].[Size], [p0].[Sku], [p0].[UpdatedAt], [p0].[UpdatedBy], [p0].[VariantName]
    FROM [ProductVariants] AS [p0]
    WHERE [p0].[IsDeleted] = CAST(0 AS bit)
) AS [t4] ON [t].[Id] = [t4].[ProductId]
ORDER BY [t].[Name], [t].[Id], [t0].[Id], [t1].[Id], [t2].[Id]
[19:34:26 INF] Executed DbCommand (16ms) [Parameters=[@__request_ShopId_0='?' (DbType = Guid), @__ids_1='?' (Size = 4000)], CommandType='Text', CommandTimeout='30']
SELECT [i].[ProductId], [i].[ProductVariantId], COALESCE(SUM([i].[QuantityOnHand]), 0.0) AS [Quantity]
FROM [InventoryStocks] AS [i]
WHERE [i].[IsDeleted] = CAST(0 AS bit) AND [i].[ShopId] = @__request_ShopId_0 AND [i].[ProductId] IN (
    SELECT [i0].[value]
    FROM OPENJSON(@__ids_1) WITH ([value] uniqueidentifier '$') AS [i0]
)
GROUP BY [i].[ProductId], [i].[ProductVariantId]
[19:34:26 INF] Executing ObjectResult, writing value of type 'System.Collections.Generic.List`1[[BillEasePro.Application.Dtos.ProductSearchResultDto, BillEasePro.Application, Version=1.0.0.0, Culture=neutral, PublicKeyToken=null]]'.
[19:34:26 INF] Executed action BillEasePro.Api.Controllers.BillingController.SearchProducts (BillEasePro.Api) in 50.6246ms
[19:34:26 INF] Executed endpoint 'BillEasePro.Api.Controllers.BillingController.SearchProducts (BillEasePro.Api)'
[19:34:26 INF] HTTP GET /api/v1/billing/products/search responded 200 in 52.9804 ms
[19:34:26 INF] Request finished HTTP/1.1 GET http://localhost:5244/api/v1/billing/products/search?shopId=10000000-0000-0000-0000-000000000001&term=Bath%20Soap - 200 null application/json; charset=utf-8 60.4115ms
[19:34:32 INF] Request starting HTTP/1.1 OPTIONS http://localhost:5244/api/v1/billing/quote - null null
[19:34:32 INF] CORS policy execution successful.
[19:34:32 INF] HTTP OPTIONS /api/v1/billing/quote responded 204 in 0.7822 ms
[19:34:32 INF] Request finished HTTP/1.1 OPTIONS http://localhost:5244/api/v1/billing/quote - 204 null null 13.4586ms
[19:34:32 INF] Request starting HTTP/1.1 POST http://localhost:5244/api/v1/billing/quote - application/json 318
[19:34:32 INF] CORS policy execution successful.
[19:34:32 INF] Executing endpoint 'BillEasePro.Api.Controllers.BillingController.Quote (BillEasePro.Api)'
[19:34:32 INF] Route matched with {action = "Quote", controller = "Billing"}. Executing controller action with signature System.Threading.Tasks.Task`1[BillEasePro.Application.Dtos.BillQuoteDto] Quote(BillEasePro.Application.Dtos.BillQuoteRequest, System.Threading.CancellationToken) on controller BillEasePro.Api.Controllers.BillingController (BillEasePro.Api).
[19:34:32 INF] Executed DbCommand (23ms) [Parameters=[@__productIds_0='?' (Size = 4000)], CommandType='Text', CommandTimeout='30']
SELECT [p].[Id], [p].[Barcode], [p].[BatchTracking], [p].[Brand], [p].[CategoryId], [p].[Composition], [p].[CostPrice], [p].[CreatedAt], [p].[CreatedBy], [p].[DeletedAt], [p].[DeletedBy], [p].[ExpiryTracking], [p].[FoodType], [p].[HsnSacCode], [p].[ImageUrl], [p].[IsActive], [p].[IsDeleted], [p].[IsFeatured], [p].[IsStockTracked], [p].[IsTaxInclusive], [p].[LowStockThreshold], [p].[Manufacturer], [p].[MaxDiscountPercent], [p].[MaxStockThreshold], [p].[Mrp], [p].[Name], [p].[PortionSize], [p].[PreparationTimeMinutes], [p].[RecipeCost], [p].[ReorderQuantity], [p].[RequiresPrescription], [p].[SellingPrice], [p].[ShopId], [p].[Sku], [p].[SubCategory], [p].[TaxSlabId], [p].[UnitOfMeasureId], [p].[UpdatedAt], [p].[UpdatedBy], [p].[WholesalePrice], [t0].[Id], [t0].[CreatedAt], [t0].[CreatedBy], [t0].[DeletedAt], [t0].[DeletedBy], [t0].[IsActive], [t0].[IsDeleted], [t0].[Name], [t0].[Rate], [t0].[TaxRegime], [t0].[UpdatedAt], [t0].[UpdatedBy]
FROM [Products] AS [p]
INNER JOIN (
    SELECT [t].[Id], [t].[CreatedAt], [t].[CreatedBy], [t].[DeletedAt], [t].[DeletedBy], [t].[IsActive], [t].[IsDeleted], [t].[Name], [t].[Rate], [t].[TaxRegime], [t].[UpdatedAt], [t].[UpdatedBy]
    FROM [TaxSlabs] AS [t]
    WHERE [t].[IsDeleted] = CAST(0 AS bit)
) AS [t0] ON [p].[TaxSlabId] = [t0].[Id]
WHERE [p].[IsDeleted] = CAST(0 AS bit) AND [p].[Id] IN (
    SELECT [p0].[value]
    FROM OPENJSON(@__productIds_0) WITH ([value] uniqueidentifier '$') AS [p0]
)
[19:34:32 INF] Executed DbCommand (7ms) [Parameters=[@__id_0='?' (DbType = Guid)], CommandType='Text', CommandTimeout='30']
SELECT TOP(1) [s].[Id], [s].[AddressLine1], [s].[AddressLine2], [s].[City], [s].[Country], [s].[CreatedAt], [s].[CreatedBy], [s].[CurrencyCode], [s].[DeletedAt], [s].[DeletedBy], [s].[Email], [s].[IndustryType], [s].[IsDeleted], [s].[LegalName], [s].[LogoUrl], [s].[Name], [s].[Phone], [s].[PostalCode], [s].[State], [s].[TaxRegime], [s].[TaxRegistrationNumber], [s].[UpdatedAt], [s].[UpdatedBy]
FROM [Shops] AS [s]
WHERE [s].[IsDeleted] = CAST(0 AS bit) AND [s].[Id] = @__id_0
[19:34:32 INF] Executed action BillEasePro.Api.Controllers.BillingController.Quote (BillEasePro.Api) in 40.5445ms
[19:34:32 INF] Executed endpoint 'BillEasePro.Api.Controllers.BillingController.Quote (BillEasePro.Api)'
[19:34:32 ERR] Unhandled API exception
System.InvalidOperationException: Cannot create a DbSet for 'ShopSetting' because this type is not included in the model for the context.
   at Microsoft.EntityFrameworkCore.Internal.InternalDbSet`1.get_EntityType()
   at Microsoft.EntityFrameworkCore.Internal.InternalDbSet`1.get_EntityQueryable()
   at Microsoft.EntityFrameworkCore.Internal.InternalDbSet`1.System.Linq.IQueryable.get_Provider()
   at System.Linq.Queryable.Where[TSource](IQueryable`1 source, Expression`1 predicate)
   at BillEasePro.Application.Features.Billing.BillingCalculator.CalculateAsync(IRepository`1 products, IRepository`1 coupons, IRepository`1 shops, IRepository`1 settings, Guid shopId, IReadOnlyList`1 items, Nullable`1 billDiscountType, Decimal billDiscountValue, String couponCode, Boolean isInterstate, Decimal amountTendered, CancellationToken cancellationToken) in C:\Dev\Billing Sw\src\BillEasePro.Application\Features\Billing\BillOperationsCommands.cs:line 637
   at BillEasePro.Application.Features.Billing.QuoteBillCommandHandler.Handle(QuoteBillCommand request, CancellationToken cancellationToken) in C:\Dev\Billing Sw\src\BillEasePro.Application\Features\Billing\BillOperationsCommands.cs:line 176
   at BillEasePro.Application.Validation.ValidationBehavior`2.Handle(TRequest request, RequestHandlerDelegate`1 next, CancellationToken cancellationToken) in C:\Dev\Billing Sw\src\BillEasePro.Application\Validation\ValidationBehavior.cs:line 15
   at lambda_method1800(Closure, Object)
   at Microsoft.AspNetCore.Mvc.Infrastructure.ActionMethodExecutor.AwaitableObjectResultExecutor.Execute(ActionContext actionContext, IActionResultTypeMapper mapper, ObjectMethodExecutor executor, Object controller, Object[] arguments)
   at Microsoft.AspNetCore.Mvc.Infrastructure.ControllerActionInvoker.<InvokeActionMethodAsync>g__Awaited|12_0(ControllerActionInvoker invoker, ValueTask`1 actionResultValueTask)
   at Microsoft.AspNetCore.Mvc.Infrastructure.ControllerActionInvoker.<InvokeNextActionFilterAsync>g__Awaited|10_0(ControllerActionInvoker invoker, Task lastTask, State next, Scope scope, Object state, Boolean isCompleted)
   at Microsoft.AspNetCore.Mvc.Infrastructure.ControllerActionInvoker.Rethrow(ActionExecutedContextSealed context)
   at Microsoft.AspNetCore.Mvc.Infrastructure.ControllerActionInvoker.Next(State& next, Scope& scope, Object& state, Boolean& isCompleted)
   at Microsoft.AspNetCore.Mvc.Infrastructure.ControllerActionInvoker.<InvokeInnerFilterAsync>g__Awaited|13_0(ControllerActionInvoker invoker, Task lastTask, State next, Scope scope, Object state, Boolean isCompleted)
   at Microsoft.AspNetCore.Mvc.Infrastructure.ResourceInvoker.<InvokeFilterPipelineAsync>g__Awaited|20_0(ResourceInvoker invoker, Task lastTask, State next, Scope scope, Object state, Boolean isCompleted)
   at Microsoft.AspNetCore.Mvc.Infrastructure.ResourceInvoker.<InvokeAsync>g__Logged|17_1(ResourceInvoker invoker)
   at Microsoft.AspNetCore.Mvc.Infrastructure.ResourceInvoker.<InvokeAsync>g__Logged|17_1(ResourceInvoker invoker)
   at Microsoft.AspNetCore.Routing.EndpointMiddleware.<Invoke>g__AwaitRequestTask|7_0(Endpoint endpoint, Task requestTask, ILogger logger)
   at Microsoft.AspNetCore.Authorization.AuthorizationMiddleware.Invoke(HttpContext context)
   at Microsoft.AspNetCore.Authentication.AuthenticationMiddleware.Invoke(HttpContext context)
   at Swashbuckle.AspNetCore.SwaggerUI.SwaggerUIMiddleware.Invoke(HttpContext httpContext)
   at Swashbuckle.AspNetCore.Swagger.SwaggerMiddleware.Invoke(HttpContext httpContext, ISwaggerProvider swaggerProvider)
   at Program.<>c.<<<Main>$>b__0_9>d.MoveNext() in C:\Dev\Billing Sw\src\BillEasePro.Api\Program.cs:line 118
--- End of stack trace from previous location ---
   at BillEasePro.Api.Middleware.GlobalExceptionMiddleware.InvokeAsync(HttpContext context) in C:\Dev\Billing Sw\src\BillEasePro.Api\Middleware\GlobalExceptionMiddleware.cs:line 21
[19:34:32 INF] HTTP POST /api/v1/billing/quote responded 409 in 52.6276 ms
[19:34:32 INF] Request finished HTTP/1.1 POST http://localhost:5244/api/v1/billing/quote - 409 null application/json; charset=utf-8 53.8807ms
[19:34:38 INF] Request starting HTTP/1.1 OPTIONS http://localhost:5244/api/v1/billing/products/search?shopId=10000000-0000-0000-0000-000000000001&term=Po - null null
[19:34:38 INF] CORS policy execution successful.
[19:34:38 INF] HTTP OPTIONS /api/v1/billing/products/search responded 204 in 0.3892 ms
[19:34:38 INF] Request finished HTTP/1.1 OPTIONS http://localhost:5244/api/v1/billing/products/search?shopId=10000000-0000-0000-0000-000000000001&term=Po - 204 null null 12.9986ms
[19:34:38 INF] Request starting HTTP/1.1 GET http://localhost:5244/api/v1/billing/products/search?shopId=10000000-0000-0000-0000-000000000001&term=Po - null null
[19:34:38 INF] CORS policy execution successful.
[19:34:38 INF] Executing endpoint 'BillEasePro.Api.Controllers.BillingController.SearchProducts (BillEasePro.Api)'
[19:34:38 INF] Route matched with {action = "SearchProducts", controller = "Billing"}. Executing controller action with signature System.Threading.Tasks.Task`1[System.Collections.Generic.IReadOnlyList`1[BillEasePro.Application.Dtos.ProductSearchResultDto]] SearchProducts(System.Guid, System.String, System.Threading.CancellationToken) on controller BillEasePro.Api.Controllers.BillingController (BillEasePro.Api).
[19:34:38 INF] Executed DbCommand (39ms) [Parameters=[@__p_2='?' (DbType = Int32), @__request_ShopId_0='?' (DbType = Guid), @__term_1_contains='?' (Size = 220), @__term_1_contains_1='?' (Size = 80), @__term_1_contains_2='?' (Size = 450)], CommandType='Text', CommandTimeout='30']
SELECT [t].[Id], [t].[Barcode], [t].[BatchTracking], [t].[Brand], [t].[CategoryId], [t].[Composition], [t].[CostPrice], [t].[CreatedAt], [t].[CreatedBy], [t].[DeletedAt], [t].[DeletedBy], [t].[ExpiryTracking], [t].[FoodType], [t].[HsnSacCode], [t].[ImageUrl], [t].[IsActive], [t].[IsDeleted], [t].[IsFeatured], [t].[IsStockTracked], [t].[IsTaxInclusive], [t].[LowStockThreshold], [t].[Manufacturer], [t].[MaxDiscountPercent], [t].[MaxStockThreshold], [t].[Mrp], [t].[Name], [t].[PortionSize], [t].[PreparationTimeMinutes], [t].[RecipeCost], [t].[ReorderQuantity], [t].[RequiresPrescription], [t].[SellingPrice], [t].[ShopId], [t].[Sku], [t].[SubCategory], [t].[TaxSlabId], [t].[UnitOfMeasureId], [t].[UpdatedAt], [t].[UpdatedBy], [t].[WholesalePrice], [t0].[Id], [t0].[ColorHex], [t0].[CreatedAt], [t0].[CreatedBy], [t0].[DeletedAt], [t0].[DeletedBy], [t0].[Description], [t0].[DisplayOrder], [t0].[ImageUrl], [t0].[IsDeleted], [t0].[Name], [t0].[ParentCategoryId], [t0].[ShopId], [t0].[UpdatedAt], [t0].[UpdatedBy], [t1].[Id], [t1].[CreatedAt], [t1].[CreatedBy], [t1].[DeletedAt], [t1].[DeletedBy], [t1].[IsDeleted], [t1].[Name], [t1].[Symbol], [t1].[UnitType], [t1].[UpdatedAt], [t1].[UpdatedBy], [t2].[Id], [t2].[CreatedAt], [t2].[CreatedBy], [t2].[DeletedAt], [t2].[DeletedBy], [t2].[IsActive], [t2].[IsDeleted], [t2].[Name], [t2].[Rate], [t2].[TaxRegime], [t2].[UpdatedAt], [t2].[UpdatedBy], [t4].[Id], [t4].[AttributeJson], [t4].[Barcode], [t4].[Color], [t4].[CostPrice], [t4].[CreatedAt], [t4].[CreatedBy], [t4].[DeletedAt], [t4].[DeletedBy], [t4].[IsActive], [t4].[IsDeleted], [t4].[Mrp], [t4].[ProductId], [t4].[SellingPrice], [t4].[Size], [t4].[Sku], [t4].[UpdatedAt], [t4].[UpdatedBy], [t4].[VariantName]
FROM (
    SELECT TOP(@__p_2) [p].[Id], [p].[Barcode], [p].[BatchTracking], [p].[Brand], [p].[CategoryId], [p].[Composition], [p].[CostPrice], [p].[CreatedAt], [p].[CreatedBy], [p].[DeletedAt], [p].[DeletedBy], [p].[ExpiryTracking], [p].[FoodType], [p].[HsnSacCode], [p].[ImageUrl], [p].[IsActive], [p].[IsDeleted], [p].[IsFeatured], [p].[IsStockTracked], [p].[IsTaxInclusive], [p].[LowStockThreshold], [p].[Manufacturer], [p].[MaxDiscountPercent], [p].[MaxStockThreshold], [p].[Mrp], [p].[Name], [p].[PortionSize], [p].[PreparationTimeMinutes], [p].[RecipeCost], [p].[ReorderQuantity], [p].[RequiresPrescription], [p].[SellingPrice], [p].[ShopId], [p].[Sku], [p].[SubCategory], [p].[TaxSlabId], [p].[UnitOfMeasureId], [p].[UpdatedAt], [p].[UpdatedBy], [p].[WholesalePrice]
    FROM [Products] AS [p]
    WHERE [p].[IsDeleted] = CAST(0 AS bit) AND [p].[ShopId] = @__request_ShopId_0 AND [p].[IsActive] = CAST(1 AS bit) AND (LOWER([p].[Name]) LIKE @__term_1_contains ESCAPE N'\' OR LOWER([p].[Sku]) LIKE @__term_1_contains_1 ESCAPE N'\' OR ([p].[Barcode] IS NOT NULL AND LOWER([p].[Barcode]) LIKE @__term_1_contains_2 ESCAPE N'\'))
    ORDER BY [p].[Name]
) AS [t]
INNER JOIN (
    SELECT [c].[Id], [c].[ColorHex], [c].[CreatedAt], [c].[CreatedBy], [c].[DeletedAt], [c].[DeletedBy], [c].[Description], [c].[DisplayOrder], [c].[ImageUrl], [c].[IsDeleted], [c].[Name], [c].[ParentCategoryId], [c].[ShopId], [c].[UpdatedAt], [c].[UpdatedBy]
    FROM [Categories] AS [c]
    WHERE [c].[IsDeleted] = CAST(0 AS bit)
) AS [t0] ON [t].[CategoryId] = [t0].[Id]
INNER JOIN (
    SELECT [u].[Id], [u].[CreatedAt], [u].[CreatedBy], [u].[DeletedAt], [u].[DeletedBy], [u].[IsDeleted], [u].[Name], [u].[Symbol], [u].[UnitType], [u].[UpdatedAt], [u].[UpdatedBy]
    FROM [UnitOfMeasures] AS [u]
    WHERE [u].[IsDeleted] = CAST(0 AS bit)
) AS [t1] ON [t].[UnitOfMeasureId] = [t1].[Id]
INNER JOIN (
    SELECT [t3].[Id], [t3].[CreatedAt], [t3].[CreatedBy], [t3].[DeletedAt], [t3].[DeletedBy], [t3].[IsActive], [t3].[IsDeleted], [t3].[Name], [t3].[Rate], [t3].[TaxRegime], [t3].[UpdatedAt], [t3].[UpdatedBy]
    FROM [TaxSlabs] AS [t3]
    WHERE [t3].[IsDeleted] = CAST(0 AS bit)
) AS [t2] ON [t].[TaxSlabId] = [t2].[Id]
LEFT JOIN (
    SELECT [p0].[Id], [p0].[AttributeJson], [p0].[Barcode], [p0].[Color], [p0].[CostPrice], [p0].[CreatedAt], [p0].[CreatedBy], [p0].[DeletedAt], [p0].[DeletedBy], [p0].[IsActive], [p0].[IsDeleted], [p0].[Mrp], [p0].[ProductId], [p0].[SellingPrice], [p0].[Size], [p0].[Sku], [p0].[UpdatedAt], [p0].[UpdatedBy], [p0].[VariantName]
    FROM [ProductVariants] AS [p0]
    WHERE [p0].[IsDeleted] = CAST(0 AS bit)
) AS [t4] ON [t].[Id] = [t4].[ProductId]
ORDER BY [t].[Name], [t].[Id], [t0].[Id], [t1].[Id], [t2].[Id]
[19:34:38 INF] Executed DbCommand (18ms) [Parameters=[@__request_ShopId_0='?' (DbType = Guid), @__ids_1='?' (Size = 4000)], CommandType='Text', CommandTimeout='30']
SELECT [i].[ProductId], [i].[ProductVariantId], COALESCE(SUM([i].[QuantityOnHand]), 0.0) AS [Quantity]
FROM [InventoryStocks] AS [i]
WHERE [i].[IsDeleted] = CAST(0 AS bit) AND [i].[ShopId] = @__request_ShopId_0 AND [i].[ProductId] IN (
    SELECT [i0].[value]
    FROM OPENJSON(@__ids_1) WITH ([value] uniqueidentifier '$') AS [i0]
)
GROUP BY [i].[ProductId], [i].[ProductVariantId]
[19:34:38 INF] Executing ObjectResult, writing value of type 'System.Collections.Generic.List`1[[BillEasePro.Application.Dtos.ProductSearchResultDto, BillEasePro.Application, Version=1.0.0.0, Culture=neutral, PublicKeyToken=null]]'.
[19:34:38 INF] Executed action BillEasePro.Api.Controllers.BillingController.SearchProducts (BillEasePro.Api) in 83.0274ms
[19:34:38 INF] Executed endpoint 'BillEasePro.Api.Controllers.BillingController.SearchProducts (BillEasePro.Api)'
[19:34:38 INF] HTTP GET /api/v1/billing/products/search responded 200 in 84.4099 ms
[19:34:38 INF] Request finished HTTP/1.1 GET http://localhost:5244/api/v1/billing/products/search?shopId=10000000-0000-0000-0000-000000000001&term=Po - 200 null application/json; charset=utf-8 84.9532ms
[19:34:38 INF] Request starting HTTP/1.1 OPTIONS http://localhost:5244/api/v1/billing/products/search?shopId=10000000-0000-0000-0000-000000000001&term=Pow - null null
[19:34:38 INF] CORS policy execution successful.
[19:34:38 INF] HTTP OPTIONS /api/v1/billing/products/search responded 204 in 0.4554 ms
[19:34:38 INF] Request finished HTTP/1.1 OPTIONS http://localhost:5244/api/v1/billing/products/search?shopId=10000000-0000-0000-0000-000000000001&term=Pow - 204 null null 9.5556ms
[19:34:38 INF] Request starting HTTP/1.1 GET http://localhost:5244/api/v1/billing/products/search?shopId=10000000-0000-0000-0000-000000000001&term=Pow - null null
[19:34:38 INF] CORS policy execution successful.
[19:34:38 INF] Executing endpoint 'BillEasePro.Api.Controllers.BillingController.SearchProducts (BillEasePro.Api)'
[19:34:38 INF] Route matched with {action = "SearchProducts", controller = "Billing"}. Executing controller action with signature System.Threading.Tasks.Task`1[System.Collections.Generic.IReadOnlyList`1[BillEasePro.Application.Dtos.ProductSearchResultDto]] SearchProducts(System.Guid, System.String, System.Threading.CancellationToken) on controller BillEasePro.Api.Controllers.BillingController (BillEasePro.Api).
[19:34:38 INF] Executed DbCommand (2ms) [Parameters=[@__p_2='?' (DbType = Int32), @__request_ShopId_0='?' (DbType = Guid), @__term_1_contains='?' (Size = 220), @__term_1_contains_1='?' (Size = 80), @__term_1_contains_2='?' (Size = 450)], CommandType='Text', CommandTimeout='30']
SELECT [t].[Id], [t].[Barcode], [t].[BatchTracking], [t].[Brand], [t].[CategoryId], [t].[Composition], [t].[CostPrice], [t].[CreatedAt], [t].[CreatedBy], [t].[DeletedAt], [t].[DeletedBy], [t].[ExpiryTracking], [t].[FoodType], [t].[HsnSacCode], [t].[ImageUrl], [t].[IsActive], [t].[IsDeleted], [t].[IsFeatured], [t].[IsStockTracked], [t].[IsTaxInclusive], [t].[LowStockThreshold], [t].[Manufacturer], [t].[MaxDiscountPercent], [t].[MaxStockThreshold], [t].[Mrp], [t].[Name], [t].[PortionSize], [t].[PreparationTimeMinutes], [t].[RecipeCost], [t].[ReorderQuantity], [t].[RequiresPrescription], [t].[SellingPrice], [t].[ShopId], [t].[Sku], [t].[SubCategory], [t].[TaxSlabId], [t].[UnitOfMeasureId], [t].[UpdatedAt], [t].[UpdatedBy], [t].[WholesalePrice], [t0].[Id], [t0].[ColorHex], [t0].[CreatedAt], [t0].[CreatedBy], [t0].[DeletedAt], [t0].[DeletedBy], [t0].[Description], [t0].[DisplayOrder], [t0].[ImageUrl], [t0].[IsDeleted], [t0].[Name], [t0].[ParentCategoryId], [t0].[ShopId], [t0].[UpdatedAt], [t0].[UpdatedBy], [t1].[Id], [t1].[CreatedAt], [t1].[CreatedBy], [t1].[DeletedAt], [t1].[DeletedBy], [t1].[IsDeleted], [t1].[Name], [t1].[Symbol], [t1].[UnitType], [t1].[UpdatedAt], [t1].[UpdatedBy], [t2].[Id], [t2].[CreatedAt], [t2].[CreatedBy], [t2].[DeletedAt], [t2].[DeletedBy], [t2].[IsActive], [t2].[IsDeleted], [t2].[Name], [t2].[Rate], [t2].[TaxRegime], [t2].[UpdatedAt], [t2].[UpdatedBy], [t4].[Id], [t4].[AttributeJson], [t4].[Barcode], [t4].[Color], [t4].[CostPrice], [t4].[CreatedAt], [t4].[CreatedBy], [t4].[DeletedAt], [t4].[DeletedBy], [t4].[IsActive], [t4].[IsDeleted], [t4].[Mrp], [t4].[ProductId], [t4].[SellingPrice], [t4].[Size], [t4].[Sku], [t4].[UpdatedAt], [t4].[UpdatedBy], [t4].[VariantName]
FROM (
    SELECT TOP(@__p_2) [p].[Id], [p].[Barcode], [p].[BatchTracking], [p].[Brand], [p].[CategoryId], [p].[Composition], [p].[CostPrice], [p].[CreatedAt], [p].[CreatedBy], [p].[DeletedAt], [p].[DeletedBy], [p].[ExpiryTracking], [p].[FoodType], [p].[HsnSacCode], [p].[ImageUrl], [p].[IsActive], [p].[IsDeleted], [p].[IsFeatured], [p].[IsStockTracked], [p].[IsTaxInclusive], [p].[LowStockThreshold], [p].[Manufacturer], [p].[MaxDiscountPercent], [p].[MaxStockThreshold], [p].[Mrp], [p].[Name], [p].[PortionSize], [p].[PreparationTimeMinutes], [p].[RecipeCost], [p].[ReorderQuantity], [p].[RequiresPrescription], [p].[SellingPrice], [p].[ShopId], [p].[Sku], [p].[SubCategory], [p].[TaxSlabId], [p].[UnitOfMeasureId], [p].[UpdatedAt], [p].[UpdatedBy], [p].[WholesalePrice]
    FROM [Products] AS [p]
    WHERE [p].[IsDeleted] = CAST(0 AS bit) AND [p].[ShopId] = @__request_ShopId_0 AND [p].[IsActive] = CAST(1 AS bit) AND (LOWER([p].[Name]) LIKE @__term_1_contains ESCAPE N'\' OR LOWER([p].[Sku]) LIKE @__term_1_contains_1 ESCAPE N'\' OR ([p].[Barcode] IS NOT NULL AND LOWER([p].[Barcode]) LIKE @__term_1_contains_2 ESCAPE N'\'))
    ORDER BY [p].[Name]
) AS [t]
INNER JOIN (
    SELECT [c].[Id], [c].[ColorHex], [c].[CreatedAt], [c].[CreatedBy], [c].[DeletedAt], [c].[DeletedBy], [c].[Description], [c].[DisplayOrder], [c].[ImageUrl], [c].[IsDeleted], [c].[Name], [c].[ParentCategoryId], [c].[ShopId], [c].[UpdatedAt], [c].[UpdatedBy]
    FROM [Categories] AS [c]
    WHERE [c].[IsDeleted] = CAST(0 AS bit)
) AS [t0] ON [t].[CategoryId] = [t0].[Id]
INNER JOIN (
    SELECT [u].[Id], [u].[CreatedAt], [u].[CreatedBy], [u].[DeletedAt], [u].[DeletedBy], [u].[IsDeleted], [u].[Name], [u].[Symbol], [u].[UnitType], [u].[UpdatedAt], [u].[UpdatedBy]
    FROM [UnitOfMeasures] AS [u]
    WHERE [u].[IsDeleted] = CAST(0 AS bit)
) AS [t1] ON [t].[UnitOfMeasureId] = [t1].[Id]
INNER JOIN (
    SELECT [t3].[Id], [t3].[CreatedAt], [t3].[CreatedBy], [t3].[DeletedAt], [t3].[DeletedBy], [t3].[IsActive], [t3].[IsDeleted], [t3].[Name], [t3].[Rate], [t3].[TaxRegime], [t3].[UpdatedAt], [t3].[UpdatedBy]
    FROM [TaxSlabs] AS [t3]
    WHERE [t3].[IsDeleted] = CAST(0 AS bit)
) AS [t2] ON [t].[TaxSlabId] = [t2].[Id]
LEFT JOIN (
    SELECT [p0].[Id], [p0].[AttributeJson], [p0].[Barcode], [p0].[Color], [p0].[CostPrice], [p0].[CreatedAt], [p0].[CreatedBy], [p0].[DeletedAt], [p0].[DeletedBy], [p0].[IsActive], [p0].[IsDeleted], [p0].[Mrp], [p0].[ProductId], [p0].[SellingPrice], [p0].[Size], [p0].[Sku], [p0].[UpdatedAt], [p0].[UpdatedBy], [p0].[VariantName]
    FROM [ProductVariants] AS [p0]
    WHERE [p0].[IsDeleted] = CAST(0 AS bit)
) AS [t4] ON [t].[Id] = [t4].[ProductId]
ORDER BY [t].[Name], [t].[Id], [t0].[Id], [t1].[Id], [t2].[Id]
[19:34:38 INF] Executed DbCommand (4ms) [Parameters=[@__request_ShopId_0='?' (DbType = Guid), @__ids_1='?' (Size = 4000)], CommandType='Text', CommandTimeout='30']
SELECT [i].[ProductId], [i].[ProductVariantId], COALESCE(SUM([i].[QuantityOnHand]), 0.0) AS [Quantity]
FROM [InventoryStocks] AS [i]
WHERE [i].[IsDeleted] = CAST(0 AS bit) AND [i].[ShopId] = @__request_ShopId_0 AND [i].[ProductId] IN (
    SELECT [i0].[value]
    FROM OPENJSON(@__ids_1) WITH ([value] uniqueidentifier '$') AS [i0]
)
GROUP BY [i].[ProductId], [i].[ProductVariantId]
[19:34:38 INF] Executing ObjectResult, writing value of type 'System.Collections.Generic.List`1[[BillEasePro.Application.Dtos.ProductSearchResultDto, BillEasePro.Application, Version=1.0.0.0, Culture=neutral, PublicKeyToken=null]]'.
[19:34:38 INF] Executed action BillEasePro.Api.Controllers.BillingController.SearchProducts (BillEasePro.Api) in 13.307ms
[19:34:38 INF] Executed endpoint 'BillEasePro.Api.Controllers.BillingController.SearchProducts (BillEasePro.Api)'
[19:34:38 INF] HTTP GET /api/v1/billing/products/search responded 200 in 16.3261 ms
[19:34:38 INF] Request finished HTTP/1.1 GET http://localhost:5244/api/v1/billing/products/search?shopId=10000000-0000-0000-0000-000000000001&term=Pow - 200 null application/json; charset=utf-8 17.4131ms
[19:34:40 INF] Request starting HTTP/1.1 OPTIONS http://localhost:5244/api/v1/billing/products/search?shopId=10000000-0000-0000-0000-000000000001&term=Powd - null null
[19:34:40 INF] CORS policy execution successful.
[19:34:40 INF] HTTP OPTIONS /api/v1/billing/products/search responded 204 in 1.0822 ms
[19:34:40 INF] Request finished HTTP/1.1 OPTIONS http://localhost:5244/api/v1/billing/products/search?shopId=10000000-0000-0000-0000-000000000001&term=Powd - 204 null null 2.1888ms
[19:34:40 INF] Request starting HTTP/1.1 GET http://localhost:5244/api/v1/billing/products/search?shopId=10000000-0000-0000-0000-000000000001&term=Powd - null null
[19:34:40 INF] CORS policy execution successful.
[19:34:40 INF] Executing endpoint 'BillEasePro.Api.Controllers.BillingController.SearchProducts (BillEasePro.Api)'
[19:34:40 INF] Route matched with {action = "SearchProducts", controller = "Billing"}. Executing controller action with signature System.Threading.Tasks.Task`1[System.Collections.Generic.IReadOnlyList`1[BillEasePro.Application.Dtos.ProductSearchResultDto]] SearchProducts(System.Guid, System.String, System.Threading.CancellationToken) on controller BillEasePro.Api.Controllers.BillingController (BillEasePro.Api).
[19:34:40 INF] Executed DbCommand (1ms) [Parameters=[@__p_2='?' (DbType = Int32), @__request_ShopId_0='?' (DbType = Guid), @__term_1_contains='?' (Size = 220), @__term_1_contains_1='?' (Size = 80), @__term_1_contains_2='?' (Size = 450)], CommandType='Text', CommandTimeout='30']
SELECT [t].[Id], [t].[Barcode], [t].[BatchTracking], [t].[Brand], [t].[CategoryId], [t].[Composition], [t].[CostPrice], [t].[CreatedAt], [t].[CreatedBy], [t].[DeletedAt], [t].[DeletedBy], [t].[ExpiryTracking], [t].[FoodType], [t].[HsnSacCode], [t].[ImageUrl], [t].[IsActive], [t].[IsDeleted], [t].[IsFeatured], [t].[IsStockTracked], [t].[IsTaxInclusive], [t].[LowStockThreshold], [t].[Manufacturer], [t].[MaxDiscountPercent], [t].[MaxStockThreshold], [t].[Mrp], [t].[Name], [t].[PortionSize], [t].[PreparationTimeMinutes], [t].[RecipeCost], [t].[ReorderQuantity], [t].[RequiresPrescription], [t].[SellingPrice], [t].[ShopId], [t].[Sku], [t].[SubCategory], [t].[TaxSlabId], [t].[UnitOfMeasureId], [t].[UpdatedAt], [t].[UpdatedBy], [t].[WholesalePrice], [t0].[Id], [t0].[ColorHex], [t0].[CreatedAt], [t0].[CreatedBy], [t0].[DeletedAt], [t0].[DeletedBy], [t0].[Description], [t0].[DisplayOrder], [t0].[ImageUrl], [t0].[IsDeleted], [t0].[Name], [t0].[ParentCategoryId], [t0].[ShopId], [t0].[UpdatedAt], [t0].[UpdatedBy], [t1].[Id], [t1].[CreatedAt], [t1].[CreatedBy], [t1].[DeletedAt], [t1].[DeletedBy], [t1].[IsDeleted], [t1].[Name], [t1].[Symbol], [t1].[UnitType], [t1].[UpdatedAt], [t1].[UpdatedBy], [t2].[Id], [t2].[CreatedAt], [t2].[CreatedBy], [t2].[DeletedAt], [t2].[DeletedBy], [t2].[IsActive], [t2].[IsDeleted], [t2].[Name], [t2].[Rate], [t2].[TaxRegime], [t2].[UpdatedAt], [t2].[UpdatedBy], [t4].[Id], [t4].[AttributeJson], [t4].[Barcode], [t4].[Color], [t4].[CostPrice], [t4].[CreatedAt], [t4].[CreatedBy], [t4].[DeletedAt], [t4].[DeletedBy], [t4].[IsActive], [t4].[IsDeleted], [t4].[Mrp], [t4].[ProductId], [t4].[SellingPrice], [t4].[Size], [t4].[Sku], [t4].[UpdatedAt], [t4].[UpdatedBy], [t4].[VariantName]
FROM (
    SELECT TOP(@__p_2) [p].[Id], [p].[Barcode], [p].[BatchTracking], [p].[Brand], [p].[CategoryId], [p].[Composition], [p].[CostPrice], [p].[CreatedAt], [p].[CreatedBy], [p].[DeletedAt], [p].[DeletedBy], [p].[ExpiryTracking], [p].[FoodType], [p].[HsnSacCode], [p].[ImageUrl], [p].[IsActive], [p].[IsDeleted], [p].[IsFeatured], [p].[IsStockTracked], [p].[IsTaxInclusive], [p].[LowStockThreshold], [p].[Manufacturer], [p].[MaxDiscountPercent], [p].[MaxStockThreshold], [p].[Mrp], [p].[Name], [p].[PortionSize], [p].[PreparationTimeMinutes], [p].[RecipeCost], [p].[ReorderQuantity], [p].[RequiresPrescription], [p].[SellingPrice], [p].[ShopId], [p].[Sku], [p].[SubCategory], [p].[TaxSlabId], [p].[UnitOfMeasureId], [p].[UpdatedAt], [p].[UpdatedBy], [p].[WholesalePrice]
    FROM [Products] AS [p]
    WHERE [p].[IsDeleted] = CAST(0 AS bit) AND [p].[ShopId] = @__request_ShopId_0 AND [p].[IsActive] = CAST(1 AS bit) AND (LOWER([p].[Name]) LIKE @__term_1_contains ESCAPE N'\' OR LOWER([p].[Sku]) LIKE @__term_1_contains_1 ESCAPE N'\' OR ([p].[Barcode] IS NOT NULL AND LOWER([p].[Barcode]) LIKE @__term_1_contains_2 ESCAPE N'\'))
    ORDER BY [p].[Name]
) AS [t]
INNER JOIN (
    SELECT [c].[Id], [c].[ColorHex], [c].[CreatedAt], [c].[CreatedBy], [c].[DeletedAt], [c].[DeletedBy], [c].[Description], [c].[DisplayOrder], [c].[ImageUrl], [c].[IsDeleted], [c].[Name], [c].[ParentCategoryId], [c].[ShopId], [c].[UpdatedAt], [c].[UpdatedBy]
    FROM [Categories] AS [c]
    WHERE [c].[IsDeleted] = CAST(0 AS bit)
) AS [t0] ON [t].[CategoryId] = [t0].[Id]
INNER JOIN (
    SELECT [u].[Id], [u].[CreatedAt], [u].[CreatedBy], [u].[DeletedAt], [u].[DeletedBy], [u].[IsDeleted], [u].[Name], [u].[Symbol], [u].[UnitType], [u].[UpdatedAt], [u].[UpdatedBy]
    FROM [UnitOfMeasures] AS [u]
    WHERE [u].[IsDeleted] = CAST(0 AS bit)
) AS [t1] ON [t].[UnitOfMeasureId] = [t1].[Id]
INNER JOIN (
    SELECT [t3].[Id], [t3].[CreatedAt], [t3].[CreatedBy], [t3].[DeletedAt], [t3].[DeletedBy], [t3].[IsActive], [t3].[IsDeleted], [t3].[Name], [t3].[Rate], [t3].[TaxRegime], [t3].[UpdatedAt], [t3].[UpdatedBy]
    FROM [TaxSlabs] AS [t3]
    WHERE [t3].[IsDeleted] = CAST(0 AS bit)
) AS [t2] ON [t].[TaxSlabId] = [t2].[Id]
LEFT JOIN (
    SELECT [p0].[Id], [p0].[AttributeJson], [p0].[Barcode], [p0].[Color], [p0].[CostPrice], [p0].[CreatedAt], [p0].[CreatedBy], [p0].[DeletedAt], [p0].[DeletedBy], [p0].[IsActive], [p0].[IsDeleted], [p0].[Mrp], [p0].[ProductId], [p0].[SellingPrice], [p0].[Size], [p0].[Sku], [p0].[UpdatedAt], [p0].[UpdatedBy], [p0].[VariantName]
    FROM [ProductVariants] AS [p0]
    WHERE [p0].[IsDeleted] = CAST(0 AS bit)
) AS [t4] ON [t].[Id] = [t4].[ProductId]
ORDER BY [t].[Name], [t].[Id], [t0].[Id], [t1].[Id], [t2].[Id]
[19:34:40 INF] Executed DbCommand (1ms) [Parameters=[@__request_ShopId_0='?' (DbType = Guid), @__ids_1='?' (Size = 4000)], CommandType='Text', CommandTimeout='30']
SELECT [i].[ProductId], [i].[ProductVariantId], COALESCE(SUM([i].[QuantityOnHand]), 0.0) AS [Quantity]
FROM [InventoryStocks] AS [i]
WHERE [i].[IsDeleted] = CAST(0 AS bit) AND [i].[ShopId] = @__request_ShopId_0 AND [i].[ProductId] IN (
    SELECT [i0].[value]
    FROM OPENJSON(@__ids_1) WITH ([value] uniqueidentifier '$') AS [i0]
)
GROUP BY [i].[ProductId], [i].[ProductVariantId]
[19:34:40 INF] Executing ObjectResult, writing value of type 'System.Collections.Generic.List`1[[BillEasePro.Application.Dtos.ProductSearchResultDto, BillEasePro.Application, Version=1.0.0.0, Culture=neutral, PublicKeyToken=null]]'.
[19:34:40 INF] Executed action BillEasePro.Api.Controllers.BillingController.SearchProducts (BillEasePro.Api) in 6.3454ms
[19:34:40 INF] Executed endpoint 'BillEasePro.Api.Controllers.BillingController.SearchProducts (BillEasePro.Api)'
[19:34:40 INF] HTTP GET /api/v1/billing/products/search responded 200 in 8.4643 ms
[19:34:40 INF] Request finished HTTP/1.1 GET http://localhost:5244/api/v1/billing/products/search?shopId=10000000-0000-0000-0000-000000000001&term=Powd - 200 null application/json; charset=utf-8 10.1297ms
[19:34:40 INF] Request starting HTTP/1.1 OPTIONS http://localhost:5244/api/v1/billing/products/search?shopId=10000000-0000-0000-0000-000000000001&term=Powde - null null
[19:34:40 INF] CORS policy execution successful.
[19:34:40 INF] HTTP OPTIONS /api/v1/billing/products/search responded 204 in 0.2719 ms
[19:34:40 INF] Request finished HTTP/1.1 OPTIONS http://localhost:5244/api/v1/billing/products/search?shopId=10000000-0000-0000-0000-000000000001&term=Powde - 204 null null 1.1077ms
[19:34:40 INF] Request starting HTTP/1.1 GET http://localhost:5244/api/v1/billing/products/search?shopId=10000000-0000-0000-0000-000000000001&term=Powde - null null
[19:34:40 INF] CORS policy execution successful.
[19:34:40 INF] Executing endpoint 'BillEasePro.Api.Controllers.BillingController.SearchProducts (BillEasePro.Api)'
[19:34:40 INF] Route matched with {action = "SearchProducts", controller = "Billing"}. Executing controller action with signature System.Threading.Tasks.Task`1[System.Collections.Generic.IReadOnlyList`1[BillEasePro.Application.Dtos.ProductSearchResultDto]] SearchProducts(System.Guid, System.String, System.Threading.CancellationToken) on controller BillEasePro.Api.Controllers.BillingController (BillEasePro.Api).
[19:34:40 INF] Executed DbCommand (2ms) [Parameters=[@__p_2='?' (DbType = Int32), @__request_ShopId_0='?' (DbType = Guid), @__term_1_contains='?' (Size = 220), @__term_1_contains_1='?' (Size = 80), @__term_1_contains_2='?' (Size = 450)], CommandType='Text', CommandTimeout='30']
SELECT [t].[Id], [t].[Barcode], [t].[BatchTracking], [t].[Brand], [t].[CategoryId], [t].[Composition], [t].[CostPrice], [t].[CreatedAt], [t].[CreatedBy], [t].[DeletedAt], [t].[DeletedBy], [t].[ExpiryTracking], [t].[FoodType], [t].[HsnSacCode], [t].[ImageUrl], [t].[IsActive], [t].[IsDeleted], [t].[IsFeatured], [t].[IsStockTracked], [t].[IsTaxInclusive], [t].[LowStockThreshold], [t].[Manufacturer], [t].[MaxDiscountPercent], [t].[MaxStockThreshold], [t].[Mrp], [t].[Name], [t].[PortionSize], [t].[PreparationTimeMinutes], [t].[RecipeCost], [t].[ReorderQuantity], [t].[RequiresPrescription], [t].[SellingPrice], [t].[ShopId], [t].[Sku], [t].[SubCategory], [t].[TaxSlabId], [t].[UnitOfMeasureId], [t].[UpdatedAt], [t].[UpdatedBy], [t].[WholesalePrice], [t0].[Id], [t0].[ColorHex], [t0].[CreatedAt], [t0].[CreatedBy], [t0].[DeletedAt], [t0].[DeletedBy], [t0].[Description], [t0].[DisplayOrder], [t0].[ImageUrl], [t0].[IsDeleted], [t0].[Name], [t0].[ParentCategoryId], [t0].[ShopId], [t0].[UpdatedAt], [t0].[UpdatedBy], [t1].[Id], [t1].[CreatedAt], [t1].[CreatedBy], [t1].[DeletedAt], [t1].[DeletedBy], [t1].[IsDeleted], [t1].[Name], [t1].[Symbol], [t1].[UnitType], [t1].[UpdatedAt], [t1].[UpdatedBy], [t2].[Id], [t2].[CreatedAt], [t2].[CreatedBy], [t2].[DeletedAt], [t2].[DeletedBy], [t2].[IsActive], [t2].[IsDeleted], [t2].[Name], [t2].[Rate], [t2].[TaxRegime], [t2].[UpdatedAt], [t2].[UpdatedBy], [t4].[Id], [t4].[AttributeJson], [t4].[Barcode], [t4].[Color], [t4].[CostPrice], [t4].[CreatedAt], [t4].[CreatedBy], [t4].[DeletedAt], [t4].[DeletedBy], [t4].[IsActive], [t4].[IsDeleted], [t4].[Mrp], [t4].[ProductId], [t4].[SellingPrice], [t4].[Size], [t4].[Sku], [t4].[UpdatedAt], [t4].[UpdatedBy], [t4].[VariantName]
FROM (
    SELECT TOP(@__p_2) [p].[Id], [p].[Barcode], [p].[BatchTracking], [p].[Brand], [p].[CategoryId], [p].[Composition], [p].[CostPrice], [p].[CreatedAt], [p].[CreatedBy], [p].[DeletedAt], [p].[DeletedBy], [p].[ExpiryTracking], [p].[FoodType], [p].[HsnSacCode], [p].[ImageUrl], [p].[IsActive], [p].[IsDeleted], [p].[IsFeatured], [p].[IsStockTracked], [p].[IsTaxInclusive], [p].[LowStockThreshold], [p].[Manufacturer], [p].[MaxDiscountPercent], [p].[MaxStockThreshold], [p].[Mrp], [p].[Name], [p].[PortionSize], [p].[PreparationTimeMinutes], [p].[RecipeCost], [p].[ReorderQuantity], [p].[RequiresPrescription], [p].[SellingPrice], [p].[ShopId], [p].[Sku], [p].[SubCategory], [p].[TaxSlabId], [p].[UnitOfMeasureId], [p].[UpdatedAt], [p].[UpdatedBy], [p].[WholesalePrice]
    FROM [Products] AS [p]
    WHERE [p].[IsDeleted] = CAST(0 AS bit) AND [p].[ShopId] = @__request_ShopId_0 AND [p].[IsActive] = CAST(1 AS bit) AND (LOWER([p].[Name]) LIKE @__term_1_contains ESCAPE N'\' OR LOWER([p].[Sku]) LIKE @__term_1_contains_1 ESCAPE N'\' OR ([p].[Barcode] IS NOT NULL AND LOWER([p].[Barcode]) LIKE @__term_1_contains_2 ESCAPE N'\'))
    ORDER BY [p].[Name]
) AS [t]
INNER JOIN (
    SELECT [c].[Id], [c].[ColorHex], [c].[CreatedAt], [c].[CreatedBy], [c].[DeletedAt], [c].[DeletedBy], [c].[Description], [c].[DisplayOrder], [c].[ImageUrl], [c].[IsDeleted], [c].[Name], [c].[ParentCategoryId], [c].[ShopId], [c].[UpdatedAt], [c].[UpdatedBy]
    FROM [Categories] AS [c]
    WHERE [c].[IsDeleted] = CAST(0 AS bit)
) AS [t0] ON [t].[CategoryId] = [t0].[Id]
INNER JOIN (
    SELECT [u].[Id], [u].[CreatedAt], [u].[CreatedBy], [u].[DeletedAt], [u].[DeletedBy], [u].[IsDeleted], [u].[Name], [u].[Symbol], [u].[UnitType], [u].[UpdatedAt], [u].[UpdatedBy]
    FROM [UnitOfMeasures] AS [u]
    WHERE [u].[IsDeleted] = CAST(0 AS bit)
) AS [t1] ON [t].[UnitOfMeasureId] = [t1].[Id]
INNER JOIN (
    SELECT [t3].[Id], [t3].[CreatedAt], [t3].[CreatedBy], [t3].[DeletedAt], [t3].[DeletedBy], [t3].[IsActive], [t3].[IsDeleted], [t3].[Name], [t3].[Rate], [t3].[TaxRegime], [t3].[UpdatedAt], [t3].[UpdatedBy]
    FROM [TaxSlabs] AS [t3]
    WHERE [t3].[IsDeleted] = CAST(0 AS bit)
) AS [t2] ON [t].[TaxSlabId] = [t2].[Id]
LEFT JOIN (
    SELECT [p0].[Id], [p0].[AttributeJson], [p0].[Barcode], [p0].[Color], [p0].[CostPrice], [p0].[CreatedAt], [p0].[CreatedBy], [p0].[DeletedAt], [p0].[DeletedBy], [p0].[IsActive], [p0].[IsDeleted], [p0].[Mrp], [p0].[ProductId], [p0].[SellingPrice], [p0].[Size], [p0].[Sku], [p0].[UpdatedAt], [p0].[UpdatedBy], [p0].[VariantName]
    FROM [ProductVariants] AS [p0]
    WHERE [p0].[IsDeleted] = CAST(0 AS bit)
) AS [t4] ON [t].[Id] = [t4].[ProductId]
ORDER BY [t].[Name], [t].[Id], [t0].[Id], [t1].[Id], [t2].[Id]
[19:34:40 INF] Executed DbCommand (1ms) [Parameters=[@__request_ShopId_0='?' (DbType = Guid), @__ids_1='?' (Size = 4000)], CommandType='Text', CommandTimeout='30']
SELECT [i].[ProductId], [i].[ProductVariantId], COALESCE(SUM([i].[QuantityOnHand]), 0.0) AS [Quantity]
FROM [InventoryStocks] AS [i]
WHERE [i].[IsDeleted] = CAST(0 AS bit) AND [i].[ShopId] = @__request_ShopId_0 AND [i].[ProductId] IN (
    SELECT [i0].[value]
    FROM OPENJSON(@__ids_1) WITH ([value] uniqueidentifier '$') AS [i0]
)
GROUP BY [i].[ProductId], [i].[ProductVariantId]
[19:34:40 INF] Executing ObjectResult, writing value of type 'System.Collections.Generic.List`1[[BillEasePro.Application.Dtos.ProductSearchResultDto, BillEasePro.Application, Version=1.0.0.0, Culture=neutral, PublicKeyToken=null]]'.
[19:34:40 INF] Executed action BillEasePro.Api.Controllers.BillingController.SearchProducts (BillEasePro.Api) in 13.7245ms
[19:34:40 INF] Executed endpoint 'BillEasePro.Api.Controllers.BillingController.SearchProducts (BillEasePro.Api)'
[19:34:40 INF] HTTP GET /api/v1/billing/products/search responded 200 in 18.0685 ms
[19:34:40 INF] Request finished HTTP/1.1 GET http://localhost:5244/api/v1/billing/products/search?shopId=10000000-0000-0000-0000-000000000001&term=Powde - 200 null application/json; charset=utf-8 18.7237ms
[19:34:41 INF] Request starting HTTP/1.1 OPTIONS http://localhost:5244/api/v1/billing/products/search?shopId=10000000-0000-0000-0000-000000000001&term=Powder - null null
[19:34:41 INF] CORS policy execution successful.
[19:34:41 INF] HTTP OPTIONS /api/v1/billing/products/search responded 204 in 0.4467 ms
[19:34:41 INF] Request finished HTTP/1.1 OPTIONS http://localhost:5244/api/v1/billing/products/search?shopId=10000000-0000-0000-0000-000000000001&term=Powder - 204 null null 17.0749ms
[19:34:41 INF] Request starting HTTP/1.1 GET http://localhost:5244/api/v1/billing/products/search?shopId=10000000-0000-0000-0000-000000000001&term=Powder - null null
[19:34:41 INF] CORS policy execution successful.
[19:34:41 INF] Executing endpoint 'BillEasePro.Api.Controllers.BillingController.SearchProducts (BillEasePro.Api)'
[19:34:41 INF] Route matched with {action = "SearchProducts", controller = "Billing"}. Executing controller action with signature System.Threading.Tasks.Task`1[System.Collections.Generic.IReadOnlyList`1[BillEasePro.Application.Dtos.ProductSearchResultDto]] SearchProducts(System.Guid, System.String, System.Threading.CancellationToken) on controller BillEasePro.Api.Controllers.BillingController (BillEasePro.Api).
[19:34:41 INF] Executed DbCommand (33ms) [Parameters=[@__p_2='?' (DbType = Int32), @__request_ShopId_0='?' (DbType = Guid), @__term_1_contains='?' (Size = 220), @__term_1_contains_1='?' (Size = 80), @__term_1_contains_2='?' (Size = 450)], CommandType='Text', CommandTimeout='30']
SELECT [t].[Id], [t].[Barcode], [t].[BatchTracking], [t].[Brand], [t].[CategoryId], [t].[Composition], [t].[CostPrice], [t].[CreatedAt], [t].[CreatedBy], [t].[DeletedAt], [t].[DeletedBy], [t].[ExpiryTracking], [t].[FoodType], [t].[HsnSacCode], [t].[ImageUrl], [t].[IsActive], [t].[IsDeleted], [t].[IsFeatured], [t].[IsStockTracked], [t].[IsTaxInclusive], [t].[LowStockThreshold], [t].[Manufacturer], [t].[MaxDiscountPercent], [t].[MaxStockThreshold], [t].[Mrp], [t].[Name], [t].[PortionSize], [t].[PreparationTimeMinutes], [t].[RecipeCost], [t].[ReorderQuantity], [t].[RequiresPrescription], [t].[SellingPrice], [t].[ShopId], [t].[Sku], [t].[SubCategory], [t].[TaxSlabId], [t].[UnitOfMeasureId], [t].[UpdatedAt], [t].[UpdatedBy], [t].[WholesalePrice], [t0].[Id], [t0].[ColorHex], [t0].[CreatedAt], [t0].[CreatedBy], [t0].[DeletedAt], [t0].[DeletedBy], [t0].[Description], [t0].[DisplayOrder], [t0].[ImageUrl], [t0].[IsDeleted], [t0].[Name], [t0].[ParentCategoryId], [t0].[ShopId], [t0].[UpdatedAt], [t0].[UpdatedBy], [t1].[Id], [t1].[CreatedAt], [t1].[CreatedBy], [t1].[DeletedAt], [t1].[DeletedBy], [t1].[IsDeleted], [t1].[Name], [t1].[Symbol], [t1].[UnitType], [t1].[UpdatedAt], [t1].[UpdatedBy], [t2].[Id], [t2].[CreatedAt], [t2].[CreatedBy], [t2].[DeletedAt], [t2].[DeletedBy], [t2].[IsActive], [t2].[IsDeleted], [t2].[Name], [t2].[Rate], [t2].[TaxRegime], [t2].[UpdatedAt], [t2].[UpdatedBy], [t4].[Id], [t4].[AttributeJson], [t4].[Barcode], [t4].[Color], [t4].[CostPrice], [t4].[CreatedAt], [t4].[CreatedBy], [t4].[DeletedAt], [t4].[DeletedBy], [t4].[IsActive], [t4].[IsDeleted], [t4].[Mrp], [t4].[ProductId], [t4].[SellingPrice], [t4].[Size], [t4].[Sku], [t4].[UpdatedAt], [t4].[UpdatedBy], [t4].[VariantName]
FROM (
    SELECT TOP(@__p_2) [p].[Id], [p].[Barcode], [p].[BatchTracking], [p].[Brand], [p].[CategoryId], [p].[Composition], [p].[CostPrice], [p].[CreatedAt], [p].[CreatedBy], [p].[DeletedAt], [p].[DeletedBy], [p].[ExpiryTracking], [p].[FoodType], [p].[HsnSacCode], [p].[ImageUrl], [p].[IsActive], [p].[IsDeleted], [p].[IsFeatured], [p].[IsStockTracked], [p].[IsTaxInclusive], [p].[LowStockThreshold], [p].[Manufacturer], [p].[MaxDiscountPercent], [p].[MaxStockThreshold], [p].[Mrp], [p].[Name], [p].[PortionSize], [p].[PreparationTimeMinutes], [p].[RecipeCost], [p].[ReorderQuantity], [p].[RequiresPrescription], [p].[SellingPrice], [p].[ShopId], [p].[Sku], [p].[SubCategory], [p].[TaxSlabId], [p].[UnitOfMeasureId], [p].[UpdatedAt], [p].[UpdatedBy], [p].[WholesalePrice]
    FROM [Products] AS [p]
    WHERE [p].[IsDeleted] = CAST(0 AS bit) AND [p].[ShopId] = @__request_ShopId_0 AND [p].[IsActive] = CAST(1 AS bit) AND (LOWER([p].[Name]) LIKE @__term_1_contains ESCAPE N'\' OR LOWER([p].[Sku]) LIKE @__term_1_contains_1 ESCAPE N'\' OR ([p].[Barcode] IS NOT NULL AND LOWER([p].[Barcode]) LIKE @__term_1_contains_2 ESCAPE N'\'))
    ORDER BY [p].[Name]
) AS [t]
INNER JOIN (
    SELECT [c].[Id], [c].[ColorHex], [c].[CreatedAt], [c].[CreatedBy], [c].[DeletedAt], [c].[DeletedBy], [c].[Description], [c].[DisplayOrder], [c].[ImageUrl], [c].[IsDeleted], [c].[Name], [c].[ParentCategoryId], [c].[ShopId], [c].[UpdatedAt], [c].[UpdatedBy]
    FROM [Categories] AS [c]
    WHERE [c].[IsDeleted] = CAST(0 AS bit)
) AS [t0] ON [t].[CategoryId] = [t0].[Id]
INNER JOIN (
    SELECT [u].[Id], [u].[CreatedAt], [u].[CreatedBy], [u].[DeletedAt], [u].[DeletedBy], [u].[IsDeleted], [u].[Name], [u].[Symbol], [u].[UnitType], [u].[UpdatedAt], [u].[UpdatedBy]
    FROM [UnitOfMeasures] AS [u]
    WHERE [u].[IsDeleted] = CAST(0 AS bit)
) AS [t1] ON [t].[UnitOfMeasureId] = [t1].[Id]
INNER JOIN (
    SELECT [t3].[Id], [t3].[CreatedAt], [t3].[CreatedBy], [t3].[DeletedAt], [t3].[DeletedBy], [t3].[IsActive], [t3].[IsDeleted], [t3].[Name], [t3].[Rate], [t3].[TaxRegime], [t3].[UpdatedAt], [t3].[UpdatedBy]
    FROM [TaxSlabs] AS [t3]
    WHERE [t3].[IsDeleted] = CAST(0 AS bit)
) AS [t2] ON [t].[TaxSlabId] = [t2].[Id]
LEFT JOIN (
    SELECT [p0].[Id], [p0].[AttributeJson], [p0].[Barcode], [p0].[Color], [p0].[CostPrice], [p0].[CreatedAt], [p0].[CreatedBy], [p0].[DeletedAt], [p0].[DeletedBy], [p0].[IsActive], [p0].[IsDeleted], [p0].[Mrp], [p0].[ProductId], [p0].[SellingPrice], [p0].[Size], [p0].[Sku], [p0].[UpdatedAt], [p0].[UpdatedBy], [p0].[VariantName]
    FROM [ProductVariants] AS [p0]
    WHERE [p0].[IsDeleted] = CAST(0 AS bit)
) AS [t4] ON [t].[Id] = [t4].[ProductId]
ORDER BY [t].[Name], [t].[Id], [t0].[Id], [t1].[Id], [t2].[Id]
[19:34:41 INF] Executed DbCommand (12ms) [Parameters=[@__request_ShopId_0='?' (DbType = Guid), @__ids_1='?' (Size = 4000)], CommandType='Text', CommandTimeout='30']
SELECT [i].[ProductId], [i].[ProductVariantId], COALESCE(SUM([i].[QuantityOnHand]), 0.0) AS [Quantity]
FROM [InventoryStocks] AS [i]
WHERE [i].[IsDeleted] = CAST(0 AS bit) AND [i].[ShopId] = @__request_ShopId_0 AND [i].[ProductId] IN (
    SELECT [i0].[value]
    FROM OPENJSON(@__ids_1) WITH ([value] uniqueidentifier '$') AS [i0]
)
GROUP BY [i].[ProductId], [i].[ProductVariantId]
[19:34:41 INF] Executing ObjectResult, writing value of type 'System.Collections.Generic.List`1[[BillEasePro.Application.Dtos.ProductSearchResultDto, BillEasePro.Application, Version=1.0.0.0, Culture=neutral, PublicKeyToken=null]]'.
[19:34:41 INF] Executed action BillEasePro.Api.Controllers.BillingController.SearchProducts (BillEasePro.Api) in 53.6452ms
[19:34:41 INF] Executed endpoint 'BillEasePro.Api.Controllers.BillingController.SearchProducts (BillEasePro.Api)'
[19:34:41 INF] HTTP GET /api/v1/billing/products/search responded 200 in 55.7877 ms
[19:34:41 INF] Request finished HTTP/1.1 GET http://localhost:5244/api/v1/billing/products/search?shopId=10000000-0000-0000-0000-000000000001&term=Powder - 200 null application/json; charset=utf-8 56.6202ms
[19:34:43 INF] Request starting HTTP/1.1 GET http://localhost:5244/api/v1/billing/products/search?shopId=10000000-0000-0000-0000-000000000001&term=Powde - null null
[19:34:43 INF] CORS policy execution successful.
[19:34:43 INF] Executing endpoint 'BillEasePro.Api.Controllers.BillingController.SearchProducts (BillEasePro.Api)'
[19:34:43 INF] Route matched with {action = "SearchProducts", controller = "Billing"}. Executing controller action with signature System.Threading.Tasks.Task`1[System.Collections.Generic.IReadOnlyList`1[BillEasePro.Application.Dtos.ProductSearchResultDto]] SearchProducts(System.Guid, System.String, System.Threading.CancellationToken) on controller BillEasePro.Api.Controllers.BillingController (BillEasePro.Api).
[19:34:43 INF] Executed DbCommand (31ms) [Parameters=[@__p_2='?' (DbType = Int32), @__request_ShopId_0='?' (DbType = Guid), @__term_1_contains='?' (Size = 220), @__term_1_contains_1='?' (Size = 80), @__term_1_contains_2='?' (Size = 450)], CommandType='Text', CommandTimeout='30']
SELECT [t].[Id], [t].[Barcode], [t].[BatchTracking], [t].[Brand], [t].[CategoryId], [t].[Composition], [t].[CostPrice], [t].[CreatedAt], [t].[CreatedBy], [t].[DeletedAt], [t].[DeletedBy], [t].[ExpiryTracking], [t].[FoodType], [t].[HsnSacCode], [t].[ImageUrl], [t].[IsActive], [t].[IsDeleted], [t].[IsFeatured], [t].[IsStockTracked], [t].[IsTaxInclusive], [t].[LowStockThreshold], [t].[Manufacturer], [t].[MaxDiscountPercent], [t].[MaxStockThreshold], [t].[Mrp], [t].[Name], [t].[PortionSize], [t].[PreparationTimeMinutes], [t].[RecipeCost], [t].[ReorderQuantity], [t].[RequiresPrescription], [t].[SellingPrice], [t].[ShopId], [t].[Sku], [t].[SubCategory], [t].[TaxSlabId], [t].[UnitOfMeasureId], [t].[UpdatedAt], [t].[UpdatedBy], [t].[WholesalePrice], [t0].[Id], [t0].[ColorHex], [t0].[CreatedAt], [t0].[CreatedBy], [t0].[DeletedAt], [t0].[DeletedBy], [t0].[Description], [t0].[DisplayOrder], [t0].[ImageUrl], [t0].[IsDeleted], [t0].[Name], [t0].[ParentCategoryId], [t0].[ShopId], [t0].[UpdatedAt], [t0].[UpdatedBy], [t1].[Id], [t1].[CreatedAt], [t1].[CreatedBy], [t1].[DeletedAt], [t1].[DeletedBy], [t1].[IsDeleted], [t1].[Name], [t1].[Symbol], [t1].[UnitType], [t1].[UpdatedAt], [t1].[UpdatedBy], [t2].[Id], [t2].[CreatedAt], [t2].[CreatedBy], [t2].[DeletedAt], [t2].[DeletedBy], [t2].[IsActive], [t2].[IsDeleted], [t2].[Name], [t2].[Rate], [t2].[TaxRegime], [t2].[UpdatedAt], [t2].[UpdatedBy], [t4].[Id], [t4].[AttributeJson], [t4].[Barcode], [t4].[Color], [t4].[CostPrice], [t4].[CreatedAt], [t4].[CreatedBy], [t4].[DeletedAt], [t4].[DeletedBy], [t4].[IsActive], [t4].[IsDeleted], [t4].[Mrp], [t4].[ProductId], [t4].[SellingPrice], [t4].[Size], [t4].[Sku], [t4].[UpdatedAt], [t4].[UpdatedBy], [t4].[VariantName]
FROM (
    SELECT TOP(@__p_2) [p].[Id], [p].[Barcode], [p].[BatchTracking], [p].[Brand], [p].[CategoryId], [p].[Composition], [p].[CostPrice], [p].[CreatedAt], [p].[CreatedBy], [p].[DeletedAt], [p].[DeletedBy], [p].[ExpiryTracking], [p].[FoodType], [p].[HsnSacCode], [p].[ImageUrl], [p].[IsActive], [p].[IsDeleted], [p].[IsFeatured], [p].[IsStockTracked], [p].[IsTaxInclusive], [p].[LowStockThreshold], [p].[Manufacturer], [p].[MaxDiscountPercent], [p].[MaxStockThreshold], [p].[Mrp], [p].[Name], [p].[PortionSize], [p].[PreparationTimeMinutes], [p].[RecipeCost], [p].[ReorderQuantity], [p].[RequiresPrescription], [p].[SellingPrice], [p].[ShopId], [p].[Sku], [p].[SubCategory], [p].[TaxSlabId], [p].[UnitOfMeasureId], [p].[UpdatedAt], [p].[UpdatedBy], [p].[WholesalePrice]
    FROM [Products] AS [p]
    WHERE [p].[IsDeleted] = CAST(0 AS bit) AND [p].[ShopId] = @__request_ShopId_0 AND [p].[IsActive] = CAST(1 AS bit) AND (LOWER([p].[Name]) LIKE @__term_1_contains ESCAPE N'\' OR LOWER([p].[Sku]) LIKE @__term_1_contains_1 ESCAPE N'\' OR ([p].[Barcode] IS NOT NULL AND LOWER([p].[Barcode]) LIKE @__term_1_contains_2 ESCAPE N'\'))
    ORDER BY [p].[Name]
) AS [t]
INNER JOIN (
    SELECT [c].[Id], [c].[ColorHex], [c].[CreatedAt], [c].[CreatedBy], [c].[DeletedAt], [c].[DeletedBy], [c].[Description], [c].[DisplayOrder], [c].[ImageUrl], [c].[IsDeleted], [c].[Name], [c].[ParentCategoryId], [c].[ShopId], [c].[UpdatedAt], [c].[UpdatedBy]
    FROM [Categories] AS [c]
    WHERE [c].[IsDeleted] = CAST(0 AS bit)
) AS [t0] ON [t].[CategoryId] = [t0].[Id]
INNER JOIN (
    SELECT [u].[Id], [u].[CreatedAt], [u].[CreatedBy], [u].[DeletedAt], [u].[DeletedBy], [u].[IsDeleted], [u].[Name], [u].[Symbol], [u].[UnitType], [u].[UpdatedAt], [u].[UpdatedBy]
    FROM [UnitOfMeasures] AS [u]
    WHERE [u].[IsDeleted] = CAST(0 AS bit)
) AS [t1] ON [t].[UnitOfMeasureId] = [t1].[Id]
INNER JOIN (
    SELECT [t3].[Id], [t3].[CreatedAt], [t3].[CreatedBy], [t3].[DeletedAt], [t3].[DeletedBy], [t3].[IsActive], [t3].[IsDeleted], [t3].[Name], [t3].[Rate], [t3].[TaxRegime], [t3].[UpdatedAt], [t3].[UpdatedBy]
    FROM [TaxSlabs] AS [t3]
    WHERE [t3].[IsDeleted] = CAST(0 AS bit)
) AS [t2] ON [t].[TaxSlabId] = [t2].[Id]
LEFT JOIN (
    SELECT [p0].[Id], [p0].[AttributeJson], [p0].[Barcode], [p0].[Color], [p0].[CostPrice], [p0].[CreatedAt], [p0].[CreatedBy], [p0].[DeletedAt], [p0].[DeletedBy], [p0].[IsActive], [p0].[IsDeleted], [p0].[Mrp], [p0].[ProductId], [p0].[SellingPrice], [p0].[Size], [p0].[Sku], [p0].[UpdatedAt], [p0].[UpdatedBy], [p0].[VariantName]
    FROM [ProductVariants] AS [p0]
    WHERE [p0].[IsDeleted] = CAST(0 AS bit)
) AS [t4] ON [t].[Id] = [t4].[ProductId]
ORDER BY [t].[Name], [t].[Id], [t0].[Id], [t1].[Id], [t2].[Id]
[19:34:43 INF] Executed DbCommand (13ms) [Parameters=[@__request_ShopId_0='?' (DbType = Guid), @__ids_1='?' (Size = 4000)], CommandType='Text', CommandTimeout='30']
SELECT [i].[ProductId], [i].[ProductVariantId], COALESCE(SUM([i].[QuantityOnHand]), 0.0) AS [Quantity]
FROM [InventoryStocks] AS [i]
WHERE [i].[IsDeleted] = CAST(0 AS bit) AND [i].[ShopId] = @__request_ShopId_0 AND [i].[ProductId] IN (
    SELECT [i0].[value]
    FROM OPENJSON(@__ids_1) WITH ([value] uniqueidentifier '$') AS [i0]
)
GROUP BY [i].[ProductId], [i].[ProductVariantId]
[19:34:43 INF] Executing ObjectResult, writing value of type 'System.Collections.Generic.List`1[[BillEasePro.Application.Dtos.ProductSearchResultDto, BillEasePro.Application, Version=1.0.0.0, Culture=neutral, PublicKeyToken=null]]'.
[19:34:43 INF] Executed action BillEasePro.Api.Controllers.BillingController.SearchProducts (BillEasePro.Api) in 51.5344ms
[19:34:43 INF] Executed endpoint 'BillEasePro.Api.Controllers.BillingController.SearchProducts (BillEasePro.Api)'
[19:34:43 INF] HTTP GET /api/v1/billing/products/search responded 200 in 53.4027 ms
[19:34:43 INF] Request finished HTTP/1.1 GET http://localhost:5244/api/v1/billing/products/search?shopId=10000000-0000-0000-0000-000000000001&term=Powde - 200 null application/json; charset=utf-8 65.5179ms
[19:34:44 INF] Request starting HTTP/1.1 GET http://localhost:5244/api/v1/billing/products/search?shopId=10000000-0000-0000-0000-000000000001&term=Powd - null null
[19:34:44 INF] CORS policy execution successful.
[19:34:44 INF] Executing endpoint 'BillEasePro.Api.Controllers.BillingController.SearchProducts (BillEasePro.Api)'
[19:34:44 INF] Route matched with {action = "SearchProducts", controller = "Billing"}. Executing controller action with signature System.Threading.Tasks.Task`1[System.Collections.Generic.IReadOnlyList`1[BillEasePro.Application.Dtos.ProductSearchResultDto]] SearchProducts(System.Guid, System.String, System.Threading.CancellationToken) on controller BillEasePro.Api.Controllers.BillingController (BillEasePro.Api).
[19:34:44 INF] Executed DbCommand (36ms) [Parameters=[@__p_2='?' (DbType = Int32), @__request_ShopId_0='?' (DbType = Guid), @__term_1_contains='?' (Size = 220), @__term_1_contains_1='?' (Size = 80), @__term_1_contains_2='?' (Size = 450)], CommandType='Text', CommandTimeout='30']
SELECT [t].[Id], [t].[Barcode], [t].[BatchTracking], [t].[Brand], [t].[CategoryId], [t].[Composition], [t].[CostPrice], [t].[CreatedAt], [t].[CreatedBy], [t].[DeletedAt], [t].[DeletedBy], [t].[ExpiryTracking], [t].[FoodType], [t].[HsnSacCode], [t].[ImageUrl], [t].[IsActive], [t].[IsDeleted], [t].[IsFeatured], [t].[IsStockTracked], [t].[IsTaxInclusive], [t].[LowStockThreshold], [t].[Manufacturer], [t].[MaxDiscountPercent], [t].[MaxStockThreshold], [t].[Mrp], [t].[Name], [t].[PortionSize], [t].[PreparationTimeMinutes], [t].[RecipeCost], [t].[ReorderQuantity], [t].[RequiresPrescription], [t].[SellingPrice], [t].[ShopId], [t].[Sku], [t].[SubCategory], [t].[TaxSlabId], [t].[UnitOfMeasureId], [t].[UpdatedAt], [t].[UpdatedBy], [t].[WholesalePrice], [t0].[Id], [t0].[ColorHex], [t0].[CreatedAt], [t0].[CreatedBy], [t0].[DeletedAt], [t0].[DeletedBy], [t0].[Description], [t0].[DisplayOrder], [t0].[ImageUrl], [t0].[IsDeleted], [t0].[Name], [t0].[ParentCategoryId], [t0].[ShopId], [t0].[UpdatedAt], [t0].[UpdatedBy], [t1].[Id], [t1].[CreatedAt], [t1].[CreatedBy], [t1].[DeletedAt], [t1].[DeletedBy], [t1].[IsDeleted], [t1].[Name], [t1].[Symbol], [t1].[UnitType], [t1].[UpdatedAt], [t1].[UpdatedBy], [t2].[Id], [t2].[CreatedAt], [t2].[CreatedBy], [t2].[DeletedAt], [t2].[DeletedBy], [t2].[IsActive], [t2].[IsDeleted], [t2].[Name], [t2].[Rate], [t2].[TaxRegime], [t2].[UpdatedAt], [t2].[UpdatedBy], [t4].[Id], [t4].[AttributeJson], [t4].[Barcode], [t4].[Color], [t4].[CostPrice], [t4].[CreatedAt], [t4].[CreatedBy], [t4].[DeletedAt], [t4].[DeletedBy], [t4].[IsActive], [t4].[IsDeleted], [t4].[Mrp], [t4].[ProductId], [t4].[SellingPrice], [t4].[Size], [t4].[Sku], [t4].[UpdatedAt], [t4].[UpdatedBy], [t4].[VariantName]
FROM (
    SELECT TOP(@__p_2) [p].[Id], [p].[Barcode], [p].[BatchTracking], [p].[Brand], [p].[CategoryId], [p].[Composition], [p].[CostPrice], [p].[CreatedAt], [p].[CreatedBy], [p].[DeletedAt], [p].[DeletedBy], [p].[ExpiryTracking], [p].[FoodType], [p].[HsnSacCode], [p].[ImageUrl], [p].[IsActive], [p].[IsDeleted], [p].[IsFeatured], [p].[IsStockTracked], [p].[IsTaxInclusive], [p].[LowStockThreshold], [p].[Manufacturer], [p].[MaxDiscountPercent], [p].[MaxStockThreshold], [p].[Mrp], [p].[Name], [p].[PortionSize], [p].[PreparationTimeMinutes], [p].[RecipeCost], [p].[ReorderQuantity], [p].[RequiresPrescription], [p].[SellingPrice], [p].[ShopId], [p].[Sku], [p].[SubCategory], [p].[TaxSlabId], [p].[UnitOfMeasureId], [p].[UpdatedAt], [p].[UpdatedBy], [p].[WholesalePrice]
    FROM [Products] AS [p]
    WHERE [p].[IsDeleted] = CAST(0 AS bit) AND [p].[ShopId] = @__request_ShopId_0 AND [p].[IsActive] = CAST(1 AS bit) AND (LOWER([p].[Name]) LIKE @__term_1_contains ESCAPE N'\' OR LOWER([p].[Sku]) LIKE @__term_1_contains_1 ESCAPE N'\' OR ([p].[Barcode] IS NOT NULL AND LOWER([p].[Barcode]) LIKE @__term_1_contains_2 ESCAPE N'\'))
    ORDER BY [p].[Name]
) AS [t]
INNER JOIN (
    SELECT [c].[Id], [c].[ColorHex], [c].[CreatedAt], [c].[CreatedBy], [c].[DeletedAt], [c].[DeletedBy], [c].[Description], [c].[DisplayOrder], [c].[ImageUrl], [c].[IsDeleted], [c].[Name], [c].[ParentCategoryId], [c].[ShopId], [c].[UpdatedAt], [c].[UpdatedBy]
    FROM [Categories] AS [c]
    WHERE [c].[IsDeleted] = CAST(0 AS bit)
) AS [t0] ON [t].[CategoryId] = [t0].[Id]
INNER JOIN (
    SELECT [u].[Id], [u].[CreatedAt], [u].[CreatedBy], [u].[DeletedAt], [u].[DeletedBy], [u].[IsDeleted], [u].[Name], [u].[Symbol], [u].[UnitType], [u].[UpdatedAt], [u].[UpdatedBy]
    FROM [UnitOfMeasures] AS [u]
    WHERE [u].[IsDeleted] = CAST(0 AS bit)
) AS [t1] ON [t].[UnitOfMeasureId] = [t1].[Id]
INNER JOIN (
    SELECT [t3].[Id], [t3].[CreatedAt], [t3].[CreatedBy], [t3].[DeletedAt], [t3].[DeletedBy], [t3].[IsActive], [t3].[IsDeleted], [t3].[Name], [t3].[Rate], [t3].[TaxRegime], [t3].[UpdatedAt], [t3].[UpdatedBy]
    FROM [TaxSlabs] AS [t3]
    WHERE [t3].[IsDeleted] = CAST(0 AS bit)
) AS [t2] ON [t].[TaxSlabId] = [t2].[Id]
LEFT JOIN (
    SELECT [p0].[Id], [p0].[AttributeJson], [p0].[Barcode], [p0].[Color], [p0].[CostPrice], [p0].[CreatedAt], [p0].[CreatedBy], [p0].[DeletedAt], [p0].[DeletedBy], [p0].[IsActive], [p0].[IsDeleted], [p0].[Mrp], [p0].[ProductId], [p0].[SellingPrice], [p0].[Size], [p0].[Sku], [p0].[UpdatedAt], [p0].[UpdatedBy], [p0].[VariantName]
    FROM [ProductVariants] AS [p0]
    WHERE [p0].[IsDeleted] = CAST(0 AS bit)
) AS [t4] ON [t].[Id] = [t4].[ProductId]
ORDER BY [t].[Name], [t].[Id], [t0].[Id], [t1].[Id], [t2].[Id]
[19:34:44 INF] Executed DbCommand (13ms) [Parameters=[@__request_ShopId_0='?' (DbType = Guid), @__ids_1='?' (Size = 4000)], CommandType='Text', CommandTimeout='30']
SELECT [i].[ProductId], [i].[ProductVariantId], COALESCE(SUM([i].[QuantityOnHand]), 0.0) AS [Quantity]
FROM [InventoryStocks] AS [i]
WHERE [i].[IsDeleted] = CAST(0 AS bit) AND [i].[ShopId] = @__request_ShopId_0 AND [i].[ProductId] IN (
    SELECT [i0].[value]
    FROM OPENJSON(@__ids_1) WITH ([value] uniqueidentifier '$') AS [i0]
)
GROUP BY [i].[ProductId], [i].[ProductVariantId]
[19:34:44 INF] Executing ObjectResult, writing value of type 'System.Collections.Generic.List`1[[BillEasePro.Application.Dtos.ProductSearchResultDto, BillEasePro.Application, Version=1.0.0.0, Culture=neutral, PublicKeyToken=null]]'.
[19:34:44 INF] Executed action BillEasePro.Api.Controllers.BillingController.SearchProducts (BillEasePro.Api) in 58.9513ms
[19:34:44 INF] Executed endpoint 'BillEasePro.Api.Controllers.BillingController.SearchProducts (BillEasePro.Api)'
[19:34:44 INF] HTTP GET /api/v1/billing/products/search responded 200 in 61.2468 ms
[19:34:44 INF] Request finished HTTP/1.1 GET http://localhost:5244/api/v1/billing/products/search?shopId=10000000-0000-0000-0000-000000000001&term=Powd - 200 null application/json; charset=utf-8 77.6863ms
[19:34:44 INF] Request starting HTTP/1.1 OPTIONS http://localhost:5244/api/v1/billing/products/search?shopId=10000000-0000-0000-0000-000000000001&term=Pow - null null
[19:34:44 INF] CORS policy execution successful.
[19:34:44 INF] HTTP OPTIONS /api/v1/billing/products/search responded 204 in 0.3917 ms
[19:34:44 INF] Request finished HTTP/1.1 OPTIONS http://localhost:5244/api/v1/billing/products/search?shopId=10000000-0000-0000-0000-000000000001&term=Pow - 204 null null 17.0803ms
[19:34:44 INF] Request starting HTTP/1.1 GET http://localhost:5244/api/v1/billing/products/search?shopId=10000000-0000-0000-0000-000000000001&term=Pow - null null
[19:34:44 INF] CORS policy execution successful.
[19:34:44 INF] Executing endpoint 'BillEasePro.Api.Controllers.BillingController.SearchProducts (BillEasePro.Api)'
[19:34:44 INF] Route matched with {action = "SearchProducts", controller = "Billing"}. Executing controller action with signature System.Threading.Tasks.Task`1[System.Collections.Generic.IReadOnlyList`1[BillEasePro.Application.Dtos.ProductSearchResultDto]] SearchProducts(System.Guid, System.String, System.Threading.CancellationToken) on controller BillEasePro.Api.Controllers.BillingController (BillEasePro.Api).
[19:34:44 INF] Request starting HTTP/1.1 OPTIONS http://localhost:5244/api/v1/billing/products/search?shopId=10000000-0000-0000-0000-000000000001&term=Po - null null
[19:34:44 INF] CORS policy execution successful.
[19:34:44 INF] HTTP OPTIONS /api/v1/billing/products/search responded 204 in 0.2117 ms
[19:34:44 INF] Request finished HTTP/1.1 OPTIONS http://localhost:5244/api/v1/billing/products/search?shopId=10000000-0000-0000-0000-000000000001&term=Po - 204 null null 0.8325ms
[19:34:44 INF] Request starting HTTP/1.1 GET http://localhost:5244/api/v1/billing/products/search?shopId=10000000-0000-0000-0000-000000000001&term=Po - null null
[19:34:44 INF] CORS policy execution successful.
[19:34:44 INF] Executing endpoint 'BillEasePro.Api.Controllers.BillingController.SearchProducts (BillEasePro.Api)'
[19:34:44 INF] Route matched with {action = "SearchProducts", controller = "Billing"}. Executing controller action with signature System.Threading.Tasks.Task`1[System.Collections.Generic.IReadOnlyList`1[BillEasePro.Application.Dtos.ProductSearchResultDto]] SearchProducts(System.Guid, System.String, System.Threading.CancellationToken) on controller BillEasePro.Api.Controllers.BillingController (BillEasePro.Api).
[19:34:44 INF] Executed DbCommand (31ms) [Parameters=[@__p_2='?' (DbType = Int32), @__request_ShopId_0='?' (DbType = Guid), @__term_1_contains='?' (Size = 220), @__term_1_contains_1='?' (Size = 80), @__term_1_contains_2='?' (Size = 450)], CommandType='Text', CommandTimeout='30']
SELECT [t].[Id], [t].[Barcode], [t].[BatchTracking], [t].[Brand], [t].[CategoryId], [t].[Composition], [t].[CostPrice], [t].[CreatedAt], [t].[CreatedBy], [t].[DeletedAt], [t].[DeletedBy], [t].[ExpiryTracking], [t].[FoodType], [t].[HsnSacCode], [t].[ImageUrl], [t].[IsActive], [t].[IsDeleted], [t].[IsFeatured], [t].[IsStockTracked], [t].[IsTaxInclusive], [t].[LowStockThreshold], [t].[Manufacturer], [t].[MaxDiscountPercent], [t].[MaxStockThreshold], [t].[Mrp], [t].[Name], [t].[PortionSize], [t].[PreparationTimeMinutes], [t].[RecipeCost], [t].[ReorderQuantity], [t].[RequiresPrescription], [t].[SellingPrice], [t].[ShopId], [t].[Sku], [t].[SubCategory], [t].[TaxSlabId], [t].[UnitOfMeasureId], [t].[UpdatedAt], [t].[UpdatedBy], [t].[WholesalePrice], [t0].[Id], [t0].[ColorHex], [t0].[CreatedAt], [t0].[CreatedBy], [t0].[DeletedAt], [t0].[DeletedBy], [t0].[Description], [t0].[DisplayOrder], [t0].[ImageUrl], [t0].[IsDeleted], [t0].[Name], [t0].[ParentCategoryId], [t0].[ShopId], [t0].[UpdatedAt], [t0].[UpdatedBy], [t1].[Id], [t1].[CreatedAt], [t1].[CreatedBy], [t1].[DeletedAt], [t1].[DeletedBy], [t1].[IsDeleted], [t1].[Name], [t1].[Symbol], [t1].[UnitType], [t1].[UpdatedAt], [t1].[UpdatedBy], [t2].[Id], [t2].[CreatedAt], [t2].[CreatedBy], [t2].[DeletedAt], [t2].[DeletedBy], [t2].[IsActive], [t2].[IsDeleted], [t2].[Name], [t2].[Rate], [t2].[TaxRegime], [t2].[UpdatedAt], [t2].[UpdatedBy], [t4].[Id], [t4].[AttributeJson], [t4].[Barcode], [t4].[Color], [t4].[CostPrice], [t4].[CreatedAt], [t4].[CreatedBy], [t4].[DeletedAt], [t4].[DeletedBy], [t4].[IsActive], [t4].[IsDeleted], [t4].[Mrp], [t4].[ProductId], [t4].[SellingPrice], [t4].[Size], [t4].[Sku], [t4].[UpdatedAt], [t4].[UpdatedBy], [t4].[VariantName]
FROM (
    SELECT TOP(@__p_2) [p].[Id], [p].[Barcode], [p].[BatchTracking], [p].[Brand], [p].[CategoryId], [p].[Composition], [p].[CostPrice], [p].[CreatedAt], [p].[CreatedBy], [p].[DeletedAt], [p].[DeletedBy], [p].[ExpiryTracking], [p].[FoodType], [p].[HsnSacCode], [p].[ImageUrl], [p].[IsActive], [p].[IsDeleted], [p].[IsFeatured], [p].[IsStockTracked], [p].[IsTaxInclusive], [p].[LowStockThreshold], [p].[Manufacturer], [p].[MaxDiscountPercent], [p].[MaxStockThreshold], [p].[Mrp], [p].[Name], [p].[PortionSize], [p].[PreparationTimeMinutes], [p].[RecipeCost], [p].[ReorderQuantity], [p].[RequiresPrescription], [p].[SellingPrice], [p].[ShopId], [p].[Sku], [p].[SubCategory], [p].[TaxSlabId], [p].[UnitOfMeasureId], [p].[UpdatedAt], [p].[UpdatedBy], [p].[WholesalePrice]
    FROM [Products] AS [p]
    WHERE [p].[IsDeleted] = CAST(0 AS bit) AND [p].[ShopId] = @__request_ShopId_0 AND [p].[IsActive] = CAST(1 AS bit) AND (LOWER([p].[Name]) LIKE @__term_1_contains ESCAPE N'\' OR LOWER([p].[Sku]) LIKE @__term_1_contains_1 ESCAPE N'\' OR ([p].[Barcode] IS NOT NULL AND LOWER([p].[Barcode]) LIKE @__term_1_contains_2 ESCAPE N'\'))
    ORDER BY [p].[Name]
) AS [t]
INNER JOIN (
    SELECT [c].[Id], [c].[ColorHex], [c].[CreatedAt], [c].[CreatedBy], [c].[DeletedAt], [c].[DeletedBy], [c].[Description], [c].[DisplayOrder], [c].[ImageUrl], [c].[IsDeleted], [c].[Name], [c].[ParentCategoryId], [c].[ShopId], [c].[UpdatedAt], [c].[UpdatedBy]
    FROM [Categories] AS [c]
    WHERE [c].[IsDeleted] = CAST(0 AS bit)
) AS [t0] ON [t].[CategoryId] = [t0].[Id]
INNER JOIN (
    SELECT [u].[Id], [u].[CreatedAt], [u].[CreatedBy], [u].[DeletedAt], [u].[DeletedBy], [u].[IsDeleted], [u].[Name], [u].[Symbol], [u].[UnitType], [u].[UpdatedAt], [u].[UpdatedBy]
    FROM [UnitOfMeasures] AS [u]
    WHERE [u].[IsDeleted] = CAST(0 AS bit)
) AS [t1] ON [t].[UnitOfMeasureId] = [t1].[Id]
INNER JOIN (
    SELECT [t3].[Id], [t3].[CreatedAt], [t3].[CreatedBy], [t3].[DeletedAt], [t3].[DeletedBy], [t3].[IsActive], [t3].[IsDeleted], [t3].[Name], [t3].[Rate], [t3].[TaxRegime], [t3].[UpdatedAt], [t3].[UpdatedBy]
    FROM [TaxSlabs] AS [t3]
    WHERE [t3].[IsDeleted] = CAST(0 AS bit)
) AS [t2] ON [t].[TaxSlabId] = [t2].[Id]
LEFT JOIN (
    SELECT [p0].[Id], [p0].[AttributeJson], [p0].[Barcode], [p0].[Color], [p0].[CostPrice], [p0].[CreatedAt], [p0].[CreatedBy], [p0].[DeletedAt], [p0].[DeletedBy], [p0].[IsActive], [p0].[IsDeleted], [p0].[Mrp], [p0].[ProductId], [p0].[SellingPrice], [p0].[Size], [p0].[Sku], [p0].[UpdatedAt], [p0].[UpdatedBy], [p0].[VariantName]
    FROM [ProductVariants] AS [p0]
    WHERE [p0].[IsDeleted] = CAST(0 AS bit)
) AS [t4] ON [t].[Id] = [t4].[ProductId]
ORDER BY [t].[Name], [t].[Id], [t0].[Id], [t1].[Id], [t2].[Id]
[19:34:44 INF] Executed DbCommand (29ms) [Parameters=[@__p_2='?' (DbType = Int32), @__request_ShopId_0='?' (DbType = Guid), @__term_1_contains='?' (Size = 220), @__term_1_contains_1='?' (Size = 80), @__term_1_contains_2='?' (Size = 450)], CommandType='Text', CommandTimeout='30']
SELECT [t].[Id], [t].[Barcode], [t].[BatchTracking], [t].[Brand], [t].[CategoryId], [t].[Composition], [t].[CostPrice], [t].[CreatedAt], [t].[CreatedBy], [t].[DeletedAt], [t].[DeletedBy], [t].[ExpiryTracking], [t].[FoodType], [t].[HsnSacCode], [t].[ImageUrl], [t].[IsActive], [t].[IsDeleted], [t].[IsFeatured], [t].[IsStockTracked], [t].[IsTaxInclusive], [t].[LowStockThreshold], [t].[Manufacturer], [t].[MaxDiscountPercent], [t].[MaxStockThreshold], [t].[Mrp], [t].[Name], [t].[PortionSize], [t].[PreparationTimeMinutes], [t].[RecipeCost], [t].[ReorderQuantity], [t].[RequiresPrescription], [t].[SellingPrice], [t].[ShopId], [t].[Sku], [t].[SubCategory], [t].[TaxSlabId], [t].[UnitOfMeasureId], [t].[UpdatedAt], [t].[UpdatedBy], [t].[WholesalePrice], [t0].[Id], [t0].[ColorHex], [t0].[CreatedAt], [t0].[CreatedBy], [t0].[DeletedAt], [t0].[DeletedBy], [t0].[Description], [t0].[DisplayOrder], [t0].[ImageUrl], [t0].[IsDeleted], [t0].[Name], [t0].[ParentCategoryId], [t0].[ShopId], [t0].[UpdatedAt], [t0].[UpdatedBy], [t1].[Id], [t1].[CreatedAt], [t1].[CreatedBy], [t1].[DeletedAt], [t1].[DeletedBy], [t1].[IsDeleted], [t1].[Name], [t1].[Symbol], [t1].[UnitType], [t1].[UpdatedAt], [t1].[UpdatedBy], [t2].[Id], [t2].[CreatedAt], [t2].[CreatedBy], [t2].[DeletedAt], [t2].[DeletedBy], [t2].[IsActive], [t2].[IsDeleted], [t2].[Name], [t2].[Rate], [t2].[TaxRegime], [t2].[UpdatedAt], [t2].[UpdatedBy], [t4].[Id], [t4].[AttributeJson], [t4].[Barcode], [t4].[Color], [t4].[CostPrice], [t4].[CreatedAt], [t4].[CreatedBy], [t4].[DeletedAt], [t4].[DeletedBy], [t4].[IsActive], [t4].[IsDeleted], [t4].[Mrp], [t4].[ProductId], [t4].[SellingPrice], [t4].[Size], [t4].[Sku], [t4].[UpdatedAt], [t4].[UpdatedBy], [t4].[VariantName]
FROM (
    SELECT TOP(@__p_2) [p].[Id], [p].[Barcode], [p].[BatchTracking], [p].[Brand], [p].[CategoryId], [p].[Composition], [p].[CostPrice], [p].[CreatedAt], [p].[CreatedBy], [p].[DeletedAt], [p].[DeletedBy], [p].[ExpiryTracking], [p].[FoodType], [p].[HsnSacCode], [p].[ImageUrl], [p].[IsActive], [p].[IsDeleted], [p].[IsFeatured], [p].[IsStockTracked], [p].[IsTaxInclusive], [p].[LowStockThreshold], [p].[Manufacturer], [p].[MaxDiscountPercent], [p].[MaxStockThreshold], [p].[Mrp], [p].[Name], [p].[PortionSize], [p].[PreparationTimeMinutes], [p].[RecipeCost], [p].[ReorderQuantity], [p].[RequiresPrescription], [p].[SellingPrice], [p].[ShopId], [p].[Sku], [p].[SubCategory], [p].[TaxSlabId], [p].[UnitOfMeasureId], [p].[UpdatedAt], [p].[UpdatedBy], [p].[WholesalePrice]
    FROM [Products] AS [p]
    WHERE [p].[IsDeleted] = CAST(0 AS bit) AND [p].[ShopId] = @__request_ShopId_0 AND [p].[IsActive] = CAST(1 AS bit) AND (LOWER([p].[Name]) LIKE @__term_1_contains ESCAPE N'\' OR LOWER([p].[Sku]) LIKE @__term_1_contains_1 ESCAPE N'\' OR ([p].[Barcode] IS NOT NULL AND LOWER([p].[Barcode]) LIKE @__term_1_contains_2 ESCAPE N'\'))
    ORDER BY [p].[Name]
) AS [t]
INNER JOIN (
    SELECT [c].[Id], [c].[ColorHex], [c].[CreatedAt], [c].[CreatedBy], [c].[DeletedAt], [c].[DeletedBy], [c].[Description], [c].[DisplayOrder], [c].[ImageUrl], [c].[IsDeleted], [c].[Name], [c].[ParentCategoryId], [c].[ShopId], [c].[UpdatedAt], [c].[UpdatedBy]
    FROM [Categories] AS [c]
    WHERE [c].[IsDeleted] = CAST(0 AS bit)
) AS [t0] ON [t].[CategoryId] = [t0].[Id]
INNER JOIN (
    SELECT [u].[Id], [u].[CreatedAt], [u].[CreatedBy], [u].[DeletedAt], [u].[DeletedBy], [u].[IsDeleted], [u].[Name], [u].[Symbol], [u].[UnitType], [u].[UpdatedAt], [u].[UpdatedBy]
    FROM [UnitOfMeasures] AS [u]
    WHERE [u].[IsDeleted] = CAST(0 AS bit)
) AS [t1] ON [t].[UnitOfMeasureId] = [t1].[Id]
INNER JOIN (
    SELECT [t3].[Id], [t3].[CreatedAt], [t3].[CreatedBy], [t3].[DeletedAt], [t3].[DeletedBy], [t3].[IsActive], [t3].[IsDeleted], [t3].[Name], [t3].[Rate], [t3].[TaxRegime], [t3].[UpdatedAt], [t3].[UpdatedBy]
    FROM [TaxSlabs] AS [t3]
    WHERE [t3].[IsDeleted] = CAST(0 AS bit)
) AS [t2] ON [t].[TaxSlabId] = [t2].[Id]
LEFT JOIN (
    SELECT [p0].[Id], [p0].[AttributeJson], [p0].[Barcode], [p0].[Color], [p0].[CostPrice], [p0].[CreatedAt], [p0].[CreatedBy], [p0].[DeletedAt], [p0].[DeletedBy], [p0].[IsActive], [p0].[IsDeleted], [p0].[Mrp], [p0].[ProductId], [p0].[SellingPrice], [p0].[Size], [p0].[Sku], [p0].[UpdatedAt], [p0].[UpdatedBy], [p0].[VariantName]
    FROM [ProductVariants] AS [p0]
    WHERE [p0].[IsDeleted] = CAST(0 AS bit)
) AS [t4] ON [t].[Id] = [t4].[ProductId]
ORDER BY [t].[Name], [t].[Id], [t0].[Id], [t1].[Id], [t2].[Id]
[19:34:44 INF] Executed DbCommand (10ms) [Parameters=[@__request_ShopId_0='?' (DbType = Guid), @__ids_1='?' (Size = 4000)], CommandType='Text', CommandTimeout='30']
SELECT [i].[ProductId], [i].[ProductVariantId], COALESCE(SUM([i].[QuantityOnHand]), 0.0) AS [Quantity]
FROM [InventoryStocks] AS [i]
WHERE [i].[IsDeleted] = CAST(0 AS bit) AND [i].[ShopId] = @__request_ShopId_0 AND [i].[ProductId] IN (
    SELECT [i0].[value]
    FROM OPENJSON(@__ids_1) WITH ([value] uniqueidentifier '$') AS [i0]
)
GROUP BY [i].[ProductId], [i].[ProductVariantId]
[19:34:44 INF] Executing ObjectResult, writing value of type 'System.Collections.Generic.List`1[[BillEasePro.Application.Dtos.ProductSearchResultDto, BillEasePro.Application, Version=1.0.0.0, Culture=neutral, PublicKeyToken=null]]'.
[19:34:44 INF] Executed action BillEasePro.Api.Controllers.BillingController.SearchProducts (BillEasePro.Api) in 48.0277ms
[19:34:44 INF] Executed endpoint 'BillEasePro.Api.Controllers.BillingController.SearchProducts (BillEasePro.Api)'
[19:34:44 INF] HTTP GET /api/v1/billing/products/search responded 200 in 51.2935 ms
[19:34:44 INF] Request finished HTTP/1.1 GET http://localhost:5244/api/v1/billing/products/search?shopId=10000000-0000-0000-0000-000000000001&term=Pow - 200 null application/json; charset=utf-8 51.9927ms
[19:34:44 INF] Executed DbCommand (7ms) [Parameters=[@__request_ShopId_0='?' (DbType = Guid), @__ids_1='?' (Size = 4000)], CommandType='Text', CommandTimeout='30']
SELECT [i].[ProductId], [i].[ProductVariantId], COALESCE(SUM([i].[QuantityOnHand]), 0.0) AS [Quantity]
FROM [InventoryStocks] AS [i]
WHERE [i].[IsDeleted] = CAST(0 AS bit) AND [i].[ShopId] = @__request_ShopId_0 AND [i].[ProductId] IN (
    SELECT [i0].[value]
    FROM OPENJSON(@__ids_1) WITH ([value] uniqueidentifier '$') AS [i0]
)
GROUP BY [i].[ProductId], [i].[ProductVariantId]
[19:34:44 INF] Executing ObjectResult, writing value of type 'System.Collections.Generic.List`1[[BillEasePro.Application.Dtos.ProductSearchResultDto, BillEasePro.Application, Version=1.0.0.0, Culture=neutral, PublicKeyToken=null]]'.
[19:34:44 INF] Executed action BillEasePro.Api.Controllers.BillingController.SearchProducts (BillEasePro.Api) in 41.6297ms
[19:34:44 INF] Executed endpoint 'BillEasePro.Api.Controllers.BillingController.SearchProducts (BillEasePro.Api)'
[19:34:44 INF] HTTP GET /api/v1/billing/products/search responded 200 in 43.1252 ms
[19:34:44 INF] Request finished HTTP/1.1 GET http://localhost:5244/api/v1/billing/products/search?shopId=10000000-0000-0000-0000-000000000001&term=Po - 200 null application/json; charset=utf-8 44.159ms
[19:34:47 INF] Request starting HTTP/1.1 OPTIONS http://localhost:5244/api/v1/inventory/products?shopId=10000000-0000-0000-0000-000000000001&search= - null null
[19:34:47 INF] Request starting HTTP/1.1 OPTIONS http://localhost:5244/api/v1/inventory/lookup?shopId=10000000-0000-0000-0000-000000000001 - null null
[19:34:47 INF] CORS policy execution successful.
[19:34:47 INF] CORS policy execution successful.
[19:34:47 INF] HTTP OPTIONS /api/v1/inventory/products responded 204 in 0.7165 ms
[19:34:47 INF] HTTP OPTIONS /api/v1/inventory/lookup responded 204 in 0.9532 ms
[19:34:47 INF] Request finished HTTP/1.1 OPTIONS http://localhost:5244/api/v1/inventory/lookup?shopId=10000000-0000-0000-0000-000000000001 - 204 null null 12.7098ms
[19:34:47 INF] Request finished HTTP/1.1 OPTIONS http://localhost:5244/api/v1/inventory/products?shopId=10000000-0000-0000-0000-000000000001&search= - 204 null null 12.5556ms
[19:34:47 INF] Request starting HTTP/1.1 GET http://localhost:5244/api/v1/inventory/products?shopId=10000000-0000-0000-0000-000000000001&search= - null null
[19:34:47 INF] CORS policy execution successful.
[19:34:47 INF] Request starting HTTP/1.1 GET http://localhost:5244/api/v1/inventory/lookup?shopId=10000000-0000-0000-0000-000000000001 - null null
[19:34:47 INF] CORS policy execution successful.
[19:34:47 INF] Executing endpoint 'BillEasePro.Api.Controllers.InventoryController.Products (BillEasePro.Api)'
[19:34:47 INF] Executing endpoint 'BillEasePro.Api.Controllers.InventoryController.Lookup (BillEasePro.Api)'
[19:34:47 INF] Route matched with {action = "Products", controller = "Inventory"}. Executing controller action with signature System.Threading.Tasks.Task`1[System.Collections.Generic.IReadOnlyList`1[BillEasePro.Application.Dtos.InventoryProductListItemDto]] Products(System.Guid, System.String, System.Threading.CancellationToken) on controller BillEasePro.Api.Controllers.InventoryController (BillEasePro.Api).
[19:34:47 INF] Route matched with {action = "Lookup", controller = "Inventory"}. Executing controller action with signature System.Threading.Tasks.Task`1[BillEasePro.Application.Dtos.InventoryLookupDto] Lookup(System.Guid, System.Threading.CancellationToken) on controller BillEasePro.Api.Controllers.InventoryController (BillEasePro.Api).
[19:34:47 INF] Executed DbCommand (5ms) [Parameters=[@__request_ShopId_0='?' (DbType = Guid)], CommandType='Text', CommandTimeout='30']
SELECT [c].[Id], [c].[ShopId], [c].[Name], [c].[Description], [c].[ParentCategoryId]
FROM [Categories] AS [c]
WHERE [c].[IsDeleted] = CAST(0 AS bit) AND [c].[ShopId] = @__request_ShopId_0
ORDER BY [c].[DisplayOrder], [c].[Name]
[19:34:47 INF] Executed DbCommand (3ms) [Parameters=[], CommandType='Text', CommandTimeout='30']
SELECT [u].[Id], [u].[Name], [u].[Symbol], [u].[UnitType]
FROM [UnitOfMeasures] AS [u]
WHERE [u].[IsDeleted] = CAST(0 AS bit)
ORDER BY [u].[Name]
[19:34:47 INF] Executed DbCommand (5ms) [Parameters=[], CommandType='Text', CommandTimeout='30']
SELECT [t].[Id], [t].[Name], [t].[Rate], [t].[TaxRegime], [t].[IsActive]
FROM [TaxSlabs] AS [t]
WHERE [t].[IsDeleted] = CAST(0 AS bit) AND [t].[IsActive] = CAST(1 AS bit)
ORDER BY [t].[Rate]
[19:34:47 INF] Executed DbCommand (18ms) [Parameters=[@__p_1='?' (DbType = Int32), @__request_ShopId_0='?' (DbType = Guid)], CommandType='Text', CommandTimeout='30']
SELECT [t].[Id], [t].[Barcode], [t].[BatchTracking], [t].[Brand], [t].[CategoryId], [t].[Composition], [t].[CostPrice], [t].[CreatedAt], [t].[CreatedBy], [t].[DeletedAt], [t].[DeletedBy], [t].[ExpiryTracking], [t].[FoodType], [t].[HsnSacCode], [t].[ImageUrl], [t].[IsActive], [t].[IsDeleted], [t].[IsFeatured], [t].[IsStockTracked], [t].[IsTaxInclusive], [t].[LowStockThreshold], [t].[Manufacturer], [t].[MaxDiscountPercent], [t].[MaxStockThreshold], [t].[Mrp], [t].[Name], [t].[PortionSize], [t].[PreparationTimeMinutes], [t].[RecipeCost], [t].[ReorderQuantity], [t].[RequiresPrescription], [t].[SellingPrice], [t].[ShopId], [t].[Sku], [t].[SubCategory], [t].[TaxSlabId], [t].[UnitOfMeasureId], [t].[UpdatedAt], [t].[UpdatedBy], [t].[WholesalePrice], [t0].[Id], [t0].[ColorHex], [t0].[CreatedAt], [t0].[CreatedBy], [t0].[DeletedAt], [t0].[DeletedBy], [t0].[Description], [t0].[DisplayOrder], [t0].[ImageUrl], [t0].[IsDeleted], [t0].[Name], [t0].[ParentCategoryId], [t0].[ShopId], [t0].[UpdatedAt], [t0].[UpdatedBy], [t1].[Id], [t1].[CreatedAt], [t1].[CreatedBy], [t1].[DeletedAt], [t1].[DeletedBy], [t1].[IsDeleted], [t1].[Name], [t1].[Symbol], [t1].[UnitType], [t1].[UpdatedAt], [t1].[UpdatedBy], [t2].[Id], [t2].[CreatedAt], [t2].[CreatedBy], [t2].[DeletedAt], [t2].[DeletedBy], [t2].[IsActive], [t2].[IsDeleted], [t2].[Name], [t2].[Rate], [t2].[TaxRegime], [t2].[UpdatedAt], [t2].[UpdatedBy]
FROM (
    SELECT TOP(@__p_1) [p].[Id], [p].[Barcode], [p].[BatchTracking], [p].[Brand], [p].[CategoryId], [p].[Composition], [p].[CostPrice], [p].[CreatedAt], [p].[CreatedBy], [p].[DeletedAt], [p].[DeletedBy], [p].[ExpiryTracking], [p].[FoodType], [p].[HsnSacCode], [p].[ImageUrl], [p].[IsActive], [p].[IsDeleted], [p].[IsFeatured], [p].[IsStockTracked], [p].[IsTaxInclusive], [p].[LowStockThreshold], [p].[Manufacturer], [p].[MaxDiscountPercent], [p].[MaxStockThreshold], [p].[Mrp], [p].[Name], [p].[PortionSize], [p].[PreparationTimeMinutes], [p].[RecipeCost], [p].[ReorderQuantity], [p].[RequiresPrescription], [p].[SellingPrice], [p].[ShopId], [p].[Sku], [p].[SubCategory], [p].[TaxSlabId], [p].[UnitOfMeasureId], [p].[UpdatedAt], [p].[UpdatedBy], [p].[WholesalePrice]
    FROM [Products] AS [p]
    WHERE [p].[IsDeleted] = CAST(0 AS bit) AND [p].[ShopId] = @__request_ShopId_0
    ORDER BY [p].[Name]
) AS [t]
INNER JOIN (
    SELECT [c].[Id], [c].[ColorHex], [c].[CreatedAt], [c].[CreatedBy], [c].[DeletedAt], [c].[DeletedBy], [c].[Description], [c].[DisplayOrder], [c].[ImageUrl], [c].[IsDeleted], [c].[Name], [c].[ParentCategoryId], [c].[ShopId], [c].[UpdatedAt], [c].[UpdatedBy]
    FROM [Categories] AS [c]
    WHERE [c].[IsDeleted] = CAST(0 AS bit)
) AS [t0] ON [t].[CategoryId] = [t0].[Id]
INNER JOIN (
    SELECT [u].[Id], [u].[CreatedAt], [u].[CreatedBy], [u].[DeletedAt], [u].[DeletedBy], [u].[IsDeleted], [u].[Name], [u].[Symbol], [u].[UnitType], [u].[UpdatedAt], [u].[UpdatedBy]
    FROM [UnitOfMeasures] AS [u]
    WHERE [u].[IsDeleted] = CAST(0 AS bit)
) AS [t1] ON [t].[UnitOfMeasureId] = [t1].[Id]
INNER JOIN (
    SELECT [t3].[Id], [t3].[CreatedAt], [t3].[CreatedBy], [t3].[DeletedAt], [t3].[DeletedBy], [t3].[IsActive], [t3].[IsDeleted], [t3].[Name], [t3].[Rate], [t3].[TaxRegime], [t3].[UpdatedAt], [t3].[UpdatedBy]
    FROM [TaxSlabs] AS [t3]
    WHERE [t3].[IsDeleted] = CAST(0 AS bit)
) AS [t2] ON [t].[TaxSlabId] = [t2].[Id]
ORDER BY [t].[Name]
[19:34:47 INF] Executed DbCommand (5ms) [Parameters=[@__request_ShopId_0='?' (DbType = Guid)], CommandType='Text', CommandTimeout='30']
SELECT [s].[Id], [s].[Name], [s].[Phone], [s].[Email], [s].[OutstandingBalance]
FROM [Suppliers] AS [s]
WHERE [s].[IsDeleted] = CAST(0 AS bit) AND [s].[ShopId] = @__request_ShopId_0
ORDER BY [s].[Name]
[19:34:47 INF] Executing ObjectResult, writing value of type 'BillEasePro.Application.Dtos.InventoryLookupDto'.
[19:34:47 INF] Executed action BillEasePro.Api.Controllers.InventoryController.Lookup (BillEasePro.Api) in 28.5596ms
[19:34:47 INF] Executed endpoint 'BillEasePro.Api.Controllers.InventoryController.Lookup (BillEasePro.Api)'
[19:34:47 INF] HTTP GET /api/v1/inventory/lookup responded 200 in 36.3684 ms
[19:34:47 INF] Request finished HTTP/1.1 GET http://localhost:5244/api/v1/inventory/lookup?shopId=10000000-0000-0000-0000-000000000001 - 200 null application/json; charset=utf-8 37.6592ms
[19:34:47 INF] Executed DbCommand (14ms) [Parameters=[@__request_ShopId_0='?' (DbType = Guid), @__ids_1='?' (Size = 4000)], CommandType='Text', CommandTimeout='30']
SELECT [i].[ProductId], COALESCE(SUM([i].[QuantityOnHand]), 0.0) AS [Qty]
FROM [InventoryStocks] AS [i]
WHERE [i].[IsDeleted] = CAST(0 AS bit) AND [i].[ShopId] = @__request_ShopId_0 AND [i].[ProductId] IN (
    SELECT [i0].[value]
    FROM OPENJSON(@__ids_1) WITH ([value] uniqueidentifier '$') AS [i0]
)
GROUP BY [i].[ProductId]
[19:34:47 INF] Executing ObjectResult, writing value of type 'System.Collections.Generic.List`1[[BillEasePro.Application.Dtos.InventoryProductListItemDto, BillEasePro.Application, Version=1.0.0.0, Culture=neutral, PublicKeyToken=null]]'.
[19:34:47 INF] Executed action BillEasePro.Api.Controllers.InventoryController.Products (BillEasePro.Api) in 47.4228ms
[19:34:47 INF] Executed endpoint 'BillEasePro.Api.Controllers.InventoryController.Products (BillEasePro.Api)'
[19:34:47 INF] HTTP GET /api/v1/inventory/products responded 200 in 54.4858 ms
[19:34:47 INF] Request finished HTTP/1.1 GET http://localhost:5244/api/v1/inventory/products?shopId=10000000-0000-0000-0000-000000000001&search= - 200 null application/json; charset=utf-8 55.3812ms
[19:34:51 INF] Request starting HTTP/1.1 OPTIONS http://localhost:5244/api/v1/inventory/products/70000000-0000-0000-0000-000000000007 - null null
[19:34:51 INF] CORS policy execution successful.
[19:34:51 INF] HTTP OPTIONS /api/v1/inventory/products/70000000-0000-0000-0000-000000000007 responded 204 in 0.7377 ms
[19:34:51 INF] Request finished HTTP/1.1 OPTIONS http://localhost:5244/api/v1/inventory/products/70000000-0000-0000-0000-000000000007 - 204 null null 17.5701ms
[19:34:51 INF] Request starting HTTP/1.1 GET http://localhost:5244/api/v1/inventory/products/70000000-0000-0000-0000-000000000007 - null null
[19:34:51 INF] CORS policy execution successful.
[19:34:51 INF] Executing endpoint 'BillEasePro.Api.Controllers.InventoryController.Product (BillEasePro.Api)'
[19:34:51 INF] Route matched with {action = "Product", controller = "Inventory"}. Executing controller action with signature System.Threading.Tasks.Task`1[BillEasePro.Application.Dtos.InventoryProductDetailDto] Product(System.Guid, System.Threading.CancellationToken) on controller BillEasePro.Api.Controllers.InventoryController (BillEasePro.Api).
[19:34:51 INF] Executed DbCommand (16ms) [Parameters=[@__request_Id_0='?' (DbType = Guid)], CommandType='Text', CommandTimeout='30']
SELECT [t0].[Id], [t0].[Barcode], [t0].[BatchTracking], [t0].[Brand], [t0].[CategoryId], [t0].[Composition], [t0].[CostPrice], [t0].[CreatedAt], [t0].[CreatedBy], [t0].[DeletedAt], [t0].[DeletedBy], [t0].[ExpiryTracking], [t0].[FoodType], [t0].[HsnSacCode], [t0].[ImageUrl], [t0].[IsActive], [t0].[IsDeleted], [t0].[IsFeatured], [t0].[IsStockTracked], [t0].[IsTaxInclusive], [t0].[LowStockThreshold], [t0].[Manufacturer], [t0].[MaxDiscountPercent], [t0].[MaxStockThreshold], [t0].[Mrp], [t0].[Name], [t0].[PortionSize], [t0].[PreparationTimeMinutes], [t0].[RecipeCost], [t0].[ReorderQuantity], [t0].[RequiresPrescription], [t0].[SellingPrice], [t0].[ShopId], [t0].[Sku], [t0].[SubCategory], [t0].[TaxSlabId], [t0].[UnitOfMeasureId], [t0].[UpdatedAt], [t0].[UpdatedBy], [t0].[WholesalePrice], [t0].[Id0], [t0].[ColorHex], [t0].[CreatedAt0], [t0].[CreatedBy0], [t0].[DeletedAt0], [t0].[DeletedBy0], [t0].[Description], [t0].[DisplayOrder], [t0].[ImageUrl0], [t0].[IsDeleted0], [t0].[Name0], [t0].[ParentCategoryId], [t0].[ShopId0], [t0].[UpdatedAt0], [t0].[UpdatedBy0], [t1].[Id], [t1].[AttributeJson], [t1].[Barcode], [t1].[Color], [t1].[CostPrice], [t1].[CreatedAt], [t1].[CreatedBy], [t1].[DeletedAt], [t1].[DeletedBy], [t1].[IsActive], [t1].[IsDeleted], [t1].[Mrp], [t1].[ProductId], [t1].[SellingPrice], [t1].[Size], [t1].[Sku], [t1].[UpdatedAt], [t1].[UpdatedBy], [t1].[VariantName]
FROM (
    SELECT TOP(1) [p].[Id], [p].[Barcode], [p].[BatchTracking], [p].[Brand], [p].[CategoryId], [p].[Composition], [p].[CostPrice], [p].[CreatedAt], [p].[CreatedBy], [p].[DeletedAt], [p].[DeletedBy], [p].[ExpiryTracking], [p].[FoodType], [p].[HsnSacCode], [p].[ImageUrl], [p].[IsActive], [p].[IsDeleted], [p].[IsFeatured], [p].[IsStockTracked], [p].[IsTaxInclusive], [p].[LowStockThreshold], [p].[Manufacturer], [p].[MaxDiscountPercent], [p].[MaxStockThreshold], [p].[Mrp], [p].[Name], [p].[PortionSize], [p].[PreparationTimeMinutes], [p].[RecipeCost], [p].[ReorderQuantity], [p].[RequiresPrescription], [p].[SellingPrice], [p].[ShopId], [p].[Sku], [p].[SubCategory], [p].[TaxSlabId], [p].[UnitOfMeasureId], [p].[UpdatedAt], [p].[UpdatedBy], [p].[WholesalePrice], [t].[Id] AS [Id0], [t].[ColorHex], [t].[CreatedAt] AS [CreatedAt0], [t].[CreatedBy] AS [CreatedBy0], [t].[DeletedAt] AS [DeletedAt0], [t].[DeletedBy] AS [DeletedBy0], [t].[Description], [t].[DisplayOrder], [t].[ImageUrl] AS [ImageUrl0], [t].[IsDeleted] AS [IsDeleted0], [t].[Name] AS [Name0], [t].[ParentCategoryId], [t].[ShopId] AS [ShopId0], [t].[UpdatedAt] AS [UpdatedAt0], [t].[UpdatedBy] AS [UpdatedBy0]
    FROM [Products] AS [p]
    INNER JOIN (
        SELECT [c].[Id], [c].[ColorHex], [c].[CreatedAt], [c].[CreatedBy], [c].[DeletedAt], [c].[DeletedBy], [c].[Description], [c].[DisplayOrder], [c].[ImageUrl], [c].[IsDeleted], [c].[Name], [c].[ParentCategoryId], [c].[ShopId], [c].[UpdatedAt], [c].[UpdatedBy]
        FROM [Categories] AS [c]
        WHERE [c].[IsDeleted] = CAST(0 AS bit)
    ) AS [t] ON [p].[CategoryId] = [t].[Id]
    WHERE [p].[IsDeleted] = CAST(0 AS bit) AND [p].[Id] = @__request_Id_0
) AS [t0]
LEFT JOIN (
    SELECT [p0].[Id], [p0].[AttributeJson], [p0].[Barcode], [p0].[Color], [p0].[CostPrice], [p0].[CreatedAt], [p0].[CreatedBy], [p0].[DeletedAt], [p0].[DeletedBy], [p0].[IsActive], [p0].[IsDeleted], [p0].[Mrp], [p0].[ProductId], [p0].[SellingPrice], [p0].[Size], [p0].[Sku], [p0].[UpdatedAt], [p0].[UpdatedBy], [p0].[VariantName]
    FROM [ProductVariants] AS [p0]
    WHERE [p0].[IsDeleted] = CAST(0 AS bit)
) AS [t1] ON [t0].[Id] = [t1].[ProductId]
ORDER BY [t0].[Id], [t0].[Id0]
[19:34:51 INF] Executed DbCommand (5ms) [Parameters=[@__product_ShopId_0='?' (DbType = Guid), @__product_Id_1='?' (DbType = Guid)], CommandType='Text', CommandTimeout='30']
SELECT COALESCE(SUM([i].[QuantityOnHand]), 0.0)
FROM [InventoryStocks] AS [i]
WHERE [i].[IsDeleted] = CAST(0 AS bit) AND [i].[ShopId] = @__product_ShopId_0 AND [i].[ProductId] = @__product_Id_1
[19:34:51 INF] Executing ObjectResult, writing value of type 'BillEasePro.Application.Dtos.InventoryProductDetailDto'.
[19:34:51 INF] Executed action BillEasePro.Api.Controllers.InventoryController.Product (BillEasePro.Api) in 26.9848ms
[19:34:51 INF] Executed endpoint 'BillEasePro.Api.Controllers.InventoryController.Product (BillEasePro.Api)'
[19:34:51 INF] HTTP GET /api/v1/inventory/products/70000000-0000-0000-0000-000000000007 responded 200 in 29.4177 ms
[19:34:51 INF] Request finished HTTP/1.1 GET http://localhost:5244/api/v1/inventory/products/70000000-0000-0000-0000-000000000007 - 200 null application/json; charset=utf-8 30.3037ms
[19:34:58 INF] Request starting HTTP/1.1 OPTIONS http://localhost:5244/api/v1/billing/products/search?shopId=10000000-0000-0000-0000-000000000001&term=Cotton - null null
[19:34:58 INF] CORS policy execution successful.
[19:34:58 INF] HTTP OPTIONS /api/v1/billing/products/search responded 204 in 0.2586 ms
[19:34:58 INF] Request finished HTTP/1.1 OPTIONS http://localhost:5244/api/v1/billing/products/search?shopId=10000000-0000-0000-0000-000000000001&term=Cotton - 204 null null 0.9903ms
[19:34:58 INF] Request starting HTTP/1.1 GET http://localhost:5244/api/v1/billing/products/search?shopId=10000000-0000-0000-0000-000000000001&term=Cotton - null null
[19:34:58 INF] CORS policy execution successful.
[19:34:58 INF] Executing endpoint 'BillEasePro.Api.Controllers.BillingController.SearchProducts (BillEasePro.Api)'
[19:34:58 INF] Route matched with {action = "SearchProducts", controller = "Billing"}. Executing controller action with signature System.Threading.Tasks.Task`1[System.Collections.Generic.IReadOnlyList`1[BillEasePro.Application.Dtos.ProductSearchResultDto]] SearchProducts(System.Guid, System.String, System.Threading.CancellationToken) on controller BillEasePro.Api.Controllers.BillingController (BillEasePro.Api).
[19:34:58 INF] Executed DbCommand (39ms) [Parameters=[@__p_2='?' (DbType = Int32), @__request_ShopId_0='?' (DbType = Guid), @__term_1_contains='?' (Size = 220), @__term_1_contains_1='?' (Size = 80), @__term_1_contains_2='?' (Size = 450)], CommandType='Text', CommandTimeout='30']
SELECT [t].[Id], [t].[Barcode], [t].[BatchTracking], [t].[Brand], [t].[CategoryId], [t].[Composition], [t].[CostPrice], [t].[CreatedAt], [t].[CreatedBy], [t].[DeletedAt], [t].[DeletedBy], [t].[ExpiryTracking], [t].[FoodType], [t].[HsnSacCode], [t].[ImageUrl], [t].[IsActive], [t].[IsDeleted], [t].[IsFeatured], [t].[IsStockTracked], [t].[IsTaxInclusive], [t].[LowStockThreshold], [t].[Manufacturer], [t].[MaxDiscountPercent], [t].[MaxStockThreshold], [t].[Mrp], [t].[Name], [t].[PortionSize], [t].[PreparationTimeMinutes], [t].[RecipeCost], [t].[ReorderQuantity], [t].[RequiresPrescription], [t].[SellingPrice], [t].[ShopId], [t].[Sku], [t].[SubCategory], [t].[TaxSlabId], [t].[UnitOfMeasureId], [t].[UpdatedAt], [t].[UpdatedBy], [t].[WholesalePrice], [t0].[Id], [t0].[ColorHex], [t0].[CreatedAt], [t0].[CreatedBy], [t0].[DeletedAt], [t0].[DeletedBy], [t0].[Description], [t0].[DisplayOrder], [t0].[ImageUrl], [t0].[IsDeleted], [t0].[Name], [t0].[ParentCategoryId], [t0].[ShopId], [t0].[UpdatedAt], [t0].[UpdatedBy], [t1].[Id], [t1].[CreatedAt], [t1].[CreatedBy], [t1].[DeletedAt], [t1].[DeletedBy], [t1].[IsDeleted], [t1].[Name], [t1].[Symbol], [t1].[UnitType], [t1].[UpdatedAt], [t1].[UpdatedBy], [t2].[Id], [t2].[CreatedAt], [t2].[CreatedBy], [t2].[DeletedAt], [t2].[DeletedBy], [t2].[IsActive], [t2].[IsDeleted], [t2].[Name], [t2].[Rate], [t2].[TaxRegime], [t2].[UpdatedAt], [t2].[UpdatedBy], [t4].[Id], [t4].[AttributeJson], [t4].[Barcode], [t4].[Color], [t4].[CostPrice], [t4].[CreatedAt], [t4].[CreatedBy], [t4].[DeletedAt], [t4].[DeletedBy], [t4].[IsActive], [t4].[IsDeleted], [t4].[Mrp], [t4].[ProductId], [t4].[SellingPrice], [t4].[Size], [t4].[Sku], [t4].[UpdatedAt], [t4].[UpdatedBy], [t4].[VariantName]
FROM (
    SELECT TOP(@__p_2) [p].[Id], [p].[Barcode], [p].[BatchTracking], [p].[Brand], [p].[CategoryId], [p].[Composition], [p].[CostPrice], [p].[CreatedAt], [p].[CreatedBy], [p].[DeletedAt], [p].[DeletedBy], [p].[ExpiryTracking], [p].[FoodType], [p].[HsnSacCode], [p].[ImageUrl], [p].[IsActive], [p].[IsDeleted], [p].[IsFeatured], [p].[IsStockTracked], [p].[IsTaxInclusive], [p].[LowStockThreshold], [p].[Manufacturer], [p].[MaxDiscountPercent], [p].[MaxStockThreshold], [p].[Mrp], [p].[Name], [p].[PortionSize], [p].[PreparationTimeMinutes], [p].[RecipeCost], [p].[ReorderQuantity], [p].[RequiresPrescription], [p].[SellingPrice], [p].[ShopId], [p].[Sku], [p].[SubCategory], [p].[TaxSlabId], [p].[UnitOfMeasureId], [p].[UpdatedAt], [p].[UpdatedBy], [p].[WholesalePrice]
    FROM [Products] AS [p]
    WHERE [p].[IsDeleted] = CAST(0 AS bit) AND [p].[ShopId] = @__request_ShopId_0 AND [p].[IsActive] = CAST(1 AS bit) AND (LOWER([p].[Name]) LIKE @__term_1_contains ESCAPE N'\' OR LOWER([p].[Sku]) LIKE @__term_1_contains_1 ESCAPE N'\' OR ([p].[Barcode] IS NOT NULL AND LOWER([p].[Barcode]) LIKE @__term_1_contains_2 ESCAPE N'\'))
    ORDER BY [p].[Name]
) AS [t]
INNER JOIN (
    SELECT [c].[Id], [c].[ColorHex], [c].[CreatedAt], [c].[CreatedBy], [c].[DeletedAt], [c].[DeletedBy], [c].[Description], [c].[DisplayOrder], [c].[ImageUrl], [c].[IsDeleted], [c].[Name], [c].[ParentCategoryId], [c].[ShopId], [c].[UpdatedAt], [c].[UpdatedBy]
    FROM [Categories] AS [c]
    WHERE [c].[IsDeleted] = CAST(0 AS bit)
) AS [t0] ON [t].[CategoryId] = [t0].[Id]
INNER JOIN (
    SELECT [u].[Id], [u].[CreatedAt], [u].[CreatedBy], [u].[DeletedAt], [u].[DeletedBy], [u].[IsDeleted], [u].[Name], [u].[Symbol], [u].[UnitType], [u].[UpdatedAt], [u].[UpdatedBy]
    FROM [UnitOfMeasures] AS [u]
    WHERE [u].[IsDeleted] = CAST(0 AS bit)
) AS [t1] ON [t].[UnitOfMeasureId] = [t1].[Id]
INNER JOIN (
    SELECT [t3].[Id], [t3].[CreatedAt], [t3].[CreatedBy], [t3].[DeletedAt], [t3].[DeletedBy], [t3].[IsActive], [t3].[IsDeleted], [t3].[Name], [t3].[Rate], [t3].[TaxRegime], [t3].[UpdatedAt], [t3].[UpdatedBy]
    FROM [TaxSlabs] AS [t3]
    WHERE [t3].[IsDeleted] = CAST(0 AS bit)
) AS [t2] ON [t].[TaxSlabId] = [t2].[Id]
LEFT JOIN (
    SELECT [p0].[Id], [p0].[AttributeJson], [p0].[Barcode], [p0].[Color], [p0].[CostPrice], [p0].[CreatedAt], [p0].[CreatedBy], [p0].[DeletedAt], [p0].[DeletedBy], [p0].[IsActive], [p0].[IsDeleted], [p0].[Mrp], [p0].[ProductId], [p0].[SellingPrice], [p0].[Size], [p0].[Sku], [p0].[UpdatedAt], [p0].[UpdatedBy], [p0].[VariantName]
    FROM [ProductVariants] AS [p0]
    WHERE [p0].[IsDeleted] = CAST(0 AS bit)
) AS [t4] ON [t].[Id] = [t4].[ProductId]
ORDER BY [t].[Name], [t].[Id], [t0].[Id], [t1].[Id], [t2].[Id]
[19:34:58 INF] Executed DbCommand (12ms) [Parameters=[@__request_ShopId_0='?' (DbType = Guid), @__ids_1='?' (Size = 4000)], CommandType='Text', CommandTimeout='30']
SELECT [i].[ProductId], [i].[ProductVariantId], COALESCE(SUM([i].[QuantityOnHand]), 0.0) AS [Quantity]
FROM [InventoryStocks] AS [i]
WHERE [i].[IsDeleted] = CAST(0 AS bit) AND [i].[ShopId] = @__request_ShopId_0 AND [i].[ProductId] IN (
    SELECT [i0].[value]
    FROM OPENJSON(@__ids_1) WITH ([value] uniqueidentifier '$') AS [i0]
)
GROUP BY [i].[ProductId], [i].[ProductVariantId]
[19:34:58 INF] Executing ObjectResult, writing value of type 'System.Collections.Generic.List`1[[BillEasePro.Application.Dtos.ProductSearchResultDto, BillEasePro.Application, Version=1.0.0.0, Culture=neutral, PublicKeyToken=null]]'.
[19:34:58 INF] Executed action BillEasePro.Api.Controllers.BillingController.SearchProducts (BillEasePro.Api) in 60.5794ms
[19:34:58 INF] Executed endpoint 'BillEasePro.Api.Controllers.BillingController.SearchProducts (BillEasePro.Api)'
[19:34:58 INF] HTTP GET /api/v1/billing/products/search responded 200 in 65.7141 ms
[19:34:58 INF] Request finished HTTP/1.1 GET http://localhost:5244/api/v1/billing/products/search?shopId=10000000-0000-0000-0000-000000000001&term=Cotton - 200 null application/json; charset=utf-8 67.0541ms
[19:34:59 INF] Request starting HTTP/1.1 OPTIONS http://localhost:5244/api/v1/billing/quote - null null
[19:34:59 INF] CORS policy execution successful.
[19:34:59 INF] HTTP OPTIONS /api/v1/billing/quote responded 204 in 1.0394 ms
[19:34:59 INF] Request finished HTTP/1.1 OPTIONS http://localhost:5244/api/v1/billing/quote - 204 null null 3.4276ms
[19:34:59 INF] Request starting HTTP/1.1 POST http://localhost:5244/api/v1/billing/quote - application/json 318
[19:34:59 INF] CORS policy execution successful.
[19:34:59 INF] Executing endpoint 'BillEasePro.Api.Controllers.BillingController.Quote (BillEasePro.Api)'
[19:34:59 INF] Route matched with {action = "Quote", controller = "Billing"}. Executing controller action with signature System.Threading.Tasks.Task`1[BillEasePro.Application.Dtos.BillQuoteDto] Quote(BillEasePro.Application.Dtos.BillQuoteRequest, System.Threading.CancellationToken) on controller BillEasePro.Api.Controllers.BillingController (BillEasePro.Api).
[19:34:59 INF] Executed DbCommand (28ms) [Parameters=[@__productIds_0='?' (Size = 4000)], CommandType='Text', CommandTimeout='30']
SELECT [p].[Id], [p].[Barcode], [p].[BatchTracking], [p].[Brand], [p].[CategoryId], [p].[Composition], [p].[CostPrice], [p].[CreatedAt], [p].[CreatedBy], [p].[DeletedAt], [p].[DeletedBy], [p].[ExpiryTracking], [p].[FoodType], [p].[HsnSacCode], [p].[ImageUrl], [p].[IsActive], [p].[IsDeleted], [p].[IsFeatured], [p].[IsStockTracked], [p].[IsTaxInclusive], [p].[LowStockThreshold], [p].[Manufacturer], [p].[MaxDiscountPercent], [p].[MaxStockThreshold], [p].[Mrp], [p].[Name], [p].[PortionSize], [p].[PreparationTimeMinutes], [p].[RecipeCost], [p].[ReorderQuantity], [p].[RequiresPrescription], [p].[SellingPrice], [p].[ShopId], [p].[Sku], [p].[SubCategory], [p].[TaxSlabId], [p].[UnitOfMeasureId], [p].[UpdatedAt], [p].[UpdatedBy], [p].[WholesalePrice], [t0].[Id], [t0].[CreatedAt], [t0].[CreatedBy], [t0].[DeletedAt], [t0].[DeletedBy], [t0].[IsActive], [t0].[IsDeleted], [t0].[Name], [t0].[Rate], [t0].[TaxRegime], [t0].[UpdatedAt], [t0].[UpdatedBy]
FROM [Products] AS [p]
INNER JOIN (
    SELECT [t].[Id], [t].[CreatedAt], [t].[CreatedBy], [t].[DeletedAt], [t].[DeletedBy], [t].[IsActive], [t].[IsDeleted], [t].[Name], [t].[Rate], [t].[TaxRegime], [t].[UpdatedAt], [t].[UpdatedBy]
    FROM [TaxSlabs] AS [t]
    WHERE [t].[IsDeleted] = CAST(0 AS bit)
) AS [t0] ON [p].[TaxSlabId] = [t0].[Id]
WHERE [p].[IsDeleted] = CAST(0 AS bit) AND [p].[Id] IN (
    SELECT [p0].[value]
    FROM OPENJSON(@__productIds_0) WITH ([value] uniqueidentifier '$') AS [p0]
)
[19:34:59 INF] Executed DbCommand (5ms) [Parameters=[@__id_0='?' (DbType = Guid)], CommandType='Text', CommandTimeout='30']
SELECT TOP(1) [s].[Id], [s].[AddressLine1], [s].[AddressLine2], [s].[City], [s].[Country], [s].[CreatedAt], [s].[CreatedBy], [s].[CurrencyCode], [s].[DeletedAt], [s].[DeletedBy], [s].[Email], [s].[IndustryType], [s].[IsDeleted], [s].[LegalName], [s].[LogoUrl], [s].[Name], [s].[Phone], [s].[PostalCode], [s].[State], [s].[TaxRegime], [s].[TaxRegistrationNumber], [s].[UpdatedAt], [s].[UpdatedBy]
FROM [Shops] AS [s]
WHERE [s].[IsDeleted] = CAST(0 AS bit) AND [s].[Id] = @__id_0
[19:34:59 INF] Executed action BillEasePro.Api.Controllers.BillingController.Quote (BillEasePro.Api) in 49.6823ms
[19:34:59 INF] Executed endpoint 'BillEasePro.Api.Controllers.BillingController.Quote (BillEasePro.Api)'
[19:34:59 ERR] Unhandled API exception
System.InvalidOperationException: Cannot create a DbSet for 'ShopSetting' because this type is not included in the model for the context.
   at Microsoft.EntityFrameworkCore.Internal.InternalDbSet`1.get_EntityType()
   at Microsoft.EntityFrameworkCore.Internal.InternalDbSet`1.get_EntityQueryable()
   at Microsoft.EntityFrameworkCore.Internal.InternalDbSet`1.System.Linq.IQueryable.get_Provider()
   at System.Linq.Queryable.Where[TSource](IQueryable`1 source, Expression`1 predicate)
   at BillEasePro.Application.Features.Billing.BillingCalculator.CalculateAsync(IRepository`1 products, IRepository`1 coupons, IRepository`1 shops, IRepository`1 settings, Guid shopId, IReadOnlyList`1 items, Nullable`1 billDiscountType, Decimal billDiscountValue, String couponCode, Boolean isInterstate, Decimal amountTendered, CancellationToken cancellationToken) in C:\Dev\Billing Sw\src\BillEasePro.Application\Features\Billing\BillOperationsCommands.cs:line 637
   at BillEasePro.Application.Features.Billing.QuoteBillCommandHandler.Handle(QuoteBillCommand request, CancellationToken cancellationToken) in C:\Dev\Billing Sw\src\BillEasePro.Application\Features\Billing\BillOperationsCommands.cs:line 176
   at BillEasePro.Application.Validation.ValidationBehavior`2.Handle(TRequest request, RequestHandlerDelegate`1 next, CancellationToken cancellationToken) in C:\Dev\Billing Sw\src\BillEasePro.Application\Validation\ValidationBehavior.cs:line 15
   at lambda_method1800(Closure, Object)
   at Microsoft.AspNetCore.Mvc.Infrastructure.ActionMethodExecutor.AwaitableObjectResultExecutor.Execute(ActionContext actionContext, IActionResultTypeMapper mapper, ObjectMethodExecutor executor, Object controller, Object[] arguments)
   at Microsoft.AspNetCore.Mvc.Infrastructure.ControllerActionInvoker.<InvokeActionMethodAsync>g__Awaited|12_0(ControllerActionInvoker invoker, ValueTask`1 actionResultValueTask)
   at Microsoft.AspNetCore.Mvc.Infrastructure.ControllerActionInvoker.<InvokeNextActionFilterAsync>g__Awaited|10_0(ControllerActionInvoker invoker, Task lastTask, State next, Scope scope, Object state, Boolean isCompleted)
   at Microsoft.AspNetCore.Mvc.Infrastructure.ControllerActionInvoker.Rethrow(ActionExecutedContextSealed context)
   at Microsoft.AspNetCore.Mvc.Infrastructure.ControllerActionInvoker.Next(State& next, Scope& scope, Object& state, Boolean& isCompleted)
   at Microsoft.AspNetCore.Mvc.Infrastructure.ControllerActionInvoker.<InvokeInnerFilterAsync>g__Awaited|13_0(ControllerActionInvoker invoker, Task lastTask, State next, Scope scope, Object state, Boolean isCompleted)
   at Microsoft.AspNetCore.Mvc.Infrastructure.ResourceInvoker.<InvokeFilterPipelineAsync>g__Awaited|20_0(ResourceInvoker invoker, Task lastTask, State next, Scope scope, Object state, Boolean isCompleted)
   at Microsoft.AspNetCore.Mvc.Infrastructure.ResourceInvoker.<InvokeAsync>g__Logged|17_1(ResourceInvoker invoker)
   at Microsoft.AspNetCore.Mvc.Infrastructure.ResourceInvoker.<InvokeAsync>g__Logged|17_1(ResourceInvoker invoker)
   at Microsoft.AspNetCore.Routing.EndpointMiddleware.<Invoke>g__AwaitRequestTask|7_0(Endpoint endpoint, Task requestTask, ILogger logger)
   at Microsoft.AspNetCore.Authorization.AuthorizationMiddleware.Invoke(HttpContext context)
   at Microsoft.AspNetCore.Authentication.AuthenticationMiddleware.Invoke(HttpContext context)
   at Swashbuckle.AspNetCore.SwaggerUI.SwaggerUIMiddleware.Invoke(HttpContext httpContext)
   at Swashbuckle.AspNetCore.Swagger.SwaggerMiddleware.Invoke(HttpContext httpContext, ISwaggerProvider swaggerProvider)
   at Program.<>c.<<<Main>$>b__0_9>d.MoveNext() in C:\Dev\Billing Sw\src\BillEasePro.Api\Program.cs:line 118
--- End of stack trace from previous location ---
   at BillEasePro.Api.Middleware.GlobalExceptionMiddleware.InvokeAsync(HttpContext context) in C:\Dev\Billing Sw\src\BillEasePro.Api\Middleware\GlobalExceptionMiddleware.cs:line 21
[19:34:59 INF] HTTP POST /api/v1/billing/quote responded 409 in 65.6497 ms
[19:34:59 INF] Request finished HTTP/1.1 POST http://localhost:5244/api/v1/billing/quote - 409 null application/json; charset=utf-8 67.2285ms
[19:35:06 INF] Request starting HTTP/1.1 OPTIONS http://localhost:5244/api/v1/billing/products/search?shopId=10000000-0000-0000-0000-000000000001&term=so - null null
[19:35:06 INF] CORS policy execution successful.
[19:35:06 INF] HTTP OPTIONS /api/v1/billing/products/search responded 204 in 17.3481 ms
[19:35:06 INF] Request finished HTTP/1.1 OPTIONS http://localhost:5244/api/v1/billing/products/search?shopId=10000000-0000-0000-0000-000000000001&term=so - 204 null null 50.9679ms
[19:35:06 INF] Request starting HTTP/1.1 GET http://localhost:5244/api/v1/billing/products/search?shopId=10000000-0000-0000-0000-000000000001&term=so - null null
[19:35:06 INF] CORS policy execution successful.
[19:35:06 INF] Executing endpoint 'BillEasePro.Api.Controllers.BillingController.SearchProducts (BillEasePro.Api)'
[19:35:06 INF] Route matched with {action = "SearchProducts", controller = "Billing"}. Executing controller action with signature System.Threading.Tasks.Task`1[System.Collections.Generic.IReadOnlyList`1[BillEasePro.Application.Dtos.ProductSearchResultDto]] SearchProducts(System.Guid, System.String, System.Threading.CancellationToken) on controller BillEasePro.Api.Controllers.BillingController (BillEasePro.Api).
[19:35:06 INF] Executed DbCommand (2ms) [Parameters=[@__p_2='?' (DbType = Int32), @__request_ShopId_0='?' (DbType = Guid), @__term_1_contains='?' (Size = 220), @__term_1_contains_1='?' (Size = 80), @__term_1_contains_2='?' (Size = 450)], CommandType='Text', CommandTimeout='30']
SELECT [t].[Id], [t].[Barcode], [t].[BatchTracking], [t].[Brand], [t].[CategoryId], [t].[Composition], [t].[CostPrice], [t].[CreatedAt], [t].[CreatedBy], [t].[DeletedAt], [t].[DeletedBy], [t].[ExpiryTracking], [t].[FoodType], [t].[HsnSacCode], [t].[ImageUrl], [t].[IsActive], [t].[IsDeleted], [t].[IsFeatured], [t].[IsStockTracked], [t].[IsTaxInclusive], [t].[LowStockThreshold], [t].[Manufacturer], [t].[MaxDiscountPercent], [t].[MaxStockThreshold], [t].[Mrp], [t].[Name], [t].[PortionSize], [t].[PreparationTimeMinutes], [t].[RecipeCost], [t].[ReorderQuantity], [t].[RequiresPrescription], [t].[SellingPrice], [t].[ShopId], [t].[Sku], [t].[SubCategory], [t].[TaxSlabId], [t].[UnitOfMeasureId], [t].[UpdatedAt], [t].[UpdatedBy], [t].[WholesalePrice], [t0].[Id], [t0].[ColorHex], [t0].[CreatedAt], [t0].[CreatedBy], [t0].[DeletedAt], [t0].[DeletedBy], [t0].[Description], [t0].[DisplayOrder], [t0].[ImageUrl], [t0].[IsDeleted], [t0].[Name], [t0].[ParentCategoryId], [t0].[ShopId], [t0].[UpdatedAt], [t0].[UpdatedBy], [t1].[Id], [t1].[CreatedAt], [t1].[CreatedBy], [t1].[DeletedAt], [t1].[DeletedBy], [t1].[IsDeleted], [t1].[Name], [t1].[Symbol], [t1].[UnitType], [t1].[UpdatedAt], [t1].[UpdatedBy], [t2].[Id], [t2].[CreatedAt], [t2].[CreatedBy], [t2].[DeletedAt], [t2].[DeletedBy], [t2].[IsActive], [t2].[IsDeleted], [t2].[Name], [t2].[Rate], [t2].[TaxRegime], [t2].[UpdatedAt], [t2].[UpdatedBy], [t4].[Id], [t4].[AttributeJson], [t4].[Barcode], [t4].[Color], [t4].[CostPrice], [t4].[CreatedAt], [t4].[CreatedBy], [t4].[DeletedAt], [t4].[DeletedBy], [t4].[IsActive], [t4].[IsDeleted], [t4].[Mrp], [t4].[ProductId], [t4].[SellingPrice], [t4].[Size], [t4].[Sku], [t4].[UpdatedAt], [t4].[UpdatedBy], [t4].[VariantName]
FROM (
    SELECT TOP(@__p_2) [p].[Id], [p].[Barcode], [p].[BatchTracking], [p].[Brand], [p].[CategoryId], [p].[Composition], [p].[CostPrice], [p].[CreatedAt], [p].[CreatedBy], [p].[DeletedAt], [p].[DeletedBy], [p].[ExpiryTracking], [p].[FoodType], [p].[HsnSacCode], [p].[ImageUrl], [p].[IsActive], [p].[IsDeleted], [p].[IsFeatured], [p].[IsStockTracked], [p].[IsTaxInclusive], [p].[LowStockThreshold], [p].[Manufacturer], [p].[MaxDiscountPercent], [p].[MaxStockThreshold], [p].[Mrp], [p].[Name], [p].[PortionSize], [p].[PreparationTimeMinutes], [p].[RecipeCost], [p].[ReorderQuantity], [p].[RequiresPrescription], [p].[SellingPrice], [p].[ShopId], [p].[Sku], [p].[SubCategory], [p].[TaxSlabId], [p].[UnitOfMeasureId], [p].[UpdatedAt], [p].[UpdatedBy], [p].[WholesalePrice]
    FROM [Products] AS [p]
    WHERE [p].[IsDeleted] = CAST(0 AS bit) AND [p].[ShopId] = @__request_ShopId_0 AND [p].[IsActive] = CAST(1 AS bit) AND (LOWER([p].[Name]) LIKE @__term_1_contains ESCAPE N'\' OR LOWER([p].[Sku]) LIKE @__term_1_contains_1 ESCAPE N'\' OR ([p].[Barcode] IS NOT NULL AND LOWER([p].[Barcode]) LIKE @__term_1_contains_2 ESCAPE N'\'))
    ORDER BY [p].[Name]
) AS [t]
INNER JOIN (
    SELECT [c].[Id], [c].[ColorHex], [c].[CreatedAt], [c].[CreatedBy], [c].[DeletedAt], [c].[DeletedBy], [c].[Description], [c].[DisplayOrder], [c].[ImageUrl], [c].[IsDeleted], [c].[Name], [c].[ParentCategoryId], [c].[ShopId], [c].[UpdatedAt], [c].[UpdatedBy]
    FROM [Categories] AS [c]
    WHERE [c].[IsDeleted] = CAST(0 AS bit)
) AS [t0] ON [t].[CategoryId] = [t0].[Id]
INNER JOIN (
    SELECT [u].[Id], [u].[CreatedAt], [u].[CreatedBy], [u].[DeletedAt], [u].[DeletedBy], [u].[IsDeleted], [u].[Name], [u].[Symbol], [u].[UnitType], [u].[UpdatedAt], [u].[UpdatedBy]
    FROM [UnitOfMeasures] AS [u]
    WHERE [u].[IsDeleted] = CAST(0 AS bit)
) AS [t1] ON [t].[UnitOfMeasureId] = [t1].[Id]
INNER JOIN (
    SELECT [t3].[Id], [t3].[CreatedAt], [t3].[CreatedBy], [t3].[DeletedAt], [t3].[DeletedBy], [t3].[IsActive], [t3].[IsDeleted], [t3].[Name], [t3].[Rate], [t3].[TaxRegime], [t3].[UpdatedAt], [t3].[UpdatedBy]
    FROM [TaxSlabs] AS [t3]
    WHERE [t3].[IsDeleted] = CAST(0 AS bit)
) AS [t2] ON [t].[TaxSlabId] = [t2].[Id]
LEFT JOIN (
    SELECT [p0].[Id], [p0].[AttributeJson], [p0].[Barcode], [p0].[Color], [p0].[CostPrice], [p0].[CreatedAt], [p0].[CreatedBy], [p0].[DeletedAt], [p0].[DeletedBy], [p0].[IsActive], [p0].[IsDeleted], [p0].[Mrp], [p0].[ProductId], [p0].[SellingPrice], [p0].[Size], [p0].[Sku], [p0].[UpdatedAt], [p0].[UpdatedBy], [p0].[VariantName]
    FROM [ProductVariants] AS [p0]
    WHERE [p0].[IsDeleted] = CAST(0 AS bit)
) AS [t4] ON [t].[Id] = [t4].[ProductId]
ORDER BY [t].[Name], [t].[Id], [t0].[Id], [t1].[Id], [t2].[Id]
[19:35:06 INF] Executed DbCommand (1ms) [Parameters=[@__request_ShopId_0='?' (DbType = Guid), @__ids_1='?' (Size = 4000)], CommandType='Text', CommandTimeout='30']
SELECT [i].[ProductId], [i].[ProductVariantId], COALESCE(SUM([i].[QuantityOnHand]), 0.0) AS [Quantity]
FROM [InventoryStocks] AS [i]
WHERE [i].[IsDeleted] = CAST(0 AS bit) AND [i].[ShopId] = @__request_ShopId_0 AND [i].[ProductId] IN (
    SELECT [i0].[value]
    FROM OPENJSON(@__ids_1) WITH ([value] uniqueidentifier '$') AS [i0]
)
GROUP BY [i].[ProductId], [i].[ProductVariantId]
[19:35:06 INF] Executing ObjectResult, writing value of type 'System.Collections.Generic.List`1[[BillEasePro.Application.Dtos.ProductSearchResultDto, BillEasePro.Application, Version=1.0.0.0, Culture=neutral, PublicKeyToken=null]]'.
[19:35:06 INF] Executed action BillEasePro.Api.Controllers.BillingController.SearchProducts (BillEasePro.Api) in 21.7715ms
[19:35:06 INF] Executed endpoint 'BillEasePro.Api.Controllers.BillingController.SearchProducts (BillEasePro.Api)'
[19:35:06 INF] HTTP GET /api/v1/billing/products/search responded 200 in 26.0249 ms
[19:35:06 INF] Request finished HTTP/1.1 GET http://localhost:5244/api/v1/billing/products/search?shopId=10000000-0000-0000-0000-000000000001&term=so - 200 null application/json; charset=utf-8 27.5ms
[19:35:06 INF] Request starting HTTP/1.1 OPTIONS http://localhost:5244/api/v1/billing/products/search?shopId=10000000-0000-0000-0000-000000000001&term=soa - null null
[19:35:06 INF] CORS policy execution successful.
[19:35:06 INF] HTTP OPTIONS /api/v1/billing/products/search responded 204 in 0.3840 ms
[19:35:06 INF] Request finished HTTP/1.1 OPTIONS http://localhost:5244/api/v1/billing/products/search?shopId=10000000-0000-0000-0000-000000000001&term=soa - 204 null null 1.8579ms
[19:35:06 INF] Request starting HTTP/1.1 GET http://localhost:5244/api/v1/billing/products/search?shopId=10000000-0000-0000-0000-000000000001&term=soa - null null
[19:35:06 INF] CORS policy execution successful.
[19:35:06 INF] Executing endpoint 'BillEasePro.Api.Controllers.BillingController.SearchProducts (BillEasePro.Api)'
[19:35:06 INF] Route matched with {action = "SearchProducts", controller = "Billing"}. Executing controller action with signature System.Threading.Tasks.Task`1[System.Collections.Generic.IReadOnlyList`1[BillEasePro.Application.Dtos.ProductSearchResultDto]] SearchProducts(System.Guid, System.String, System.Threading.CancellationToken) on controller BillEasePro.Api.Controllers.BillingController (BillEasePro.Api).
[19:35:06 INF] Executed DbCommand (1ms) [Parameters=[@__p_2='?' (DbType = Int32), @__request_ShopId_0='?' (DbType = Guid), @__term_1_contains='?' (Size = 220), @__term_1_contains_1='?' (Size = 80), @__term_1_contains_2='?' (Size = 450)], CommandType='Text', CommandTimeout='30']
SELECT [t].[Id], [t].[Barcode], [t].[BatchTracking], [t].[Brand], [t].[CategoryId], [t].[Composition], [t].[CostPrice], [t].[CreatedAt], [t].[CreatedBy], [t].[DeletedAt], [t].[DeletedBy], [t].[ExpiryTracking], [t].[FoodType], [t].[HsnSacCode], [t].[ImageUrl], [t].[IsActive], [t].[IsDeleted], [t].[IsFeatured], [t].[IsStockTracked], [t].[IsTaxInclusive], [t].[LowStockThreshold], [t].[Manufacturer], [t].[MaxDiscountPercent], [t].[MaxStockThreshold], [t].[Mrp], [t].[Name], [t].[PortionSize], [t].[PreparationTimeMinutes], [t].[RecipeCost], [t].[ReorderQuantity], [t].[RequiresPrescription], [t].[SellingPrice], [t].[ShopId], [t].[Sku], [t].[SubCategory], [t].[TaxSlabId], [t].[UnitOfMeasureId], [t].[UpdatedAt], [t].[UpdatedBy], [t].[WholesalePrice], [t0].[Id], [t0].[ColorHex], [t0].[CreatedAt], [t0].[CreatedBy], [t0].[DeletedAt], [t0].[DeletedBy], [t0].[Description], [t0].[DisplayOrder], [t0].[ImageUrl], [t0].[IsDeleted], [t0].[Name], [t0].[ParentCategoryId], [t0].[ShopId], [t0].[UpdatedAt], [t0].[UpdatedBy], [t1].[Id], [t1].[CreatedAt], [t1].[CreatedBy], [t1].[DeletedAt], [t1].[DeletedBy], [t1].[IsDeleted], [t1].[Name], [t1].[Symbol], [t1].[UnitType], [t1].[UpdatedAt], [t1].[UpdatedBy], [t2].[Id], [t2].[CreatedAt], [t2].[CreatedBy], [t2].[DeletedAt], [t2].[DeletedBy], [t2].[IsActive], [t2].[IsDeleted], [t2].[Name], [t2].[Rate], [t2].[TaxRegime], [t2].[UpdatedAt], [t2].[UpdatedBy], [t4].[Id], [t4].[AttributeJson], [t4].[Barcode], [t4].[Color], [t4].[CostPrice], [t4].[CreatedAt], [t4].[CreatedBy], [t4].[DeletedAt], [t4].[DeletedBy], [t4].[IsActive], [t4].[IsDeleted], [t4].[Mrp], [t4].[ProductId], [t4].[SellingPrice], [t4].[Size], [t4].[Sku], [t4].[UpdatedAt], [t4].[UpdatedBy], [t4].[VariantName]
FROM (
    SELECT TOP(@__p_2) [p].[Id], [p].[Barcode], [p].[BatchTracking], [p].[Brand], [p].[CategoryId], [p].[Composition], [p].[CostPrice], [p].[CreatedAt], [p].[CreatedBy], [p].[DeletedAt], [p].[DeletedBy], [p].[ExpiryTracking], [p].[FoodType], [p].[HsnSacCode], [p].[ImageUrl], [p].[IsActive], [p].[IsDeleted], [p].[IsFeatured], [p].[IsStockTracked], [p].[IsTaxInclusive], [p].[LowStockThreshold], [p].[Manufacturer], [p].[MaxDiscountPercent], [p].[MaxStockThreshold], [p].[Mrp], [p].[Name], [p].[PortionSize], [p].[PreparationTimeMinutes], [p].[RecipeCost], [p].[ReorderQuantity], [p].[RequiresPrescription], [p].[SellingPrice], [p].[ShopId], [p].[Sku], [p].[SubCategory], [p].[TaxSlabId], [p].[UnitOfMeasureId], [p].[UpdatedAt], [p].[UpdatedBy], [p].[WholesalePrice]
    FROM [Products] AS [p]
    WHERE [p].[IsDeleted] = CAST(0 AS bit) AND [p].[ShopId] = @__request_ShopId_0 AND [p].[IsActive] = CAST(1 AS bit) AND (LOWER([p].[Name]) LIKE @__term_1_contains ESCAPE N'\' OR LOWER([p].[Sku]) LIKE @__term_1_contains_1 ESCAPE N'\' OR ([p].[Barcode] IS NOT NULL AND LOWER([p].[Barcode]) LIKE @__term_1_contains_2 ESCAPE N'\'))
    ORDER BY [p].[Name]
) AS [t]
INNER JOIN (
    SELECT [c].[Id], [c].[ColorHex], [c].[CreatedAt], [c].[CreatedBy], [c].[DeletedAt], [c].[DeletedBy], [c].[Description], [c].[DisplayOrder], [c].[ImageUrl], [c].[IsDeleted], [c].[Name], [c].[ParentCategoryId], [c].[ShopId], [c].[UpdatedAt], [c].[UpdatedBy]
    FROM [Categories] AS [c]
    WHERE [c].[IsDeleted] = CAST(0 AS bit)
) AS [t0] ON [t].[CategoryId] = [t0].[Id]
INNER JOIN (
    SELECT [u].[Id], [u].[CreatedAt], [u].[CreatedBy], [u].[DeletedAt], [u].[DeletedBy], [u].[IsDeleted], [u].[Name], [u].[Symbol], [u].[UnitType], [u].[UpdatedAt], [u].[UpdatedBy]
    FROM [UnitOfMeasures] AS [u]
    WHERE [u].[IsDeleted] = CAST(0 AS bit)
) AS [t1] ON [t].[UnitOfMeasureId] = [t1].[Id]
INNER JOIN (
    SELECT [t3].[Id], [t3].[CreatedAt], [t3].[CreatedBy], [t3].[DeletedAt], [t3].[DeletedBy], [t3].[IsActive], [t3].[IsDeleted], [t3].[Name], [t3].[Rate], [t3].[TaxRegime], [t3].[UpdatedAt], [t3].[UpdatedBy]
    FROM [TaxSlabs] AS [t3]
    WHERE [t3].[IsDeleted] = CAST(0 AS bit)
) AS [t2] ON [t].[TaxSlabId] = [t2].[Id]
LEFT JOIN (
    SELECT [p0].[Id], [p0].[AttributeJson], [p0].[Barcode], [p0].[Color], [p0].[CostPrice], [p0].[CreatedAt], [p0].[CreatedBy], [p0].[DeletedAt], [p0].[DeletedBy], [p0].[IsActive], [p0].[IsDeleted], [p0].[Mrp], [p0].[ProductId], [p0].[SellingPrice], [p0].[Size], [p0].[Sku], [p0].[UpdatedAt], [p0].[UpdatedBy], [p0].[VariantName]
    FROM [ProductVariants] AS [p0]
    WHERE [p0].[IsDeleted] = CAST(0 AS bit)
) AS [t4] ON [t].[Id] = [t4].[ProductId]
ORDER BY [t].[Name], [t].[Id], [t0].[Id], [t1].[Id], [t2].[Id]
[19:35:06 INF] Executed DbCommand (1ms) [Parameters=[@__request_ShopId_0='?' (DbType = Guid), @__ids_1='?' (Size = 4000)], CommandType='Text', CommandTimeout='30']
SELECT [i].[ProductId], [i].[ProductVariantId], COALESCE(SUM([i].[QuantityOnHand]), 0.0) AS [Quantity]
FROM [InventoryStocks] AS [i]
WHERE [i].[IsDeleted] = CAST(0 AS bit) AND [i].[ShopId] = @__request_ShopId_0 AND [i].[ProductId] IN (
    SELECT [i0].[value]
    FROM OPENJSON(@__ids_1) WITH ([value] uniqueidentifier '$') AS [i0]
)
GROUP BY [i].[ProductId], [i].[ProductVariantId]
[19:35:06 INF] Executing ObjectResult, writing value of type 'System.Collections.Generic.List`1[[BillEasePro.Application.Dtos.ProductSearchResultDto, BillEasePro.Application, Version=1.0.0.0, Culture=neutral, PublicKeyToken=null]]'.
[19:35:06 INF] Executed action BillEasePro.Api.Controllers.BillingController.SearchProducts (BillEasePro.Api) in 10.6865ms
[19:35:06 INF] Executed endpoint 'BillEasePro.Api.Controllers.BillingController.SearchProducts (BillEasePro.Api)'
[19:35:06 INF] HTTP GET /api/v1/billing/products/search responded 200 in 13.2097 ms
[19:35:06 INF] Request finished HTTP/1.1 GET http://localhost:5244/api/v1/billing/products/search?shopId=10000000-0000-0000-0000-000000000001&term=soa - 200 null application/json; charset=utf-8 14.2027ms
[19:35:06 INF] Request starting HTTP/1.1 OPTIONS http://localhost:5244/api/v1/billing/products/search?shopId=10000000-0000-0000-0000-000000000001&term=soap - null null
[19:35:06 INF] CORS policy execution successful.
[19:35:06 INF] HTTP OPTIONS /api/v1/billing/products/search responded 204 in 0.3507 ms
[19:35:06 INF] Request finished HTTP/1.1 OPTIONS http://localhost:5244/api/v1/billing/products/search?shopId=10000000-0000-0000-0000-000000000001&term=soap - 204 null null 15.845ms
[19:35:06 INF] Request starting HTTP/1.1 GET http://localhost:5244/api/v1/billing/products/search?shopId=10000000-0000-0000-0000-000000000001&term=soap - null null
[19:35:06 INF] CORS policy execution successful.
[19:35:06 INF] Executing endpoint 'BillEasePro.Api.Controllers.BillingController.SearchProducts (BillEasePro.Api)'
[19:35:06 INF] Route matched with {action = "SearchProducts", controller = "Billing"}. Executing controller action with signature System.Threading.Tasks.Task`1[System.Collections.Generic.IReadOnlyList`1[BillEasePro.Application.Dtos.ProductSearchResultDto]] SearchProducts(System.Guid, System.String, System.Threading.CancellationToken) on controller BillEasePro.Api.Controllers.BillingController (BillEasePro.Api).
[19:35:06 INF] Executed DbCommand (3ms) [Parameters=[@__p_2='?' (DbType = Int32), @__request_ShopId_0='?' (DbType = Guid), @__term_1_contains='?' (Size = 220), @__term_1_contains_1='?' (Size = 80), @__term_1_contains_2='?' (Size = 450)], CommandType='Text', CommandTimeout='30']
SELECT [t].[Id], [t].[Barcode], [t].[BatchTracking], [t].[Brand], [t].[CategoryId], [t].[Composition], [t].[CostPrice], [t].[CreatedAt], [t].[CreatedBy], [t].[DeletedAt], [t].[DeletedBy], [t].[ExpiryTracking], [t].[FoodType], [t].[HsnSacCode], [t].[ImageUrl], [t].[IsActive], [t].[IsDeleted], [t].[IsFeatured], [t].[IsStockTracked], [t].[IsTaxInclusive], [t].[LowStockThreshold], [t].[Manufacturer], [t].[MaxDiscountPercent], [t].[MaxStockThreshold], [t].[Mrp], [t].[Name], [t].[PortionSize], [t].[PreparationTimeMinutes], [t].[RecipeCost], [t].[ReorderQuantity], [t].[RequiresPrescription], [t].[SellingPrice], [t].[ShopId], [t].[Sku], [t].[SubCategory], [t].[TaxSlabId], [t].[UnitOfMeasureId], [t].[UpdatedAt], [t].[UpdatedBy], [t].[WholesalePrice], [t0].[Id], [t0].[ColorHex], [t0].[CreatedAt], [t0].[CreatedBy], [t0].[DeletedAt], [t0].[DeletedBy], [t0].[Description], [t0].[DisplayOrder], [t0].[ImageUrl], [t0].[IsDeleted], [t0].[Name], [t0].[ParentCategoryId], [t0].[ShopId], [t0].[UpdatedAt], [t0].[UpdatedBy], [t1].[Id], [t1].[CreatedAt], [t1].[CreatedBy], [t1].[DeletedAt], [t1].[DeletedBy], [t1].[IsDeleted], [t1].[Name], [t1].[Symbol], [t1].[UnitType], [t1].[UpdatedAt], [t1].[UpdatedBy], [t2].[Id], [t2].[CreatedAt], [t2].[CreatedBy], [t2].[DeletedAt], [t2].[DeletedBy], [t2].[IsActive], [t2].[IsDeleted], [t2].[Name], [t2].[Rate], [t2].[TaxRegime], [t2].[UpdatedAt], [t2].[UpdatedBy], [t4].[Id], [t4].[AttributeJson], [t4].[Barcode], [t4].[Color], [t4].[CostPrice], [t4].[CreatedAt], [t4].[CreatedBy], [t4].[DeletedAt], [t4].[DeletedBy], [t4].[IsActive], [t4].[IsDeleted], [t4].[Mrp], [t4].[ProductId], [t4].[SellingPrice], [t4].[Size], [t4].[Sku], [t4].[UpdatedAt], [t4].[UpdatedBy], [t4].[VariantName]
FROM (
    SELECT TOP(@__p_2) [p].[Id], [p].[Barcode], [p].[BatchTracking], [p].[Brand], [p].[CategoryId], [p].[Composition], [p].[CostPrice], [p].[CreatedAt], [p].[CreatedBy], [p].[DeletedAt], [p].[DeletedBy], [p].[ExpiryTracking], [p].[FoodType], [p].[HsnSacCode], [p].[ImageUrl], [p].[IsActive], [p].[IsDeleted], [p].[IsFeatured], [p].[IsStockTracked], [p].[IsTaxInclusive], [p].[LowStockThreshold], [p].[Manufacturer], [p].[MaxDiscountPercent], [p].[MaxStockThreshold], [p].[Mrp], [p].[Name], [p].[PortionSize], [p].[PreparationTimeMinutes], [p].[RecipeCost], [p].[ReorderQuantity], [p].[RequiresPrescription], [p].[SellingPrice], [p].[ShopId], [p].[Sku], [p].[SubCategory], [p].[TaxSlabId], [p].[UnitOfMeasureId], [p].[UpdatedAt], [p].[UpdatedBy], [p].[WholesalePrice]
    FROM [Products] AS [p]
    WHERE [p].[IsDeleted] = CAST(0 AS bit) AND [p].[ShopId] = @__request_ShopId_0 AND [p].[IsActive] = CAST(1 AS bit) AND (LOWER([p].[Name]) LIKE @__term_1_contains ESCAPE N'\' OR LOWER([p].[Sku]) LIKE @__term_1_contains_1 ESCAPE N'\' OR ([p].[Barcode] IS NOT NULL AND LOWER([p].[Barcode]) LIKE @__term_1_contains_2 ESCAPE N'\'))
    ORDER BY [p].[Name]
) AS [t]
INNER JOIN (
    SELECT [c].[Id], [c].[ColorHex], [c].[CreatedAt], [c].[CreatedBy], [c].[DeletedAt], [c].[DeletedBy], [c].[Description], [c].[DisplayOrder], [c].[ImageUrl], [c].[IsDeleted], [c].[Name], [c].[ParentCategoryId], [c].[ShopId], [c].[UpdatedAt], [c].[UpdatedBy]
    FROM [Categories] AS [c]
    WHERE [c].[IsDeleted] = CAST(0 AS bit)
) AS [t0] ON [t].[CategoryId] = [t0].[Id]
INNER JOIN (
    SELECT [u].[Id], [u].[CreatedAt], [u].[CreatedBy], [u].[DeletedAt], [u].[DeletedBy], [u].[IsDeleted], [u].[Name], [u].[Symbol], [u].[UnitType], [u].[UpdatedAt], [u].[UpdatedBy]
    FROM [UnitOfMeasures] AS [u]
    WHERE [u].[IsDeleted] = CAST(0 AS bit)
) AS [t1] ON [t].[UnitOfMeasureId] = [t1].[Id]
INNER JOIN (
    SELECT [t3].[Id], [t3].[CreatedAt], [t3].[CreatedBy], [t3].[DeletedAt], [t3].[DeletedBy], [t3].[IsActive], [t3].[IsDeleted], [t3].[Name], [t3].[Rate], [t3].[TaxRegime], [t3].[UpdatedAt], [t3].[UpdatedBy]
    FROM [TaxSlabs] AS [t3]
    WHERE [t3].[IsDeleted] = CAST(0 AS bit)
) AS [t2] ON [t].[TaxSlabId] = [t2].[Id]
LEFT JOIN (
    SELECT [p0].[Id], [p0].[AttributeJson], [p0].[Barcode], [p0].[Color], [p0].[CostPrice], [p0].[CreatedAt], [p0].[CreatedBy], [p0].[DeletedAt], [p0].[DeletedBy], [p0].[IsActive], [p0].[IsDeleted], [p0].[Mrp], [p0].[ProductId], [p0].[SellingPrice], [p0].[Size], [p0].[Sku], [p0].[UpdatedAt], [p0].[UpdatedBy], [p0].[VariantName]
    FROM [ProductVariants] AS [p0]
    WHERE [p0].[IsDeleted] = CAST(0 AS bit)
) AS [t4] ON [t].[Id] = [t4].[ProductId]
ORDER BY [t].[Name], [t].[Id], [t0].[Id], [t1].[Id], [t2].[Id]
[19:35:06 INF] Executed DbCommand (1ms) [Parameters=[@__request_ShopId_0='?' (DbType = Guid), @__ids_1='?' (Size = 4000)], CommandType='Text', CommandTimeout='30']
SELECT [i].[ProductId], [i].[ProductVariantId], COALESCE(SUM([i].[QuantityOnHand]), 0.0) AS [Quantity]
FROM [InventoryStocks] AS [i]
WHERE [i].[IsDeleted] = CAST(0 AS bit) AND [i].[ShopId] = @__request_ShopId_0 AND [i].[ProductId] IN (
    SELECT [i0].[value]
    FROM OPENJSON(@__ids_1) WITH ([value] uniqueidentifier '$') AS [i0]
)
GROUP BY [i].[ProductId], [i].[ProductVariantId]
[19:35:06 INF] Executing ObjectResult, writing value of type 'System.Collections.Generic.List`1[[BillEasePro.Application.Dtos.ProductSearchResultDto, BillEasePro.Application, Version=1.0.0.0, Culture=neutral, PublicKeyToken=null]]'.
[19:35:06 INF] Executed action BillEasePro.Api.Controllers.BillingController.SearchProducts (BillEasePro.Api) in 11.9308ms
[19:35:06 INF] Executed endpoint 'BillEasePro.Api.Controllers.BillingController.SearchProducts (BillEasePro.Api)'
[19:35:06 INF] HTTP GET /api/v1/billing/products/search responded 200 in 13.5987 ms
[19:35:06 INF] Request finished HTTP/1.1 GET http://localhost:5244/api/v1/billing/products/search?shopId=10000000-0000-0000-0000-000000000001&term=soap - 200 null application/json; charset=utf-8 14.9479ms
[19:35:06 INF] Request starting HTTP/1.1 OPTIONS http://localhost:5244/api/v1/billing/quote - null null
[19:35:06 INF] CORS policy execution successful.
[19:35:06 INF] HTTP OPTIONS /api/v1/billing/quote responded 204 in 0.9301 ms
[19:35:06 INF] Request finished HTTP/1.1 OPTIONS http://localhost:5244/api/v1/billing/quote - 204 null null 2.9927ms
[19:35:06 INF] Request starting HTTP/1.1 POST http://localhost:5244/api/v1/billing/quote - application/json 474
[19:35:06 INF] CORS policy execution successful.
[19:35:06 INF] Executing endpoint 'BillEasePro.Api.Controllers.BillingController.Quote (BillEasePro.Api)'
[19:35:06 INF] Route matched with {action = "Quote", controller = "Billing"}. Executing controller action with signature System.Threading.Tasks.Task`1[BillEasePro.Application.Dtos.BillQuoteDto] Quote(BillEasePro.Application.Dtos.BillQuoteRequest, System.Threading.CancellationToken) on controller BillEasePro.Api.Controllers.BillingController (BillEasePro.Api).
[19:35:06 INF] Executed DbCommand (1ms) [Parameters=[@__productIds_0='?' (Size = 4000)], CommandType='Text', CommandTimeout='30']
SELECT [p].[Id], [p].[Barcode], [p].[BatchTracking], [p].[Brand], [p].[CategoryId], [p].[Composition], [p].[CostPrice], [p].[CreatedAt], [p].[CreatedBy], [p].[DeletedAt], [p].[DeletedBy], [p].[ExpiryTracking], [p].[FoodType], [p].[HsnSacCode], [p].[ImageUrl], [p].[IsActive], [p].[IsDeleted], [p].[IsFeatured], [p].[IsStockTracked], [p].[IsTaxInclusive], [p].[LowStockThreshold], [p].[Manufacturer], [p].[MaxDiscountPercent], [p].[MaxStockThreshold], [p].[Mrp], [p].[Name], [p].[PortionSize], [p].[PreparationTimeMinutes], [p].[RecipeCost], [p].[ReorderQuantity], [p].[RequiresPrescription], [p].[SellingPrice], [p].[ShopId], [p].[Sku], [p].[SubCategory], [p].[TaxSlabId], [p].[UnitOfMeasureId], [p].[UpdatedAt], [p].[UpdatedBy], [p].[WholesalePrice], [t0].[Id], [t0].[CreatedAt], [t0].[CreatedBy], [t0].[DeletedAt], [t0].[DeletedBy], [t0].[IsActive], [t0].[IsDeleted], [t0].[Name], [t0].[Rate], [t0].[TaxRegime], [t0].[UpdatedAt], [t0].[UpdatedBy]
FROM [Products] AS [p]
INNER JOIN (
    SELECT [t].[Id], [t].[CreatedAt], [t].[CreatedBy], [t].[DeletedAt], [t].[DeletedBy], [t].[IsActive], [t].[IsDeleted], [t].[Name], [t].[Rate], [t].[TaxRegime], [t].[UpdatedAt], [t].[UpdatedBy]
    FROM [TaxSlabs] AS [t]
    WHERE [t].[IsDeleted] = CAST(0 AS bit)
) AS [t0] ON [p].[TaxSlabId] = [t0].[Id]
WHERE [p].[IsDeleted] = CAST(0 AS bit) AND [p].[Id] IN (
    SELECT [p0].[value]
    FROM OPENJSON(@__productIds_0) WITH ([value] uniqueidentifier '$') AS [p0]
)
[19:35:06 INF] Executed DbCommand (1ms) [Parameters=[@__id_0='?' (DbType = Guid)], CommandType='Text', CommandTimeout='30']
SELECT TOP(1) [s].[Id], [s].[AddressLine1], [s].[AddressLine2], [s].[City], [s].[Country], [s].[CreatedAt], [s].[CreatedBy], [s].[CurrencyCode], [s].[DeletedAt], [s].[DeletedBy], [s].[Email], [s].[IndustryType], [s].[IsDeleted], [s].[LegalName], [s].[LogoUrl], [s].[Name], [s].[Phone], [s].[PostalCode], [s].[State], [s].[TaxRegime], [s].[TaxRegistrationNumber], [s].[UpdatedAt], [s].[UpdatedBy]
FROM [Shops] AS [s]
WHERE [s].[IsDeleted] = CAST(0 AS bit) AND [s].[Id] = @__id_0
[19:35:06 INF] Executed action BillEasePro.Api.Controllers.BillingController.Quote (BillEasePro.Api) in 9.8181ms
[19:35:06 INF] Executed endpoint 'BillEasePro.Api.Controllers.BillingController.Quote (BillEasePro.Api)'
[19:35:06 ERR] Unhandled API exception
System.InvalidOperationException: Cannot create a DbSet for 'ShopSetting' because this type is not included in the model for the context.
   at Microsoft.EntityFrameworkCore.Internal.InternalDbSet`1.get_EntityType()
   at Microsoft.EntityFrameworkCore.Internal.InternalDbSet`1.get_EntityQueryable()
   at Microsoft.EntityFrameworkCore.Internal.InternalDbSet`1.System.Linq.IQueryable.get_Provider()
   at System.Linq.Queryable.Where[TSource](IQueryable`1 source, Expression`1 predicate)
   at BillEasePro.Application.Features.Billing.BillingCalculator.CalculateAsync(IRepository`1 products, IRepository`1 coupons, IRepository`1 shops, IRepository`1 settings, Guid shopId, IReadOnlyList`1 items, Nullable`1 billDiscountType, Decimal billDiscountValue, String couponCode, Boolean isInterstate, Decimal amountTendered, CancellationToken cancellationToken) in C:\Dev\Billing Sw\src\BillEasePro.Application\Features\Billing\BillOperationsCommands.cs:line 637
   at BillEasePro.Application.Features.Billing.QuoteBillCommandHandler.Handle(QuoteBillCommand request, CancellationToken cancellationToken) in C:\Dev\Billing Sw\src\BillEasePro.Application\Features\Billing\BillOperationsCommands.cs:line 176
   at BillEasePro.Application.Validation.ValidationBehavior`2.Handle(TRequest request, RequestHandlerDelegate`1 next, CancellationToken cancellationToken) in C:\Dev\Billing Sw\src\BillEasePro.Application\Validation\ValidationBehavior.cs:line 15
   at lambda_method1800(Closure, Object)
   at Microsoft.AspNetCore.Mvc.Infrastructure.ActionMethodExecutor.AwaitableObjectResultExecutor.Execute(ActionContext actionContext, IActionResultTypeMapper mapper, ObjectMethodExecutor executor, Object controller, Object[] arguments)
   at Microsoft.AspNetCore.Mvc.Infrastructure.ControllerActionInvoker.<InvokeActionMethodAsync>g__Awaited|12_0(ControllerActionInvoker invoker, ValueTask`1 actionResultValueTask)
   at Microsoft.AspNetCore.Mvc.Infrastructure.ControllerActionInvoker.<InvokeNextActionFilterAsync>g__Awaited|10_0(ControllerActionInvoker invoker, Task lastTask, State next, Scope scope, Object state, Boolean isCompleted)
   at Microsoft.AspNetCore.Mvc.Infrastructure.ControllerActionInvoker.Rethrow(ActionExecutedContextSealed context)
   at Microsoft.AspNetCore.Mvc.Infrastructure.ControllerActionInvoker.Next(State& next, Scope& scope, Object& state, Boolean& isCompleted)
   at Microsoft.AspNetCore.Mvc.Infrastructure.ControllerActionInvoker.<InvokeInnerFilterAsync>g__Awaited|13_0(ControllerActionInvoker invoker, Task lastTask, State next, Scope scope, Object state, Boolean isCompleted)
   at Microsoft.AspNetCore.Mvc.Infrastructure.ResourceInvoker.<InvokeFilterPipelineAsync>g__Awaited|20_0(ResourceInvoker invoker, Task lastTask, State next, Scope scope, Object state, Boolean isCompleted)
   at Microsoft.AspNetCore.Mvc.Infrastructure.ResourceInvoker.<InvokeAsync>g__Logged|17_1(ResourceInvoker invoker)
   at Microsoft.AspNetCore.Mvc.Infrastructure.ResourceInvoker.<InvokeAsync>g__Logged|17_1(ResourceInvoker invoker)
   at Microsoft.AspNetCore.Routing.EndpointMiddleware.<Invoke>g__AwaitRequestTask|7_0(Endpoint endpoint, Task requestTask, ILogger logger)
   at Microsoft.AspNetCore.Authorization.AuthorizationMiddleware.Invoke(HttpContext context)
   at Microsoft.AspNetCore.Authentication.AuthenticationMiddleware.Invoke(HttpContext context)
   at Swashbuckle.AspNetCore.SwaggerUI.SwaggerUIMiddleware.Invoke(HttpContext httpContext)
   at Swashbuckle.AspNetCore.Swagger.SwaggerMiddleware.Invoke(HttpContext httpContext, ISwaggerProvider swaggerProvider)
   at Program.<>c.<<<Main>$>b__0_9>d.MoveNext() in C:\Dev\Billing Sw\src\BillEasePro.Api\Program.cs:line 118
--- End of stack trace from previous location ---
   at BillEasePro.Api.Middleware.GlobalExceptionMiddleware.InvokeAsync(HttpContext context) in C:\Dev\Billing Sw\src\BillEasePro.Api\Middleware\GlobalExceptionMiddleware.cs:line 21
[19:35:06 INF] HTTP POST /api/v1/billing/quote responded 409 in 21.5490 ms
[19:35:06 INF] Request finished HTTP/1.1 POST http://localhost:5244/api/v1/billing/quote - 409 null application/json; charset=utf-8 23.3744ms
[19:35:19 INF] Request starting HTTP/1.1 OPTIONS http://localhost:5244/api/v1/billing/quote - null null
[19:35:19 INF] CORS policy execution successful.
[19:35:19 INF] HTTP OPTIONS /api/v1/billing/quote responded 204 in 0.6193 ms
[19:35:19 INF] Request finished HTTP/1.1 OPTIONS http://localhost:5244/api/v1/billing/quote - 204 null null 3.5496ms
[19:35:19 INF] Request starting HTTP/1.1 POST http://localhost:5244/api/v1/billing/quote - application/json 482
[19:35:19 INF] CORS policy execution successful.
[19:35:19 INF] Executing endpoint 'BillEasePro.Api.Controllers.BillingController.Quote (BillEasePro.Api)'
[19:35:19 INF] Route matched with {action = "Quote", controller = "Billing"}. Executing controller action with signature System.Threading.Tasks.Task`1[BillEasePro.Application.Dtos.BillQuoteDto] Quote(BillEasePro.Application.Dtos.BillQuoteRequest, System.Threading.CancellationToken) on controller BillEasePro.Api.Controllers.BillingController (BillEasePro.Api).
[19:35:19 INF] Executed DbCommand (1ms) [Parameters=[@__productIds_0='?' (Size = 4000)], CommandType='Text', CommandTimeout='30']
SELECT [p].[Id], [p].[Barcode], [p].[BatchTracking], [p].[Brand], [p].[CategoryId], [p].[Composition], [p].[CostPrice], [p].[CreatedAt], [p].[CreatedBy], [p].[DeletedAt], [p].[DeletedBy], [p].[ExpiryTracking], [p].[FoodType], [p].[HsnSacCode], [p].[ImageUrl], [p].[IsActive], [p].[IsDeleted], [p].[IsFeatured], [p].[IsStockTracked], [p].[IsTaxInclusive], [p].[LowStockThreshold], [p].[Manufacturer], [p].[MaxDiscountPercent], [p].[MaxStockThreshold], [p].[Mrp], [p].[Name], [p].[PortionSize], [p].[PreparationTimeMinutes], [p].[RecipeCost], [p].[ReorderQuantity], [p].[RequiresPrescription], [p].[SellingPrice], [p].[ShopId], [p].[Sku], [p].[SubCategory], [p].[TaxSlabId], [p].[UnitOfMeasureId], [p].[UpdatedAt], [p].[UpdatedBy], [p].[WholesalePrice], [t0].[Id], [t0].[CreatedAt], [t0].[CreatedBy], [t0].[DeletedAt], [t0].[DeletedBy], [t0].[IsActive], [t0].[IsDeleted], [t0].[Name], [t0].[Rate], [t0].[TaxRegime], [t0].[UpdatedAt], [t0].[UpdatedBy]
FROM [Products] AS [p]
INNER JOIN (
    SELECT [t].[Id], [t].[CreatedAt], [t].[CreatedBy], [t].[DeletedAt], [t].[DeletedBy], [t].[IsActive], [t].[IsDeleted], [t].[Name], [t].[Rate], [t].[TaxRegime], [t].[UpdatedAt], [t].[UpdatedBy]
    FROM [TaxSlabs] AS [t]
    WHERE [t].[IsDeleted] = CAST(0 AS bit)
) AS [t0] ON [p].[TaxSlabId] = [t0].[Id]
WHERE [p].[IsDeleted] = CAST(0 AS bit) AND [p].[Id] IN (
    SELECT [p0].[value]
    FROM OPENJSON(@__productIds_0) WITH ([value] uniqueidentifier '$') AS [p0]
)
[19:35:19 INF] Executed DbCommand (1ms) [Parameters=[@__id_0='?' (DbType = Guid)], CommandType='Text', CommandTimeout='30']
SELECT TOP(1) [s].[Id], [s].[AddressLine1], [s].[AddressLine2], [s].[City], [s].[Country], [s].[CreatedAt], [s].[CreatedBy], [s].[CurrencyCode], [s].[DeletedAt], [s].[DeletedBy], [s].[Email], [s].[IndustryType], [s].[IsDeleted], [s].[LegalName], [s].[LogoUrl], [s].[Name], [s].[Phone], [s].[PostalCode], [s].[State], [s].[TaxRegime], [s].[TaxRegistrationNumber], [s].[UpdatedAt], [s].[UpdatedBy]
FROM [Shops] AS [s]
WHERE [s].[IsDeleted] = CAST(0 AS bit) AND [s].[Id] = @__id_0
[19:35:19 INF] Executed action BillEasePro.Api.Controllers.BillingController.Quote (BillEasePro.Api) in 11.4631ms
[19:35:19 INF] Executed endpoint 'BillEasePro.Api.Controllers.BillingController.Quote (BillEasePro.Api)'
[19:35:19 ERR] Unhandled API exception
System.InvalidOperationException: Cannot create a DbSet for 'ShopSetting' because this type is not included in the model for the context.
   at Microsoft.EntityFrameworkCore.Internal.InternalDbSet`1.get_EntityType()
   at Microsoft.EntityFrameworkCore.Internal.InternalDbSet`1.get_EntityQueryable()
   at Microsoft.EntityFrameworkCore.Internal.InternalDbSet`1.System.Linq.IQueryable.get_Provider()
   at System.Linq.Queryable.Where[TSource](IQueryable`1 source, Expression`1 predicate)
   at BillEasePro.Application.Features.Billing.BillingCalculator.CalculateAsync(IRepository`1 products, IRepository`1 coupons, IRepository`1 shops, IRepository`1 settings, Guid shopId, IReadOnlyList`1 items, Nullable`1 billDiscountType, Decimal billDiscountValue, String couponCode, Boolean isInterstate, Decimal amountTendered, CancellationToken cancellationToken) in C:\Dev\Billing Sw\src\BillEasePro.Application\Features\Billing\BillOperationsCommands.cs:line 637
   at BillEasePro.Application.Features.Billing.QuoteBillCommandHandler.Handle(QuoteBillCommand request, CancellationToken cancellationToken) in C:\Dev\Billing Sw\src\BillEasePro.Application\Features\Billing\BillOperationsCommands.cs:line 176
   at BillEasePro.Application.Validation.ValidationBehavior`2.Handle(TRequest request, RequestHandlerDelegate`1 next, CancellationToken cancellationToken) in C:\Dev\Billing Sw\src\BillEasePro.Application\Validation\ValidationBehavior.cs:line 15
   at lambda_method1800(Closure, Object)
   at Microsoft.AspNetCore.Mvc.Infrastructure.ActionMethodExecutor.AwaitableObjectResultExecutor.Execute(ActionContext actionContext, IActionResultTypeMapper mapper, ObjectMethodExecutor executor, Object controller, Object[] arguments)
   at Microsoft.AspNetCore.Mvc.Infrastructure.ControllerActionInvoker.<InvokeActionMethodAsync>g__Awaited|12_0(ControllerActionInvoker invoker, ValueTask`1 actionResultValueTask)
   at Microsoft.AspNetCore.Mvc.Infrastructure.ControllerActionInvoker.<InvokeNextActionFilterAsync>g__Awaited|10_0(ControllerActionInvoker invoker, Task lastTask, State next, Scope scope, Object state, Boolean isCompleted)
   at Microsoft.AspNetCore.Mvc.Infrastructure.ControllerActionInvoker.Rethrow(ActionExecutedContextSealed context)
   at Microsoft.AspNetCore.Mvc.Infrastructure.ControllerActionInvoker.Next(State& next, Scope& scope, Object& state, Boolean& isCompleted)
   at Microsoft.AspNetCore.Mvc.Infrastructure.ControllerActionInvoker.<InvokeInnerFilterAsync>g__Awaited|13_0(ControllerActionInvoker invoker, Task lastTask, State next, Scope scope, Object state, Boolean isCompleted)
   at Microsoft.AspNetCore.Mvc.Infrastructure.ResourceInvoker.<InvokeFilterPipelineAsync>g__Awaited|20_0(ResourceInvoker invoker, Task lastTask, State next, Scope scope, Object state, Boolean isCompleted)
   at Microsoft.AspNetCore.Mvc.Infrastructure.ResourceInvoker.<InvokeAsync>g__Logged|17_1(ResourceInvoker invoker)
   at Microsoft.AspNetCore.Mvc.Infrastructure.ResourceInvoker.<InvokeAsync>g__Logged|17_1(ResourceInvoker invoker)
   at Microsoft.AspNetCore.Routing.EndpointMiddleware.<Invoke>g__AwaitRequestTask|7_0(Endpoint endpoint, Task requestTask, ILogger logger)
   at Microsoft.AspNetCore.Authorization.AuthorizationMiddleware.Invoke(HttpContext context)
   at Microsoft.AspNetCore.Authentication.AuthenticationMiddleware.Invoke(HttpContext context)
   at Swashbuckle.AspNetCore.SwaggerUI.SwaggerUIMiddleware.Invoke(HttpContext httpContext)
   at Swashbuckle.AspNetCore.Swagger.SwaggerMiddleware.Invoke(HttpContext httpContext, ISwaggerProvider swaggerProvider)
   at Program.<>c.<<<Main>$>b__0_9>d.MoveNext() in C:\Dev\Billing Sw\src\BillEasePro.Api\Program.cs:line 118
--- End of stack trace from previous location ---
   at BillEasePro.Api.Middleware.GlobalExceptionMiddleware.InvokeAsync(HttpContext context) in C:\Dev\Billing Sw\src\BillEasePro.Api\Middleware\GlobalExceptionMiddleware.cs:line 21
[19:35:19 INF] HTTP POST /api/v1/billing/quote responded 409 in 20.7878 ms
[19:35:19 INF] Request finished HTTP/1.1 POST http://localhost:5244/api/v1/billing/quote - 409 null application/json; charset=utf-8 21.8886ms
[19:35:21 INF] Request starting HTTP/1.1 POST http://localhost:5244/api/v1/billing/quote - application/json 482
[19:35:21 INF] CORS policy execution successful.
[19:35:21 INF] Executing endpoint 'BillEasePro.Api.Controllers.BillingController.Quote (BillEasePro.Api)'
[19:35:21 INF] Route matched with {action = "Quote", controller = "Billing"}. Executing controller action with signature System.Threading.Tasks.Task`1[BillEasePro.Application.Dtos.BillQuoteDto] Quote(BillEasePro.Application.Dtos.BillQuoteRequest, System.Threading.CancellationToken) on controller BillEasePro.Api.Controllers.BillingController (BillEasePro.Api).
[19:35:21 INF] Executed DbCommand (1ms) [Parameters=[@__productIds_0='?' (Size = 4000)], CommandType='Text', CommandTimeout='30']
SELECT [p].[Id], [p].[Barcode], [p].[BatchTracking], [p].[Brand], [p].[CategoryId], [p].[Composition], [p].[CostPrice], [p].[CreatedAt], [p].[CreatedBy], [p].[DeletedAt], [p].[DeletedBy], [p].[ExpiryTracking], [p].[FoodType], [p].[HsnSacCode], [p].[ImageUrl], [p].[IsActive], [p].[IsDeleted], [p].[IsFeatured], [p].[IsStockTracked], [p].[IsTaxInclusive], [p].[LowStockThreshold], [p].[Manufacturer], [p].[MaxDiscountPercent], [p].[MaxStockThreshold], [p].[Mrp], [p].[Name], [p].[PortionSize], [p].[PreparationTimeMinutes], [p].[RecipeCost], [p].[ReorderQuantity], [p].[RequiresPrescription], [p].[SellingPrice], [p].[ShopId], [p].[Sku], [p].[SubCategory], [p].[TaxSlabId], [p].[UnitOfMeasureId], [p].[UpdatedAt], [p].[UpdatedBy], [p].[WholesalePrice], [t0].[Id], [t0].[CreatedAt], [t0].[CreatedBy], [t0].[DeletedAt], [t0].[DeletedBy], [t0].[IsActive], [t0].[IsDeleted], [t0].[Name], [t0].[Rate], [t0].[TaxRegime], [t0].[UpdatedAt], [t0].[UpdatedBy]
FROM [Products] AS [p]
INNER JOIN (
    SELECT [t].[Id], [t].[CreatedAt], [t].[CreatedBy], [t].[DeletedAt], [t].[DeletedBy], [t].[IsActive], [t].[IsDeleted], [t].[Name], [t].[Rate], [t].[TaxRegime], [t].[UpdatedAt], [t].[UpdatedBy]
    FROM [TaxSlabs] AS [t]
    WHERE [t].[IsDeleted] = CAST(0 AS bit)
) AS [t0] ON [p].[TaxSlabId] = [t0].[Id]
WHERE [p].[IsDeleted] = CAST(0 AS bit) AND [p].[Id] IN (
    SELECT [p0].[value]
    FROM OPENJSON(@__productIds_0) WITH ([value] uniqueidentifier '$') AS [p0]
)
[19:35:21 INF] Executed DbCommand (1ms) [Parameters=[@__id_0='?' (DbType = Guid)], CommandType='Text', CommandTimeout='30']
SELECT TOP(1) [s].[Id], [s].[AddressLine1], [s].[AddressLine2], [s].[City], [s].[Country], [s].[CreatedAt], [s].[CreatedBy], [s].[CurrencyCode], [s].[DeletedAt], [s].[DeletedBy], [s].[Email], [s].[IndustryType], [s].[IsDeleted], [s].[LegalName], [s].[LogoUrl], [s].[Name], [s].[Phone], [s].[PostalCode], [s].[State], [s].[TaxRegime], [s].[TaxRegistrationNumber], [s].[UpdatedAt], [s].[UpdatedBy]
FROM [Shops] AS [s]
WHERE [s].[IsDeleted] = CAST(0 AS bit) AND [s].[Id] = @__id_0
[19:35:21 INF] Executed action BillEasePro.Api.Controllers.BillingController.Quote (BillEasePro.Api) in 5.3616ms
[19:35:21 INF] Executed endpoint 'BillEasePro.Api.Controllers.BillingController.Quote (BillEasePro.Api)'
[19:35:21 ERR] Unhandled API exception
System.InvalidOperationException: Cannot create a DbSet for 'ShopSetting' because this type is not included in the model for the context.
   at Microsoft.EntityFrameworkCore.Internal.InternalDbSet`1.get_EntityType()
   at Microsoft.EntityFrameworkCore.Internal.InternalDbSet`1.get_EntityQueryable()
   at Microsoft.EntityFrameworkCore.Internal.InternalDbSet`1.System.Linq.IQueryable.get_Provider()
   at System.Linq.Queryable.Where[TSource](IQueryable`1 source, Expression`1 predicate)
   at BillEasePro.Application.Features.Billing.BillingCalculator.CalculateAsync(IRepository`1 products, IRepository`1 coupons, IRepository`1 shops, IRepository`1 settings, Guid shopId, IReadOnlyList`1 items, Nullable`1 billDiscountType, Decimal billDiscountValue, String couponCode, Boolean isInterstate, Decimal amountTendered, CancellationToken cancellationToken) in C:\Dev\Billing Sw\src\BillEasePro.Application\Features\Billing\BillOperationsCommands.cs:line 637
   at BillEasePro.Application.Features.Billing.QuoteBillCommandHandler.Handle(QuoteBillCommand request, CancellationToken cancellationToken) in C:\Dev\Billing Sw\src\BillEasePro.Application\Features\Billing\BillOperationsCommands.cs:line 176
   at BillEasePro.Application.Validation.ValidationBehavior`2.Handle(TRequest request, RequestHandlerDelegate`1 next, CancellationToken cancellationToken) in C:\Dev\Billing Sw\src\BillEasePro.Application\Validation\ValidationBehavior.cs:line 15
   at lambda_method1800(Closure, Object)
   at Microsoft.AspNetCore.Mvc.Infrastructure.ActionMethodExecutor.AwaitableObjectResultExecutor.Execute(ActionContext actionContext, IActionResultTypeMapper mapper, ObjectMethodExecutor executor, Object controller, Object[] arguments)
   at Microsoft.AspNetCore.Mvc.Infrastructure.ControllerActionInvoker.<InvokeActionMethodAsync>g__Awaited|12_0(ControllerActionInvoker invoker, ValueTask`1 actionResultValueTask)
   at Microsoft.AspNetCore.Mvc.Infrastructure.ControllerActionInvoker.<InvokeNextActionFilterAsync>g__Awaited|10_0(ControllerActionInvoker invoker, Task lastTask, State next, Scope scope, Object state, Boolean isCompleted)
   at Microsoft.AspNetCore.Mvc.Infrastructure.ControllerActionInvoker.Rethrow(ActionExecutedContextSealed context)
   at Microsoft.AspNetCore.Mvc.Infrastructure.ControllerActionInvoker.Next(State& next, Scope& scope, Object& state, Boolean& isCompleted)
   at Microsoft.AspNetCore.Mvc.Infrastructure.ControllerActionInvoker.<InvokeInnerFilterAsync>g__Awaited|13_0(ControllerActionInvoker invoker, Task lastTask, State next, Scope scope, Object state, Boolean isCompleted)
   at Microsoft.AspNetCore.Mvc.Infrastructure.ResourceInvoker.<InvokeFilterPipelineAsync>g__Awaited|20_0(ResourceInvoker invoker, Task lastTask, State next, Scope scope, Object state, Boolean isCompleted)
   at Microsoft.AspNetCore.Mvc.Infrastructure.ResourceInvoker.<InvokeAsync>g__Logged|17_1(ResourceInvoker invoker)
   at Microsoft.AspNetCore.Mvc.Infrastructure.ResourceInvoker.<InvokeAsync>g__Logged|17_1(ResourceInvoker invoker)
   at Microsoft.AspNetCore.Routing.EndpointMiddleware.<Invoke>g__AwaitRequestTask|7_0(Endpoint endpoint, Task requestTask, ILogger logger)
   at Microsoft.AspNetCore.Authorization.AuthorizationMiddleware.Invoke(HttpContext context)
   at Microsoft.AspNetCore.Authentication.AuthenticationMiddleware.Invoke(HttpContext context)
   at Swashbuckle.AspNetCore.SwaggerUI.SwaggerUIMiddleware.Invoke(HttpContext httpContext)
   at Swashbuckle.AspNetCore.Swagger.SwaggerMiddleware.Invoke(HttpContext httpContext, ISwaggerProvider swaggerProvider)
   at Program.<>c.<<<Main>$>b__0_9>d.MoveNext() in C:\Dev\Billing Sw\src\BillEasePro.Api\Program.cs:line 118
--- End of stack trace from previous location ---
   at BillEasePro.Api.Middleware.GlobalExceptionMiddleware.InvokeAsync(HttpContext context) in C:\Dev\Billing Sw\src\BillEasePro.Api\Middleware\GlobalExceptionMiddleware.cs:line 21
[19:35:21 INF] HTTP POST /api/v1/billing/quote responded 409 in 10.1948 ms
[19:35:21 INF] Request finished HTTP/1.1 POST http://localhost:5244/api/v1/billing/quote - 409 null application/json; charset=utf-8 15.2107ms
[19:35:21 INF] Request starting HTTP/1.1 POST http://localhost:5244/api/v1/billing/quote - application/json 482
[19:35:21 INF] CORS policy execution successful.
[19:35:21 INF] Executing endpoint 'BillEasePro.Api.Controllers.BillingController.Quote (BillEasePro.Api)'
[19:35:21 INF] Route matched with {action = "Quote", controller = "Billing"}. Executing controller action with signature System.Threading.Tasks.Task`1[BillEasePro.Application.Dtos.BillQuoteDto] Quote(BillEasePro.Application.Dtos.BillQuoteRequest, System.Threading.CancellationToken) on controller BillEasePro.Api.Controllers.BillingController (BillEasePro.Api).
[19:35:21 INF] Executed DbCommand (2ms) [Parameters=[@__productIds_0='?' (Size = 4000)], CommandType='Text', CommandTimeout='30']
SELECT [p].[Id], [p].[Barcode], [p].[BatchTracking], [p].[Brand], [p].[CategoryId], [p].[Composition], [p].[CostPrice], [p].[CreatedAt], [p].[CreatedBy], [p].[DeletedAt], [p].[DeletedBy], [p].[ExpiryTracking], [p].[FoodType], [p].[HsnSacCode], [p].[ImageUrl], [p].[IsActive], [p].[IsDeleted], [p].[IsFeatured], [p].[IsStockTracked], [p].[IsTaxInclusive], [p].[LowStockThreshold], [p].[Manufacturer], [p].[MaxDiscountPercent], [p].[MaxStockThreshold], [p].[Mrp], [p].[Name], [p].[PortionSize], [p].[PreparationTimeMinutes], [p].[RecipeCost], [p].[ReorderQuantity], [p].[RequiresPrescription], [p].[SellingPrice], [p].[ShopId], [p].[Sku], [p].[SubCategory], [p].[TaxSlabId], [p].[UnitOfMeasureId], [p].[UpdatedAt], [p].[UpdatedBy], [p].[WholesalePrice], [t0].[Id], [t0].[CreatedAt], [t0].[CreatedBy], [t0].[DeletedAt], [t0].[DeletedBy], [t0].[IsActive], [t0].[IsDeleted], [t0].[Name], [t0].[Rate], [t0].[TaxRegime], [t0].[UpdatedAt], [t0].[UpdatedBy]
FROM [Products] AS [p]
INNER JOIN (
    SELECT [t].[Id], [t].[CreatedAt], [t].[CreatedBy], [t].[DeletedAt], [t].[DeletedBy], [t].[IsActive], [t].[IsDeleted], [t].[Name], [t].[Rate], [t].[TaxRegime], [t].[UpdatedAt], [t].[UpdatedBy]
    FROM [TaxSlabs] AS [t]
    WHERE [t].[IsDeleted] = CAST(0 AS bit)
) AS [t0] ON [p].[TaxSlabId] = [t0].[Id]
WHERE [p].[IsDeleted] = CAST(0 AS bit) AND [p].[Id] IN (
    SELECT [p0].[value]
    FROM OPENJSON(@__productIds_0) WITH ([value] uniqueidentifier '$') AS [p0]
)
[19:35:21 INF] Executed DbCommand (1ms) [Parameters=[@__id_0='?' (DbType = Guid)], CommandType='Text', CommandTimeout='30']
SELECT TOP(1) [s].[Id], [s].[AddressLine1], [s].[AddressLine2], [s].[City], [s].[Country], [s].[CreatedAt], [s].[CreatedBy], [s].[CurrencyCode], [s].[DeletedAt], [s].[DeletedBy], [s].[Email], [s].[IndustryType], [s].[IsDeleted], [s].[LegalName], [s].[LogoUrl], [s].[Name], [s].[Phone], [s].[PostalCode], [s].[State], [s].[TaxRegime], [s].[TaxRegistrationNumber], [s].[UpdatedAt], [s].[UpdatedBy]
FROM [Shops] AS [s]
WHERE [s].[IsDeleted] = CAST(0 AS bit) AND [s].[Id] = @__id_0
[19:35:21 INF] Executed action BillEasePro.Api.Controllers.BillingController.Quote (BillEasePro.Api) in 8.4651ms
[19:35:21 INF] Executed endpoint 'BillEasePro.Api.Controllers.BillingController.Quote (BillEasePro.Api)'
[19:35:21 ERR] Unhandled API exception
System.InvalidOperationException: Cannot create a DbSet for 'ShopSetting' because this type is not included in the model for the context.
   at Microsoft.EntityFrameworkCore.Internal.InternalDbSet`1.get_EntityType()
   at Microsoft.EntityFrameworkCore.Internal.InternalDbSet`1.get_EntityQueryable()
   at Microsoft.EntityFrameworkCore.Internal.InternalDbSet`1.System.Linq.IQueryable.get_Provider()
   at System.Linq.Queryable.Where[TSource](IQueryable`1 source, Expression`1 predicate)
   at BillEasePro.Application.Features.Billing.BillingCalculator.CalculateAsync(IRepository`1 products, IRepository`1 coupons, IRepository`1 shops, IRepository`1 settings, Guid shopId, IReadOnlyList`1 items, Nullable`1 billDiscountType, Decimal billDiscountValue, String couponCode, Boolean isInterstate, Decimal amountTendered, CancellationToken cancellationToken) in C:\Dev\Billing Sw\src\BillEasePro.Application\Features\Billing\BillOperationsCommands.cs:line 637
   at BillEasePro.Application.Features.Billing.QuoteBillCommandHandler.Handle(QuoteBillCommand request, CancellationToken cancellationToken) in C:\Dev\Billing Sw\src\BillEasePro.Application\Features\Billing\BillOperationsCommands.cs:line 176
   at BillEasePro.Application.Validation.ValidationBehavior`2.Handle(TRequest request, RequestHandlerDelegate`1 next, CancellationToken cancellationToken) in C:\Dev\Billing Sw\src\BillEasePro.Application\Validation\ValidationBehavior.cs:line 15
   at lambda_method1800(Closure, Object)
   at Microsoft.AspNetCore.Mvc.Infrastructure.ActionMethodExecutor.AwaitableObjectResultExecutor.Execute(ActionContext actionContext, IActionResultTypeMapper mapper, ObjectMethodExecutor executor, Object controller, Object[] arguments)
   at Microsoft.AspNetCore.Mvc.Infrastructure.ControllerActionInvoker.<InvokeActionMethodAsync>g__Awaited|12_0(ControllerActionInvoker invoker, ValueTask`1 actionResultValueTask)
   at Microsoft.AspNetCore.Mvc.Infrastructure.ControllerActionInvoker.<InvokeNextActionFilterAsync>g__Awaited|10_0(ControllerActionInvoker invoker, Task lastTask, State next, Scope scope, Object state, Boolean isCompleted)
   at Microsoft.AspNetCore.Mvc.Infrastructure.ControllerActionInvoker.Rethrow(ActionExecutedContextSealed context)
   at Microsoft.AspNetCore.Mvc.Infrastructure.ControllerActionInvoker.Next(State& next, Scope& scope, Object& state, Boolean& isCompleted)
   at Microsoft.AspNetCore.Mvc.Infrastructure.ControllerActionInvoker.<InvokeInnerFilterAsync>g__Awaited|13_0(ControllerActionInvoker invoker, Task lastTask, State next, Scope scope, Object state, Boolean isCompleted)
   at Microsoft.AspNetCore.Mvc.Infrastructure.ResourceInvoker.<InvokeFilterPipelineAsync>g__Awaited|20_0(ResourceInvoker invoker, Task lastTask, State next, Scope scope, Object state, Boolean isCompleted)
   at Microsoft.AspNetCore.Mvc.Infrastructure.ResourceInvoker.<InvokeAsync>g__Logged|17_1(ResourceInvoker invoker)
   at Microsoft.AspNetCore.Mvc.Infrastructure.ResourceInvoker.<InvokeAsync>g__Logged|17_1(ResourceInvoker invoker)
   at Microsoft.AspNetCore.Routing.EndpointMiddleware.<Invoke>g__AwaitRequestTask|7_0(Endpoint endpoint, Task requestTask, ILogger logger)
   at Microsoft.AspNetCore.Authorization.AuthorizationMiddleware.Invoke(HttpContext context)
   at Microsoft.AspNetCore.Authentication.AuthenticationMiddleware.Invoke(HttpContext context)
   at Swashbuckle.AspNetCore.SwaggerUI.SwaggerUIMiddleware.Invoke(HttpContext httpContext)
   at Swashbuckle.AspNetCore.Swagger.SwaggerMiddleware.Invoke(HttpContext httpContext, ISwaggerProvider swaggerProvider)
   at Program.<>c.<<<Main>$>b__0_9>d.MoveNext() in C:\Dev\Billing Sw\src\BillEasePro.Api\Program.cs:line 118
--- End of stack trace from previous location ---
   at BillEasePro.Api.Middleware.GlobalExceptionMiddleware.InvokeAsync(HttpContext context) in C:\Dev\Billing Sw\src\BillEasePro.Api\Middleware\GlobalExceptionMiddleware.cs:line 21
[19:35:21 INF] HTTP POST /api/v1/billing/quote responded 409 in 12.5440 ms
[19:35:21 INF] Request finished HTTP/1.1 POST http://localhost:5244/api/v1/billing/quote - 409 null application/json; charset=utf-8 14.8099ms
[19:35:21 INF] Request starting HTTP/1.1 POST http://localhost:5244/api/v1/billing/quote - application/json 483
[19:35:21 INF] CORS policy execution successful.
[19:35:21 INF] Executing endpoint 'BillEasePro.Api.Controllers.BillingController.Quote (BillEasePro.Api)'
[19:35:21 INF] Route matched with {action = "Quote", controller = "Billing"}. Executing controller action with signature System.Threading.Tasks.Task`1[BillEasePro.Application.Dtos.BillQuoteDto] Quote(BillEasePro.Application.Dtos.BillQuoteRequest, System.Threading.CancellationToken) on controller BillEasePro.Api.Controllers.BillingController (BillEasePro.Api).
[19:35:22 INF] Executed DbCommand (2ms) [Parameters=[@__productIds_0='?' (Size = 4000)], CommandType='Text', CommandTimeout='30']
SELECT [p].[Id], [p].[Barcode], [p].[BatchTracking], [p].[Brand], [p].[CategoryId], [p].[Composition], [p].[CostPrice], [p].[CreatedAt], [p].[CreatedBy], [p].[DeletedAt], [p].[DeletedBy], [p].[ExpiryTracking], [p].[FoodType], [p].[HsnSacCode], [p].[ImageUrl], [p].[IsActive], [p].[IsDeleted], [p].[IsFeatured], [p].[IsStockTracked], [p].[IsTaxInclusive], [p].[LowStockThreshold], [p].[Manufacturer], [p].[MaxDiscountPercent], [p].[MaxStockThreshold], [p].[Mrp], [p].[Name], [p].[PortionSize], [p].[PreparationTimeMinutes], [p].[RecipeCost], [p].[ReorderQuantity], [p].[RequiresPrescription], [p].[SellingPrice], [p].[ShopId], [p].[Sku], [p].[SubCategory], [p].[TaxSlabId], [p].[UnitOfMeasureId], [p].[UpdatedAt], [p].[UpdatedBy], [p].[WholesalePrice], [t0].[Id], [t0].[CreatedAt], [t0].[CreatedBy], [t0].[DeletedAt], [t0].[DeletedBy], [t0].[IsActive], [t0].[IsDeleted], [t0].[Name], [t0].[Rate], [t0].[TaxRegime], [t0].[UpdatedAt], [t0].[UpdatedBy]
FROM [Products] AS [p]
INNER JOIN (
    SELECT [t].[Id], [t].[CreatedAt], [t].[CreatedBy], [t].[DeletedAt], [t].[DeletedBy], [t].[IsActive], [t].[IsDeleted], [t].[Name], [t].[Rate], [t].[TaxRegime], [t].[UpdatedAt], [t].[UpdatedBy]
    FROM [TaxSlabs] AS [t]
    WHERE [t].[IsDeleted] = CAST(0 AS bit)
) AS [t0] ON [p].[TaxSlabId] = [t0].[Id]
WHERE [p].[IsDeleted] = CAST(0 AS bit) AND [p].[Id] IN (
    SELECT [p0].[value]
    FROM OPENJSON(@__productIds_0) WITH ([value] uniqueidentifier '$') AS [p0]
)
[19:35:22 INF] Executed DbCommand (1ms) [Parameters=[@__id_0='?' (DbType = Guid)], CommandType='Text', CommandTimeout='30']
SELECT TOP(1) [s].[Id], [s].[AddressLine1], [s].[AddressLine2], [s].[City], [s].[Country], [s].[CreatedAt], [s].[CreatedBy], [s].[CurrencyCode], [s].[DeletedAt], [s].[DeletedBy], [s].[Email], [s].[IndustryType], [s].[IsDeleted], [s].[LegalName], [s].[LogoUrl], [s].[Name], [s].[Phone], [s].[PostalCode], [s].[State], [s].[TaxRegime], [s].[TaxRegistrationNumber], [s].[UpdatedAt], [s].[UpdatedBy]
FROM [Shops] AS [s]
WHERE [s].[IsDeleted] = CAST(0 AS bit) AND [s].[Id] = @__id_0
[19:35:22 INF] Executed action BillEasePro.Api.Controllers.BillingController.Quote (BillEasePro.Api) in 7.4373ms
[19:35:22 INF] Executed endpoint 'BillEasePro.Api.Controllers.BillingController.Quote (BillEasePro.Api)'
[19:35:22 ERR] Unhandled API exception
System.InvalidOperationException: Cannot create a DbSet for 'ShopSetting' because this type is not included in the model for the context.
   at Microsoft.EntityFrameworkCore.Internal.InternalDbSet`1.get_EntityType()
   at Microsoft.EntityFrameworkCore.Internal.InternalDbSet`1.get_EntityQueryable()
   at Microsoft.EntityFrameworkCore.Internal.InternalDbSet`1.System.Linq.IQueryable.get_Provider()
   at System.Linq.Queryable.Where[TSource](IQueryable`1 source, Expression`1 predicate)
   at BillEasePro.Application.Features.Billing.BillingCalculator.CalculateAsync(IRepository`1 products, IRepository`1 coupons, IRepository`1 shops, IRepository`1 settings, Guid shopId, IReadOnlyList`1 items, Nullable`1 billDiscountType, Decimal billDiscountValue, String couponCode, Boolean isInterstate, Decimal amountTendered, CancellationToken cancellationToken) in C:\Dev\Billing Sw\src\BillEasePro.Application\Features\Billing\BillOperationsCommands.cs:line 637
   at BillEasePro.Application.Features.Billing.QuoteBillCommandHandler.Handle(QuoteBillCommand request, CancellationToken cancellationToken) in C:\Dev\Billing Sw\src\BillEasePro.Application\Features\Billing\BillOperationsCommands.cs:line 176
   at BillEasePro.Application.Validation.ValidationBehavior`2.Handle(TRequest request, RequestHandlerDelegate`1 next, CancellationToken cancellationToken) in C:\Dev\Billing Sw\src\BillEasePro.Application\Validation\ValidationBehavior.cs:line 15
   at lambda_method1800(Closure, Object)
   at Microsoft.AspNetCore.Mvc.Infrastructure.ActionMethodExecutor.AwaitableObjectResultExecutor.Execute(ActionContext actionContext, IActionResultTypeMapper mapper, ObjectMethodExecutor executor, Object controller, Object[] arguments)
   at Microsoft.AspNetCore.Mvc.Infrastructure.ControllerActionInvoker.<InvokeActionMethodAsync>g__Awaited|12_0(ControllerActionInvoker invoker, ValueTask`1 actionResultValueTask)
   at Microsoft.AspNetCore.Mvc.Infrastructure.ControllerActionInvoker.<InvokeNextActionFilterAsync>g__Awaited|10_0(ControllerActionInvoker invoker, Task lastTask, State next, Scope scope, Object state, Boolean isCompleted)
   at Microsoft.AspNetCore.Mvc.Infrastructure.ControllerActionInvoker.Rethrow(ActionExecutedContextSealed context)
   at Microsoft.AspNetCore.Mvc.Infrastructure.ControllerActionInvoker.Next(State& next, Scope& scope, Object& state, Boolean& isCompleted)
   at Microsoft.AspNetCore.Mvc.Infrastructure.ControllerActionInvoker.<InvokeInnerFilterAsync>g__Awaited|13_0(ControllerActionInvoker invoker, Task lastTask, State next, Scope scope, Object state, Boolean isCompleted)
   at Microsoft.AspNetCore.Mvc.Infrastructure.ResourceInvoker.<InvokeFilterPipelineAsync>g__Awaited|20_0(ResourceInvoker invoker, Task lastTask, State next, Scope scope, Object state, Boolean isCompleted)
   at Microsoft.AspNetCore.Mvc.Infrastructure.ResourceInvoker.<InvokeAsync>g__Logged|17_1(ResourceInvoker invoker)
   at Microsoft.AspNetCore.Mvc.Infrastructure.ResourceInvoker.<InvokeAsync>g__Logged|17_1(ResourceInvoker invoker)
   at Microsoft.AspNetCore.Routing.EndpointMiddleware.<Invoke>g__AwaitRequestTask|7_0(Endpoint endpoint, Task requestTask, ILogger logger)
   at Microsoft.AspNetCore.Authorization.AuthorizationMiddleware.Invoke(HttpContext context)
   at Microsoft.AspNetCore.Authentication.AuthenticationMiddleware.Invoke(HttpContext context)
   at Swashbuckle.AspNetCore.SwaggerUI.SwaggerUIMiddleware.Invoke(HttpContext httpContext)
   at Swashbuckle.AspNetCore.Swagger.SwaggerMiddleware.Invoke(HttpContext httpContext, ISwaggerProvider swaggerProvider)
   at Program.<>c.<<<Main>$>b__0_9>d.MoveNext() in C:\Dev\Billing Sw\src\BillEasePro.Api\Program.cs:line 118
--- End of stack trace from previous location ---
   at BillEasePro.Api.Middleware.GlobalExceptionMiddleware.InvokeAsync(HttpContext context) in C:\Dev\Billing Sw\src\BillEasePro.Api\Middleware\GlobalExceptionMiddleware.cs:line 21
[19:35:22 INF] HTTP POST /api/v1/billing/quote responded 409 in 11.4831 ms
[19:35:22 INF] Request finished HTTP/1.1 POST http://localhost:5244/api/v1/billing/quote - 409 null application/json; charset=utf-8 13.9296ms
[19:35:46 INF] Request starting HTTP/1.1 OPTIONS http://localhost:5244/api/v1/billing/customers/search?shopId=10000000-0000-0000-0000-000000000001&term=CH - null null
[19:35:46 INF] CORS policy execution successful.
[19:35:46 INF] HTTP OPTIONS /api/v1/billing/customers/search responded 204 in 0.2462 ms
[19:35:46 INF] Request finished HTTP/1.1 OPTIONS http://localhost:5244/api/v1/billing/customers/search?shopId=10000000-0000-0000-0000-000000000001&term=CH - 204 null null 1.0017ms
[19:35:46 INF] Request starting HTTP/1.1 GET http://localhost:5244/api/v1/billing/customers/search?shopId=10000000-0000-0000-0000-000000000001&term=CH - null null
[19:35:46 INF] CORS policy execution successful.
[19:35:46 INF] Executing endpoint 'BillEasePro.Api.Controllers.BillingController.SearchCustomers (BillEasePro.Api)'
[19:35:46 INF] Route matched with {action = "SearchCustomers", controller = "Billing"}. Executing controller action with signature System.Threading.Tasks.Task`1[System.Collections.Generic.IReadOnlyList`1[BillEasePro.Application.Dtos.CustomerSearchResultDto]] SearchCustomers(System.Guid, System.String, System.Threading.CancellationToken) on controller BillEasePro.Api.Controllers.BillingController (BillEasePro.Api).
[19:35:46 INF] Executed DbCommand (14ms) [Parameters=[@__p_2='?' (DbType = Int32), @__request_ShopId_0='?' (DbType = Guid), @__term_1_contains='?' (Size = 4000), @__term_1_contains_1='?' (Size = 450)], CommandType='Text', CommandTimeout='30']
SELECT TOP(@__p_2) [c].[Id], [c].[Name], [c].[Phone], [c].[Email], [c].[LoyaltyPoints], [c].[OutstandingBalance], [c].[CreditLimit]
FROM [Customers] AS [c]
WHERE [c].[IsDeleted] = CAST(0 AS bit) AND [c].[ShopId] = @__request_ShopId_0 AND (LOWER([c].[Name]) LIKE @__term_1_contains ESCAPE N'\' OR ([c].[Phone] IS NOT NULL AND [c].[Phone] LIKE @__term_1_contains_1 ESCAPE N'\'))
ORDER BY [c].[Name]
[19:35:46 INF] Executing ObjectResult, writing value of type 'System.Collections.Generic.List`1[[BillEasePro.Application.Dtos.CustomerSearchResultDto, BillEasePro.Application, Version=1.0.0.0, Culture=neutral, PublicKeyToken=null]]'.
[19:35:46 INF] Executed action BillEasePro.Api.Controllers.BillingController.SearchCustomers (BillEasePro.Api) in 30.6687ms
[19:35:46 INF] Executed endpoint 'BillEasePro.Api.Controllers.BillingController.SearchCustomers (BillEasePro.Api)'
[19:35:46 INF] HTTP GET /api/v1/billing/customers/search responded 200 in 37.0196 ms
[19:35:46 INF] Request finished HTTP/1.1 GET http://localhost:5244/api/v1/billing/customers/search?shopId=10000000-0000-0000-0000-000000000001&term=CH - 200 null application/json; charset=utf-8 38.6755ms
[19:35:46 INF] Request starting HTTP/1.1 OPTIONS http://localhost:5244/api/v1/billing/customers/search?shopId=10000000-0000-0000-0000-000000000001&term=CHa - null null
[19:35:46 INF] CORS policy execution successful.
[19:35:46 INF] HTTP OPTIONS /api/v1/billing/customers/search responded 204 in 0.3995 ms
[19:35:46 INF] Request finished HTTP/1.1 OPTIONS http://localhost:5244/api/v1/billing/customers/search?shopId=10000000-0000-0000-0000-000000000001&term=CHa - 204 null null 2.9397ms
[19:35:46 INF] Request starting HTTP/1.1 GET http://localhost:5244/api/v1/billing/customers/search?shopId=10000000-0000-0000-0000-000000000001&term=CHa - null null
[19:35:46 INF] CORS policy execution successful.
[19:35:46 INF] Executing endpoint 'BillEasePro.Api.Controllers.BillingController.SearchCustomers (BillEasePro.Api)'
[19:35:46 INF] Route matched with {action = "SearchCustomers", controller = "Billing"}. Executing controller action with signature System.Threading.Tasks.Task`1[System.Collections.Generic.IReadOnlyList`1[BillEasePro.Application.Dtos.CustomerSearchResultDto]] SearchCustomers(System.Guid, System.String, System.Threading.CancellationToken) on controller BillEasePro.Api.Controllers.BillingController (BillEasePro.Api).
[19:35:46 INF] Executed DbCommand (1ms) [Parameters=[@__p_2='?' (DbType = Int32), @__request_ShopId_0='?' (DbType = Guid), @__term_1_contains='?' (Size = 4000), @__term_1_contains_1='?' (Size = 450)], CommandType='Text', CommandTimeout='30']
SELECT TOP(@__p_2) [c].[Id], [c].[Name], [c].[Phone], [c].[Email], [c].[LoyaltyPoints], [c].[OutstandingBalance], [c].[CreditLimit]
FROM [Customers] AS [c]
WHERE [c].[IsDeleted] = CAST(0 AS bit) AND [c].[ShopId] = @__request_ShopId_0 AND (LOWER([c].[Name]) LIKE @__term_1_contains ESCAPE N'\' OR ([c].[Phone] IS NOT NULL AND [c].[Phone] LIKE @__term_1_contains_1 ESCAPE N'\'))
ORDER BY [c].[Name]
[19:35:46 INF] Executing ObjectResult, writing value of type 'System.Collections.Generic.List`1[[BillEasePro.Application.Dtos.CustomerSearchResultDto, BillEasePro.Application, Version=1.0.0.0, Culture=neutral, PublicKeyToken=null]]'.
[19:35:46 INF] Executed action BillEasePro.Api.Controllers.BillingController.SearchCustomers (BillEasePro.Api) in 3.8388ms
[19:35:46 INF] Executed endpoint 'BillEasePro.Api.Controllers.BillingController.SearchCustomers (BillEasePro.Api)'
[19:35:46 INF] HTTP GET /api/v1/billing/customers/search responded 200 in 6.5580 ms
[19:35:46 INF] Request finished HTTP/1.1 GET http://localhost:5244/api/v1/billing/customers/search?shopId=10000000-0000-0000-0000-000000000001&term=CHa - 200 null application/json; charset=utf-8 7.7548ms
[19:35:46 INF] Request starting HTTP/1.1 OPTIONS http://localhost:5244/api/v1/billing/customers/search?shopId=10000000-0000-0000-0000-000000000001&term=CHan - null null
[19:35:46 INF] CORS policy execution successful.
[19:35:46 INF] HTTP OPTIONS /api/v1/billing/customers/search responded 204 in 0.3124 ms
[19:35:46 INF] Request finished HTTP/1.1 OPTIONS http://localhost:5244/api/v1/billing/customers/search?shopId=10000000-0000-0000-0000-000000000001&term=CHan - 204 null null 2.6823ms
[19:35:46 INF] Request starting HTTP/1.1 GET http://localhost:5244/api/v1/billing/customers/search?shopId=10000000-0000-0000-0000-000000000001&term=CHan - null null
[19:35:46 INF] CORS policy execution successful.
[19:35:46 INF] Executing endpoint 'BillEasePro.Api.Controllers.BillingController.SearchCustomers (BillEasePro.Api)'
[19:35:46 INF] Route matched with {action = "SearchCustomers", controller = "Billing"}. Executing controller action with signature System.Threading.Tasks.Task`1[System.Collections.Generic.IReadOnlyList`1[BillEasePro.Application.Dtos.CustomerSearchResultDto]] SearchCustomers(System.Guid, System.String, System.Threading.CancellationToken) on controller BillEasePro.Api.Controllers.BillingController (BillEasePro.Api).
[19:35:46 INF] Executed DbCommand (1ms) [Parameters=[@__p_2='?' (DbType = Int32), @__request_ShopId_0='?' (DbType = Guid), @__term_1_contains='?' (Size = 4000), @__term_1_contains_1='?' (Size = 450)], CommandType='Text', CommandTimeout='30']
SELECT TOP(@__p_2) [c].[Id], [c].[Name], [c].[Phone], [c].[Email], [c].[LoyaltyPoints], [c].[OutstandingBalance], [c].[CreditLimit]
FROM [Customers] AS [c]
WHERE [c].[IsDeleted] = CAST(0 AS bit) AND [c].[ShopId] = @__request_ShopId_0 AND (LOWER([c].[Name]) LIKE @__term_1_contains ESCAPE N'\' OR ([c].[Phone] IS NOT NULL AND [c].[Phone] LIKE @__term_1_contains_1 ESCAPE N'\'))
ORDER BY [c].[Name]
[19:35:46 INF] Executing ObjectResult, writing value of type 'System.Collections.Generic.List`1[[BillEasePro.Application.Dtos.CustomerSearchResultDto, BillEasePro.Application, Version=1.0.0.0, Culture=neutral, PublicKeyToken=null]]'.
[19:35:46 INF] Executed action BillEasePro.Api.Controllers.BillingController.SearchCustomers (BillEasePro.Api) in 3.5208ms
[19:35:46 INF] Executed endpoint 'BillEasePro.Api.Controllers.BillingController.SearchCustomers (BillEasePro.Api)'
[19:35:46 INF] HTTP GET /api/v1/billing/customers/search responded 200 in 6.2546 ms
[19:35:46 INF] Request finished HTTP/1.1 GET http://localhost:5244/api/v1/billing/customers/search?shopId=10000000-0000-0000-0000-000000000001&term=CHan - 200 null application/json; charset=utf-8 7.1513ms
[19:35:46 INF] Request starting HTTP/1.1 OPTIONS http://localhost:5244/api/v1/billing/customers/search?shopId=10000000-0000-0000-0000-000000000001&term=CHand - null null
[19:35:46 INF] CORS policy execution successful.
[19:35:46 INF] HTTP OPTIONS /api/v1/billing/customers/search responded 204 in 1.8909 ms
[19:35:46 INF] Request finished HTTP/1.1 OPTIONS http://localhost:5244/api/v1/billing/customers/search?shopId=10000000-0000-0000-0000-000000000001&term=CHand - 204 null null 2.8832ms
[19:35:46 INF] Request starting HTTP/1.1 GET http://localhost:5244/api/v1/billing/customers/search?shopId=10000000-0000-0000-0000-000000000001&term=CHand - null null
[19:35:46 INF] CORS policy execution successful.
[19:35:46 INF] Executing endpoint 'BillEasePro.Api.Controllers.BillingController.SearchCustomers (BillEasePro.Api)'
[19:35:46 INF] Route matched with {action = "SearchCustomers", controller = "Billing"}. Executing controller action with signature System.Threading.Tasks.Task`1[System.Collections.Generic.IReadOnlyList`1[BillEasePro.Application.Dtos.CustomerSearchResultDto]] SearchCustomers(System.Guid, System.String, System.Threading.CancellationToken) on controller BillEasePro.Api.Controllers.BillingController (BillEasePro.Api).
[19:35:46 INF] Executed DbCommand (1ms) [Parameters=[@__p_2='?' (DbType = Int32), @__request_ShopId_0='?' (DbType = Guid), @__term_1_contains='?' (Size = 4000), @__term_1_contains_1='?' (Size = 450)], CommandType='Text', CommandTimeout='30']
SELECT TOP(@__p_2) [c].[Id], [c].[Name], [c].[Phone], [c].[Email], [c].[LoyaltyPoints], [c].[OutstandingBalance], [c].[CreditLimit]
FROM [Customers] AS [c]
WHERE [c].[IsDeleted] = CAST(0 AS bit) AND [c].[ShopId] = @__request_ShopId_0 AND (LOWER([c].[Name]) LIKE @__term_1_contains ESCAPE N'\' OR ([c].[Phone] IS NOT NULL AND [c].[Phone] LIKE @__term_1_contains_1 ESCAPE N'\'))
ORDER BY [c].[Name]
[19:35:46 INF] Executing ObjectResult, writing value of type 'System.Collections.Generic.List`1[[BillEasePro.Application.Dtos.CustomerSearchResultDto, BillEasePro.Application, Version=1.0.0.0, Culture=neutral, PublicKeyToken=null]]'.
[19:35:46 INF] Executed action BillEasePro.Api.Controllers.BillingController.SearchCustomers (BillEasePro.Api) in 5.3502ms
[19:35:46 INF] Executed endpoint 'BillEasePro.Api.Controllers.BillingController.SearchCustomers (BillEasePro.Api)'
[19:35:46 INF] HTTP GET /api/v1/billing/customers/search responded 200 in 7.9677 ms
[19:35:46 INF] Request finished HTTP/1.1 GET http://localhost:5244/api/v1/billing/customers/search?shopId=10000000-0000-0000-0000-000000000001&term=CHand - 200 null application/json; charset=utf-8 8.925ms
[19:35:46 INF] Request starting HTTP/1.1 OPTIONS http://localhost:5244/api/v1/billing/customers/search?shopId=10000000-0000-0000-0000-000000000001&term=CHanda - null null
[19:35:46 INF] CORS policy execution successful.
[19:35:46 INF] HTTP OPTIONS /api/v1/billing/customers/search responded 204 in 0.7332 ms
[19:35:46 INF] Request finished HTTP/1.1 OPTIONS http://localhost:5244/api/v1/billing/customers/search?shopId=10000000-0000-0000-0000-000000000001&term=CHanda - 204 null null 6.7383ms
[19:35:46 INF] Request starting HTTP/1.1 GET http://localhost:5244/api/v1/billing/customers/search?shopId=10000000-0000-0000-0000-000000000001&term=CHanda - null null
[19:35:46 INF] CORS policy execution successful.
[19:35:46 INF] Executing endpoint 'BillEasePro.Api.Controllers.BillingController.SearchCustomers (BillEasePro.Api)'
[19:35:46 INF] Route matched with {action = "SearchCustomers", controller = "Billing"}. Executing controller action with signature System.Threading.Tasks.Task`1[System.Collections.Generic.IReadOnlyList`1[BillEasePro.Application.Dtos.CustomerSearchResultDto]] SearchCustomers(System.Guid, System.String, System.Threading.CancellationToken) on controller BillEasePro.Api.Controllers.BillingController (BillEasePro.Api).
[19:35:46 INF] Executed DbCommand (1ms) [Parameters=[@__p_2='?' (DbType = Int32), @__request_ShopId_0='?' (DbType = Guid), @__term_1_contains='?' (Size = 4000), @__term_1_contains_1='?' (Size = 450)], CommandType='Text', CommandTimeout='30']
SELECT TOP(@__p_2) [c].[Id], [c].[Name], [c].[Phone], [c].[Email], [c].[LoyaltyPoints], [c].[OutstandingBalance], [c].[CreditLimit]
FROM [Customers] AS [c]
WHERE [c].[IsDeleted] = CAST(0 AS bit) AND [c].[ShopId] = @__request_ShopId_0 AND (LOWER([c].[Name]) LIKE @__term_1_contains ESCAPE N'\' OR ([c].[Phone] IS NOT NULL AND [c].[Phone] LIKE @__term_1_contains_1 ESCAPE N'\'))
ORDER BY [c].[Name]
[19:35:46 INF] Executing ObjectResult, writing value of type 'System.Collections.Generic.List`1[[BillEasePro.Application.Dtos.CustomerSearchResultDto, BillEasePro.Application, Version=1.0.0.0, Culture=neutral, PublicKeyToken=null]]'.
[19:35:46 INF] Executed action BillEasePro.Api.Controllers.BillingController.SearchCustomers (BillEasePro.Api) in 4.314ms
[19:35:46 INF] Executed endpoint 'BillEasePro.Api.Controllers.BillingController.SearchCustomers (BillEasePro.Api)'
[19:35:46 INF] HTTP GET /api/v1/billing/customers/search responded 200 in 8.2582 ms
[19:35:46 INF] Request finished HTTP/1.1 GET http://localhost:5244/api/v1/billing/customers/search?shopId=10000000-0000-0000-0000-000000000001&term=CHanda - 200 null application/json; charset=utf-8 9.1326ms
[19:35:46 INF] Request starting HTTP/1.1 OPTIONS http://localhost:5244/api/v1/billing/customers/search?shopId=10000000-0000-0000-0000-000000000001&term=CHandan - null null
[19:35:46 INF] CORS policy execution successful.
[19:35:46 INF] HTTP OPTIONS /api/v1/billing/customers/search responded 204 in 0.8516 ms
[19:35:46 INF] Request finished HTTP/1.1 OPTIONS http://localhost:5244/api/v1/billing/customers/search?shopId=10000000-0000-0000-0000-000000000001&term=CHandan - 204 null null 3.4933ms
[19:35:46 INF] Request starting HTTP/1.1 GET http://localhost:5244/api/v1/billing/customers/search?shopId=10000000-0000-0000-0000-000000000001&term=CHandan - null null
[19:35:46 INF] CORS policy execution successful.
[19:35:46 INF] Executing endpoint 'BillEasePro.Api.Controllers.BillingController.SearchCustomers (BillEasePro.Api)'
[19:35:46 INF] Route matched with {action = "SearchCustomers", controller = "Billing"}. Executing controller action with signature System.Threading.Tasks.Task`1[System.Collections.Generic.IReadOnlyList`1[BillEasePro.Application.Dtos.CustomerSearchResultDto]] SearchCustomers(System.Guid, System.String, System.Threading.CancellationToken) on controller BillEasePro.Api.Controllers.BillingController (BillEasePro.Api).
[19:35:46 INF] Executed DbCommand (1ms) [Parameters=[@__p_2='?' (DbType = Int32), @__request_ShopId_0='?' (DbType = Guid), @__term_1_contains='?' (Size = 4000), @__term_1_contains_1='?' (Size = 450)], CommandType='Text', CommandTimeout='30']
SELECT TOP(@__p_2) [c].[Id], [c].[Name], [c].[Phone], [c].[Email], [c].[LoyaltyPoints], [c].[OutstandingBalance], [c].[CreditLimit]
FROM [Customers] AS [c]
WHERE [c].[IsDeleted] = CAST(0 AS bit) AND [c].[ShopId] = @__request_ShopId_0 AND (LOWER([c].[Name]) LIKE @__term_1_contains ESCAPE N'\' OR ([c].[Phone] IS NOT NULL AND [c].[Phone] LIKE @__term_1_contains_1 ESCAPE N'\'))
ORDER BY [c].[Name]
[19:35:46 INF] Executing ObjectResult, writing value of type 'System.Collections.Generic.List`1[[BillEasePro.Application.Dtos.CustomerSearchResultDto, BillEasePro.Application, Version=1.0.0.0, Culture=neutral, PublicKeyToken=null]]'.
[19:35:46 INF] Executed action BillEasePro.Api.Controllers.BillingController.SearchCustomers (BillEasePro.Api) in 3.1704ms
[19:35:46 INF] Executed endpoint 'BillEasePro.Api.Controllers.BillingController.SearchCustomers (BillEasePro.Api)'
[19:35:46 INF] HTTP GET /api/v1/billing/customers/search responded 200 in 5.9921 ms
[19:35:46 INF] Request finished HTTP/1.1 GET http://localhost:5244/api/v1/billing/customers/search?shopId=10000000-0000-0000-0000-000000000001&term=CHandan - 200 null application/json; charset=utf-8 6.7323ms
[19:35:47 INF] Request starting HTTP/1.1 GET http://localhost:5244/api/v1/billing/customers/search?shopId=10000000-0000-0000-0000-000000000001&term=CHandan - null null
[19:35:47 INF] CORS policy execution successful.
[19:35:47 INF] Executing endpoint 'BillEasePro.Api.Controllers.BillingController.SearchCustomers (BillEasePro.Api)'
[19:35:47 INF] Route matched with {action = "SearchCustomers", controller = "Billing"}. Executing controller action with signature System.Threading.Tasks.Task`1[System.Collections.Generic.IReadOnlyList`1[BillEasePro.Application.Dtos.CustomerSearchResultDto]] SearchCustomers(System.Guid, System.String, System.Threading.CancellationToken) on controller BillEasePro.Api.Controllers.BillingController (BillEasePro.Api).
[19:35:47 INF] Executed DbCommand (7ms) [Parameters=[@__p_2='?' (DbType = Int32), @__request_ShopId_0='?' (DbType = Guid), @__term_1_contains='?' (Size = 4000), @__term_1_contains_1='?' (Size = 450)], CommandType='Text', CommandTimeout='30']
SELECT TOP(@__p_2) [c].[Id], [c].[Name], [c].[Phone], [c].[Email], [c].[LoyaltyPoints], [c].[OutstandingBalance], [c].[CreditLimit]
FROM [Customers] AS [c]
WHERE [c].[IsDeleted] = CAST(0 AS bit) AND [c].[ShopId] = @__request_ShopId_0 AND (LOWER([c].[Name]) LIKE @__term_1_contains ESCAPE N'\' OR ([c].[Phone] IS NOT NULL AND [c].[Phone] LIKE @__term_1_contains_1 ESCAPE N'\'))
ORDER BY [c].[Name]
[19:35:47 INF] Executing ObjectResult, writing value of type 'System.Collections.Generic.List`1[[BillEasePro.Application.Dtos.CustomerSearchResultDto, BillEasePro.Application, Version=1.0.0.0, Culture=neutral, PublicKeyToken=null]]'.
[19:35:47 INF] Executed action BillEasePro.Api.Controllers.BillingController.SearchCustomers (BillEasePro.Api) in 9.4937ms
[19:35:47 INF] Executed endpoint 'BillEasePro.Api.Controllers.BillingController.SearchCustomers (BillEasePro.Api)'
[19:35:47 INF] HTTP GET /api/v1/billing/customers/search responded 200 in 12.4037 ms
[19:35:47 INF] Request finished HTTP/1.1 GET http://localhost:5244/api/v1/billing/customers/search?shopId=10000000-0000-0000-0000-000000000001&term=CHandan - 200 null application/json; charset=utf-8 13.0297ms
[19:35:47 INF] Request starting HTTP/1.1 OPTIONS http://localhost:5244/api/v1/billing/customers/search?shopId=10000000-0000-0000-0000-000000000001&term=CHandan%20m - null null
[19:35:47 INF] CORS policy execution successful.
[19:35:47 INF] HTTP OPTIONS /api/v1/billing/customers/search responded 204 in 0.3876 ms
[19:35:47 INF] Request finished HTTP/1.1 OPTIONS http://localhost:5244/api/v1/billing/customers/search?shopId=10000000-0000-0000-0000-000000000001&term=CHandan%20m - 204 null null 3.0193ms
[19:35:47 INF] Request starting HTTP/1.1 GET http://localhost:5244/api/v1/billing/customers/search?shopId=10000000-0000-0000-0000-000000000001&term=CHandan%20m - null null
[19:35:47 INF] CORS policy execution successful.
[19:35:47 INF] Executing endpoint 'BillEasePro.Api.Controllers.BillingController.SearchCustomers (BillEasePro.Api)'
[19:35:47 INF] Route matched with {action = "SearchCustomers", controller = "Billing"}. Executing controller action with signature System.Threading.Tasks.Task`1[System.Collections.Generic.IReadOnlyList`1[BillEasePro.Application.Dtos.CustomerSearchResultDto]] SearchCustomers(System.Guid, System.String, System.Threading.CancellationToken) on controller BillEasePro.Api.Controllers.BillingController (BillEasePro.Api).
[19:35:47 INF] Executed DbCommand (8ms) [Parameters=[@__p_2='?' (DbType = Int32), @__request_ShopId_0='?' (DbType = Guid), @__term_1_contains='?' (Size = 4000), @__term_1_contains_1='?' (Size = 450)], CommandType='Text', CommandTimeout='30']
SELECT TOP(@__p_2) [c].[Id], [c].[Name], [c].[Phone], [c].[Email], [c].[LoyaltyPoints], [c].[OutstandingBalance], [c].[CreditLimit]
FROM [Customers] AS [c]
WHERE [c].[IsDeleted] = CAST(0 AS bit) AND [c].[ShopId] = @__request_ShopId_0 AND (LOWER([c].[Name]) LIKE @__term_1_contains ESCAPE N'\' OR ([c].[Phone] IS NOT NULL AND [c].[Phone] LIKE @__term_1_contains_1 ESCAPE N'\'))
ORDER BY [c].[Name]
[19:35:47 INF] Executing ObjectResult, writing value of type 'System.Collections.Generic.List`1[[BillEasePro.Application.Dtos.CustomerSearchResultDto, BillEasePro.Application, Version=1.0.0.0, Culture=neutral, PublicKeyToken=null]]'.
[19:35:47 INF] Executed action BillEasePro.Api.Controllers.BillingController.SearchCustomers (BillEasePro.Api) in 10.2251ms
[19:35:47 INF] Executed endpoint 'BillEasePro.Api.Controllers.BillingController.SearchCustomers (BillEasePro.Api)'
[19:35:47 INF] HTTP GET /api/v1/billing/customers/search responded 200 in 12.6537 ms
[19:35:47 INF] Request finished HTTP/1.1 GET http://localhost:5244/api/v1/billing/customers/search?shopId=10000000-0000-0000-0000-000000000001&term=CHandan%20m - 200 null application/json; charset=utf-8 13.3353ms
[19:35:48 INF] Request starting HTTP/1.1 OPTIONS http://localhost:5244/api/v1/billing/customers/search?shopId=10000000-0000-0000-0000-000000000001&term=CHandan%20ma - null null
[19:35:48 INF] CORS policy execution successful.
[19:35:48 INF] HTTP OPTIONS /api/v1/billing/customers/search responded 204 in 0.2860 ms
[19:35:48 INF] Request finished HTTP/1.1 OPTIONS http://localhost:5244/api/v1/billing/customers/search?shopId=10000000-0000-0000-0000-000000000001&term=CHandan%20ma - 204 null null 2.4076ms
[19:35:48 INF] Request starting HTTP/1.1 GET http://localhost:5244/api/v1/billing/customers/search?shopId=10000000-0000-0000-0000-000000000001&term=CHandan%20ma - null null
[19:35:48 INF] CORS policy execution successful.
[19:35:48 INF] Executing endpoint 'BillEasePro.Api.Controllers.BillingController.SearchCustomers (BillEasePro.Api)'
[19:35:48 INF] Route matched with {action = "SearchCustomers", controller = "Billing"}. Executing controller action with signature System.Threading.Tasks.Task`1[System.Collections.Generic.IReadOnlyList`1[BillEasePro.Application.Dtos.CustomerSearchResultDto]] SearchCustomers(System.Guid, System.String, System.Threading.CancellationToken) on controller BillEasePro.Api.Controllers.BillingController (BillEasePro.Api).
[19:35:48 INF] Executed DbCommand (7ms) [Parameters=[@__p_2='?' (DbType = Int32), @__request_ShopId_0='?' (DbType = Guid), @__term_1_contains='?' (Size = 4000), @__term_1_contains_1='?' (Size = 450)], CommandType='Text', CommandTimeout='30']
SELECT TOP(@__p_2) [c].[Id], [c].[Name], [c].[Phone], [c].[Email], [c].[LoyaltyPoints], [c].[OutstandingBalance], [c].[CreditLimit]
FROM [Customers] AS [c]
WHERE [c].[IsDeleted] = CAST(0 AS bit) AND [c].[ShopId] = @__request_ShopId_0 AND (LOWER([c].[Name]) LIKE @__term_1_contains ESCAPE N'\' OR ([c].[Phone] IS NOT NULL AND [c].[Phone] LIKE @__term_1_contains_1 ESCAPE N'\'))
ORDER BY [c].[Name]
[19:35:48 INF] Executing ObjectResult, writing value of type 'System.Collections.Generic.List`1[[BillEasePro.Application.Dtos.CustomerSearchResultDto, BillEasePro.Application, Version=1.0.0.0, Culture=neutral, PublicKeyToken=null]]'.
[19:35:48 INF] Executed action BillEasePro.Api.Controllers.BillingController.SearchCustomers (BillEasePro.Api) in 9.6333ms
[19:35:48 INF] Executed endpoint 'BillEasePro.Api.Controllers.BillingController.SearchCustomers (BillEasePro.Api)'
[19:35:48 INF] HTTP GET /api/v1/billing/customers/search responded 200 in 11.4423 ms
[19:35:48 INF] Request finished HTTP/1.1 GET http://localhost:5244/api/v1/billing/customers/search?shopId=10000000-0000-0000-0000-000000000001&term=CHandan%20ma - 200 null application/json; charset=utf-8 12.0585ms
[19:35:48 INF] Request starting HTTP/1.1 OPTIONS http://localhost:5244/api/v1/billing/customers/search?shopId=10000000-0000-0000-0000-000000000001&term=CHandan%20man - null null
[19:35:48 INF] CORS policy execution successful.
[19:35:48 INF] HTTP OPTIONS /api/v1/billing/customers/search responded 204 in 0.3111 ms
[19:35:48 INF] Request finished HTTP/1.1 OPTIONS http://localhost:5244/api/v1/billing/customers/search?shopId=10000000-0000-0000-0000-000000000001&term=CHandan%20man - 204 null null 2.8583ms
[19:35:48 INF] Request starting HTTP/1.1 GET http://localhost:5244/api/v1/billing/customers/search?shopId=10000000-0000-0000-0000-000000000001&term=CHandan%20man - null null
[19:35:48 INF] CORS policy execution successful.
[19:35:48 INF] Executing endpoint 'BillEasePro.Api.Controllers.BillingController.SearchCustomers (BillEasePro.Api)'
[19:35:48 INF] Route matched with {action = "SearchCustomers", controller = "Billing"}. Executing controller action with signature System.Threading.Tasks.Task`1[System.Collections.Generic.IReadOnlyList`1[BillEasePro.Application.Dtos.CustomerSearchResultDto]] SearchCustomers(System.Guid, System.String, System.Threading.CancellationToken) on controller BillEasePro.Api.Controllers.BillingController (BillEasePro.Api).
[19:35:48 INF] Executed DbCommand (8ms) [Parameters=[@__p_2='?' (DbType = Int32), @__request_ShopId_0='?' (DbType = Guid), @__term_1_contains='?' (Size = 4000), @__term_1_contains_1='?' (Size = 450)], CommandType='Text', CommandTimeout='30']
SELECT TOP(@__p_2) [c].[Id], [c].[Name], [c].[Phone], [c].[Email], [c].[LoyaltyPoints], [c].[OutstandingBalance], [c].[CreditLimit]
FROM [Customers] AS [c]
WHERE [c].[IsDeleted] = CAST(0 AS bit) AND [c].[ShopId] = @__request_ShopId_0 AND (LOWER([c].[Name]) LIKE @__term_1_contains ESCAPE N'\' OR ([c].[Phone] IS NOT NULL AND [c].[Phone] LIKE @__term_1_contains_1 ESCAPE N'\'))
ORDER BY [c].[Name]
[19:35:48 INF] Executing ObjectResult, writing value of type 'System.Collections.Generic.List`1[[BillEasePro.Application.Dtos.CustomerSearchResultDto, BillEasePro.Application, Version=1.0.0.0, Culture=neutral, PublicKeyToken=null]]'.
[19:35:48 INF] Executed action BillEasePro.Api.Controllers.BillingController.SearchCustomers (BillEasePro.Api) in 10.6939ms
[19:35:48 INF] Executed endpoint 'BillEasePro.Api.Controllers.BillingController.SearchCustomers (BillEasePro.Api)'
[19:35:48 INF] HTTP GET /api/v1/billing/customers/search responded 200 in 12.8349 ms
[19:35:48 INF] Request finished HTTP/1.1 GET http://localhost:5244/api/v1/billing/customers/search?shopId=10000000-0000-0000-0000-000000000001&term=CHandan%20man - 200 null application/json; charset=utf-8 13.5763ms
[19:35:48 INF] Request starting HTTP/1.1 OPTIONS http://localhost:5244/api/v1/billing/customers/search?shopId=10000000-0000-0000-0000-000000000001&term=CHandan%20mand - null null
[19:35:48 INF] CORS policy execution successful.
[19:35:48 INF] HTTP OPTIONS /api/v1/billing/customers/search responded 204 in 0.8840 ms
[19:35:48 INF] Request finished HTTP/1.1 OPTIONS http://localhost:5244/api/v1/billing/customers/search?shopId=10000000-0000-0000-0000-000000000001&term=CHandan%20mand - 204 null null 2.8219ms
[19:35:48 INF] Request starting HTTP/1.1 GET http://localhost:5244/api/v1/billing/customers/search?shopId=10000000-0000-0000-0000-000000000001&term=CHandan%20mand - null null
[19:35:48 INF] CORS policy execution successful.
[19:35:48 INF] Executing endpoint 'BillEasePro.Api.Controllers.BillingController.SearchCustomers (BillEasePro.Api)'
[19:35:48 INF] Route matched with {action = "SearchCustomers", controller = "Billing"}. Executing controller action with signature System.Threading.Tasks.Task`1[System.Collections.Generic.IReadOnlyList`1[BillEasePro.Application.Dtos.CustomerSearchResultDto]] SearchCustomers(System.Guid, System.String, System.Threading.CancellationToken) on controller BillEasePro.Api.Controllers.BillingController (BillEasePro.Api).
[19:35:48 INF] Executed DbCommand (9ms) [Parameters=[@__p_2='?' (DbType = Int32), @__request_ShopId_0='?' (DbType = Guid), @__term_1_contains='?' (Size = 4000), @__term_1_contains_1='?' (Size = 450)], CommandType='Text', CommandTimeout='30']
SELECT TOP(@__p_2) [c].[Id], [c].[Name], [c].[Phone], [c].[Email], [c].[LoyaltyPoints], [c].[OutstandingBalance], [c].[CreditLimit]
FROM [Customers] AS [c]
WHERE [c].[IsDeleted] = CAST(0 AS bit) AND [c].[ShopId] = @__request_ShopId_0 AND (LOWER([c].[Name]) LIKE @__term_1_contains ESCAPE N'\' OR ([c].[Phone] IS NOT NULL AND [c].[Phone] LIKE @__term_1_contains_1 ESCAPE N'\'))
ORDER BY [c].[Name]
[19:35:48 INF] Executing ObjectResult, writing value of type 'System.Collections.Generic.List`1[[BillEasePro.Application.Dtos.CustomerSearchResultDto, BillEasePro.Application, Version=1.0.0.0, Culture=neutral, PublicKeyToken=null]]'.
[19:35:48 INF] Executed action BillEasePro.Api.Controllers.BillingController.SearchCustomers (BillEasePro.Api) in 12.4756ms
[19:35:48 INF] Executed endpoint 'BillEasePro.Api.Controllers.BillingController.SearchCustomers (BillEasePro.Api)'
[19:35:48 INF] HTTP GET /api/v1/billing/customers/search responded 200 in 15.7843 ms
[19:35:48 INF] Request finished HTTP/1.1 GET http://localhost:5244/api/v1/billing/customers/search?shopId=10000000-0000-0000-0000-000000000001&term=CHandan%20mand - 200 null application/json; charset=utf-8 16.9543ms
[19:35:48 INF] Request starting HTTP/1.1 OPTIONS http://localhost:5244/api/v1/billing/customers/search?shopId=10000000-0000-0000-0000-000000000001&term=CHandan%20manda - null null
[19:35:48 INF] CORS policy execution successful.
[19:35:48 INF] HTTP OPTIONS /api/v1/billing/customers/search responded 204 in 0.4991 ms
[19:35:48 INF] Request finished HTTP/1.1 OPTIONS http://localhost:5244/api/v1/billing/customers/search?shopId=10000000-0000-0000-0000-000000000001&term=CHandan%20manda - 204 null null 1.5674ms
[19:35:48 INF] Request starting HTTP/1.1 GET http://localhost:5244/api/v1/billing/customers/search?shopId=10000000-0000-0000-0000-000000000001&term=CHandan%20manda - null null
[19:35:48 INF] CORS policy execution successful.
[19:35:48 INF] Executing endpoint 'BillEasePro.Api.Controllers.BillingController.SearchCustomers (BillEasePro.Api)'
[19:35:48 INF] Route matched with {action = "SearchCustomers", controller = "Billing"}. Executing controller action with signature System.Threading.Tasks.Task`1[System.Collections.Generic.IReadOnlyList`1[BillEasePro.Application.Dtos.CustomerSearchResultDto]] SearchCustomers(System.Guid, System.String, System.Threading.CancellationToken) on controller BillEasePro.Api.Controllers.BillingController (BillEasePro.Api).
[19:35:48 INF] Executed DbCommand (8ms) [Parameters=[@__p_2='?' (DbType = Int32), @__request_ShopId_0='?' (DbType = Guid), @__term_1_contains='?' (Size = 4000), @__term_1_contains_1='?' (Size = 450)], CommandType='Text', CommandTimeout='30']
SELECT TOP(@__p_2) [c].[Id], [c].[Name], [c].[Phone], [c].[Email], [c].[LoyaltyPoints], [c].[OutstandingBalance], [c].[CreditLimit]
FROM [Customers] AS [c]
WHERE [c].[IsDeleted] = CAST(0 AS bit) AND [c].[ShopId] = @__request_ShopId_0 AND (LOWER([c].[Name]) LIKE @__term_1_contains ESCAPE N'\' OR ([c].[Phone] IS NOT NULL AND [c].[Phone] LIKE @__term_1_contains_1 ESCAPE N'\'))
ORDER BY [c].[Name]
[19:35:48 INF] Executing ObjectResult, writing value of type 'System.Collections.Generic.List`1[[BillEasePro.Application.Dtos.CustomerSearchResultDto, BillEasePro.Application, Version=1.0.0.0, Culture=neutral, PublicKeyToken=null]]'.
[19:35:48 INF] Executed action BillEasePro.Api.Controllers.BillingController.SearchCustomers (BillEasePro.Api) in 11.3796ms
[19:35:48 INF] Executed endpoint 'BillEasePro.Api.Controllers.BillingController.SearchCustomers (BillEasePro.Api)'
[19:35:48 INF] HTTP GET /api/v1/billing/customers/search responded 200 in 13.6089 ms
[19:35:48 INF] Request finished HTTP/1.1 GET http://localhost:5244/api/v1/billing/customers/search?shopId=10000000-0000-0000-0000-000000000001&term=CHandan%20manda - 200 null application/json; charset=utf-8 14.3687ms
[19:35:48 INF] Request starting HTTP/1.1 OPTIONS http://localhost:5244/api/v1/billing/customers/search?shopId=10000000-0000-0000-0000-000000000001&term=CHandan%20mandal - null null
[19:35:48 INF] CORS policy execution successful.
[19:35:48 INF] HTTP OPTIONS /api/v1/billing/customers/search responded 204 in 0.4339 ms
[19:35:48 INF] Request finished HTTP/1.1 OPTIONS http://localhost:5244/api/v1/billing/customers/search?shopId=10000000-0000-0000-0000-000000000001&term=CHandan%20mandal - 204 null null 1.5641ms
[19:35:48 INF] Request starting HTTP/1.1 GET http://localhost:5244/api/v1/billing/customers/search?shopId=10000000-0000-0000-0000-000000000001&term=CHandan%20mandal - null null
[19:35:48 INF] CORS policy execution successful.
[19:35:48 INF] Executing endpoint 'BillEasePro.Api.Controllers.BillingController.SearchCustomers (BillEasePro.Api)'
[19:35:48 INF] Route matched with {action = "SearchCustomers", controller = "Billing"}. Executing controller action with signature System.Threading.Tasks.Task`1[System.Collections.Generic.IReadOnlyList`1[BillEasePro.Application.Dtos.CustomerSearchResultDto]] SearchCustomers(System.Guid, System.String, System.Threading.CancellationToken) on controller BillEasePro.Api.Controllers.BillingController (BillEasePro.Api).
[19:35:48 INF] Executed DbCommand (5ms) [Parameters=[@__p_2='?' (DbType = Int32), @__request_ShopId_0='?' (DbType = Guid), @__term_1_contains='?' (Size = 4000), @__term_1_contains_1='?' (Size = 450)], CommandType='Text', CommandTimeout='30']
SELECT TOP(@__p_2) [c].[Id], [c].[Name], [c].[Phone], [c].[Email], [c].[LoyaltyPoints], [c].[OutstandingBalance], [c].[CreditLimit]
FROM [Customers] AS [c]
WHERE [c].[IsDeleted] = CAST(0 AS bit) AND [c].[ShopId] = @__request_ShopId_0 AND (LOWER([c].[Name]) LIKE @__term_1_contains ESCAPE N'\' OR ([c].[Phone] IS NOT NULL AND [c].[Phone] LIKE @__term_1_contains_1 ESCAPE N'\'))
ORDER BY [c].[Name]
[19:35:48 INF] Executing ObjectResult, writing value of type 'System.Collections.Generic.List`1[[BillEasePro.Application.Dtos.CustomerSearchResultDto, BillEasePro.Application, Version=1.0.0.0, Culture=neutral, PublicKeyToken=null]]'.
[19:35:48 INF] Executed action BillEasePro.Api.Controllers.BillingController.SearchCustomers (BillEasePro.Api) in 7.7335ms
[19:35:48 INF] Executed endpoint 'BillEasePro.Api.Controllers.BillingController.SearchCustomers (BillEasePro.Api)'
[19:35:48 INF] HTTP GET /api/v1/billing/customers/search responded 200 in 9.9610 ms
[19:35:48 INF] Request finished HTTP/1.1 GET http://localhost:5244/api/v1/billing/customers/search?shopId=10000000-0000-0000-0000-000000000001&term=CHandan%20mandal - 200 null application/json; charset=utf-8 10.6568ms
[19:35:52 INF] Request starting HTTP/1.1 OPTIONS http://localhost:5244/api/v1/billing/sales - null null
[19:35:52 INF] CORS policy execution successful.
[19:35:52 INF] HTTP OPTIONS /api/v1/billing/sales responded 204 in 0.4906 ms
[19:35:52 INF] Request finished HTTP/1.1 OPTIONS http://localhost:5244/api/v1/billing/sales - 204 null null 1.393ms
[19:35:52 INF] Request starting HTTP/1.1 POST http://localhost:5244/api/v1/billing/sales - application/json 610
[19:35:52 INF] CORS policy execution successful.
[19:35:52 INF] Executing endpoint 'BillEasePro.Api.Controllers.BillingController.CreateSaleInvoice (BillEasePro.Api)'
[19:35:52 INF] Route matched with {action = "CreateSaleInvoice", controller = "Billing"}. Executing controller action with signature System.Threading.Tasks.Task`1[BillEasePro.Application.Dtos.SaleInvoiceDetailDto] CreateSaleInvoice(BillEasePro.Application.Dtos.CreateSaleInvoiceRequest, System.Threading.CancellationToken) on controller BillEasePro.Api.Controllers.BillingController (BillEasePro.Api).
[19:35:52 INF] Executed DbCommand (29ms) [Parameters=[@__productIds_0='?' (Size = 4000)], CommandType='Text', CommandTimeout='30']
SELECT [p].[Id], [p].[Barcode], [p].[BatchTracking], [p].[Brand], [p].[CategoryId], [p].[Composition], [p].[CostPrice], [p].[CreatedAt], [p].[CreatedBy], [p].[DeletedAt], [p].[DeletedBy], [p].[ExpiryTracking], [p].[FoodType], [p].[HsnSacCode], [p].[ImageUrl], [p].[IsActive], [p].[IsDeleted], [p].[IsFeatured], [p].[IsStockTracked], [p].[IsTaxInclusive], [p].[LowStockThreshold], [p].[Manufacturer], [p].[MaxDiscountPercent], [p].[MaxStockThreshold], [p].[Mrp], [p].[Name], [p].[PortionSize], [p].[PreparationTimeMinutes], [p].[RecipeCost], [p].[ReorderQuantity], [p].[RequiresPrescription], [p].[SellingPrice], [p].[ShopId], [p].[Sku], [p].[SubCategory], [p].[TaxSlabId], [p].[UnitOfMeasureId], [p].[UpdatedAt], [p].[UpdatedBy], [p].[WholesalePrice], [t0].[Id], [t0].[CreatedAt], [t0].[CreatedBy], [t0].[DeletedAt], [t0].[DeletedBy], [t0].[IsActive], [t0].[IsDeleted], [t0].[Name], [t0].[Rate], [t0].[TaxRegime], [t0].[UpdatedAt], [t0].[UpdatedBy]
FROM [Products] AS [p]
INNER JOIN (
    SELECT [t].[Id], [t].[CreatedAt], [t].[CreatedBy], [t].[DeletedAt], [t].[DeletedBy], [t].[IsActive], [t].[IsDeleted], [t].[Name], [t].[Rate], [t].[TaxRegime], [t].[UpdatedAt], [t].[UpdatedBy]
    FROM [TaxSlabs] AS [t]
    WHERE [t].[IsDeleted] = CAST(0 AS bit)
) AS [t0] ON [p].[TaxSlabId] = [t0].[Id]
WHERE [p].[IsDeleted] = CAST(0 AS bit) AND [p].[Id] IN (
    SELECT [p0].[value]
    FROM OPENJSON(@__productIds_0) WITH ([value] uniqueidentifier '$') AS [p0]
)
[19:35:52 INF] Executed DbCommand (5ms) [Parameters=[@__id_0='?' (DbType = Guid)], CommandType='Text', CommandTimeout='30']
SELECT TOP(1) [s].[Id], [s].[AddressLine1], [s].[AddressLine2], [s].[City], [s].[Country], [s].[CreatedAt], [s].[CreatedBy], [s].[CurrencyCode], [s].[DeletedAt], [s].[DeletedBy], [s].[Email], [s].[IndustryType], [s].[IsDeleted], [s].[LegalName], [s].[LogoUrl], [s].[Name], [s].[Phone], [s].[PostalCode], [s].[State], [s].[TaxRegime], [s].[TaxRegistrationNumber], [s].[UpdatedAt], [s].[UpdatedBy]
FROM [Shops] AS [s]
WHERE [s].[IsDeleted] = CAST(0 AS bit) AND [s].[Id] = @__id_0
[19:35:52 INF] Executed action BillEasePro.Api.Controllers.BillingController.CreateSaleInvoice (BillEasePro.Api) in 62.7285ms
[19:35:52 INF] Executed endpoint 'BillEasePro.Api.Controllers.BillingController.CreateSaleInvoice (BillEasePro.Api)'
[19:35:52 ERR] Unhandled API exception
System.InvalidOperationException: Cannot create a DbSet for 'ShopSetting' because this type is not included in the model for the context.
   at Microsoft.EntityFrameworkCore.Internal.InternalDbSet`1.get_EntityType()
   at Microsoft.EntityFrameworkCore.Internal.InternalDbSet`1.get_EntityQueryable()
   at Microsoft.EntityFrameworkCore.Internal.InternalDbSet`1.System.Linq.IQueryable.get_Provider()
   at System.Linq.Queryable.Where[TSource](IQueryable`1 source, Expression`1 predicate)
   at BillEasePro.Application.Features.Billing.BillingCalculator.CalculateAsync(IRepository`1 products, IRepository`1 coupons, IRepository`1 shops, IRepository`1 settings, Guid shopId, IReadOnlyList`1 items, Nullable`1 billDiscountType, Decimal billDiscountValue, String couponCode, Boolean isInterstate, Decimal amountTendered, CancellationToken cancellationToken) in C:\Dev\Billing Sw\src\BillEasePro.Application\Features\Billing\BillOperationsCommands.cs:line 637
   at BillEasePro.Application.Features.Billing.CreateSaleInvoiceCommandHandler.Handle(CreateSaleInvoiceCommand request, CancellationToken cancellationToken) in C:\Dev\Billing Sw\src\BillEasePro.Application\Features\Billing\BillOperationsCommands.cs:line 221
   at BillEasePro.Application.Validation.ValidationBehavior`2.Handle(TRequest request, RequestHandlerDelegate`1 next, CancellationToken cancellationToken) in C:\Dev\Billing Sw\src\BillEasePro.Application\Validation\ValidationBehavior.cs:line 15
   at lambda_method1852(Closure, Object)
   at Microsoft.AspNetCore.Mvc.Infrastructure.ActionMethodExecutor.AwaitableObjectResultExecutor.Execute(ActionContext actionContext, IActionResultTypeMapper mapper, ObjectMethodExecutor executor, Object controller, Object[] arguments)
   at Microsoft.AspNetCore.Mvc.Infrastructure.ControllerActionInvoker.<InvokeActionMethodAsync>g__Awaited|12_0(ControllerActionInvoker invoker, ValueTask`1 actionResultValueTask)
   at Microsoft.AspNetCore.Mvc.Infrastructure.ControllerActionInvoker.<InvokeNextActionFilterAsync>g__Awaited|10_0(ControllerActionInvoker invoker, Task lastTask, State next, Scope scope, Object state, Boolean isCompleted)
   at Microsoft.AspNetCore.Mvc.Infrastructure.ControllerActionInvoker.Rethrow(ActionExecutedContextSealed context)
   at Microsoft.AspNetCore.Mvc.Infrastructure.ControllerActionInvoker.Next(State& next, Scope& scope, Object& state, Boolean& isCompleted)
   at Microsoft.AspNetCore.Mvc.Infrastructure.ControllerActionInvoker.<InvokeInnerFilterAsync>g__Awaited|13_0(ControllerActionInvoker invoker, Task lastTask, State next, Scope scope, Object state, Boolean isCompleted)
   at Microsoft.AspNetCore.Mvc.Infrastructure.ResourceInvoker.<InvokeFilterPipelineAsync>g__Awaited|20_0(ResourceInvoker invoker, Task lastTask, State next, Scope scope, Object state, Boolean isCompleted)
   at Microsoft.AspNetCore.Mvc.Infrastructure.ResourceInvoker.<InvokeAsync>g__Logged|17_1(ResourceInvoker invoker)
   at Microsoft.AspNetCore.Mvc.Infrastructure.ResourceInvoker.<InvokeAsync>g__Logged|17_1(ResourceInvoker invoker)
   at Microsoft.AspNetCore.Routing.EndpointMiddleware.<Invoke>g__AwaitRequestTask|7_0(Endpoint endpoint, Task requestTask, ILogger logger)
   at Microsoft.AspNetCore.Authorization.AuthorizationMiddleware.Invoke(HttpContext context)
   at Microsoft.AspNetCore.Authentication.AuthenticationMiddleware.Invoke(HttpContext context)
   at Swashbuckle.AspNetCore.SwaggerUI.SwaggerUIMiddleware.Invoke(HttpContext httpContext)
   at Swashbuckle.AspNetCore.Swagger.SwaggerMiddleware.Invoke(HttpContext httpContext, ISwaggerProvider swaggerProvider)
   at Program.<>c.<<<Main>$>b__0_9>d.MoveNext() in C:\Dev\Billing Sw\src\BillEasePro.Api\Program.cs:line 118
--- End of stack trace from previous location ---
   at BillEasePro.Api.Middleware.GlobalExceptionMiddleware.InvokeAsync(HttpContext context) in C:\Dev\Billing Sw\src\BillEasePro.Api\Middleware\GlobalExceptionMiddleware.cs:line 21
[19:35:52 INF] HTTP POST /api/v1/billing/sales responded 409 in 75.8576 ms
[19:35:52 INF] Request finished HTTP/1.1 POST http://localhost:5244/api/v1/billing/sales - 409 null application/json; charset=utf-8 76.6594ms
